id,value
07-01-2026 09:15||NIFTY27JAN2624100PE,0.1634278837826591
07-01-2026 09:15||NIFTY27JAN2625500CE,0.1137227842952307
07-01-2026 09:15||NIFTY27JAN2625800CE,0.101491744165375
07-01-2026 09:20||NIFTY27JAN2624000PE,0.1700451770549103
07-01-2026 09:20||NIFTY27JAN2624200PE,0.1597584917027856
07-01-2026 09:20||NIFTY27JAN2624800PE,0.1282157358619922
07-01-2026 09:20||NIFTY27JAN2625000PE,0.1185698999730664
07-01-2026 09:20||NIFTY27JAN2625300CE,0.0968514354056719
07-01-2026 09:20||NIFTY27JAN2625400CE,0.1073413265794955
07-01-2026 09:20||NIFTY27JAN2625800CE,0.1062946222474217
07-01-2026 09:20||NIFTY27JAN2625900CE,0.1023246618554321
07-01-2026 09:25||NIFTY27JAN2624300PE,0.1542196296003588
07-01-2026 09:25||NIFTY27JAN2625100PE,0.1128712375814708
07-01-2026 09:25||NIFTY27JAN2625300CE,0.0933086264916561
07-01-2026 09:25||NIFTY27JAN2626500CE,0.08455325142553
07-01-2026 09:30||NIFTY27JAN2623900PE,0.176889874447443
07-01-2026 09:30||NIFTY27JAN2624300PE,0.1522190534670454
07-01-2026 09:30||NIFTY27JAN2625900CE,0.1010403571313216
07-01-2026 09:30||NIFTY27JAN2626400CE,0.0898273484785077
07-01-2026 09:35||NIFTY27JAN2623900PE,0.1770848849077247
07-01-2026 09:35||NIFTY27JAN2624600PE,0.1372347255814592
07-01-2026 09:35||NIFTY27JAN2625100PE,0.1112134731163623
07-01-2026 09:35||NIFTY27JAN2625900CE,0.1021937451582045
07-01-2026 09:35||NIFTY27JAN2626100CE,0.0965353639733316
07-01-2026 09:40||NIFTY27JAN2625100PE,0.1137200399734932
07-01-2026 09:40||NIFTY27JAN2625600CE,0.0862870605521153
07-01-2026 09:40||NIFTY27JAN2625800CE,0.0863896664301157
07-01-2026 09:40||NIFTY27JAN2625900CE,0.0854430092081803
07-01-2026 09:40||NIFTY27JAN2626200CE,0.0834341889293284
07-01-2026 09:45||NIFTY27JAN2625000PE,0.1158247499726664
07-01-2026 09:45||NIFTY27JAN2625200CE,0.128520039708423
07-01-2026 09:45||NIFTY27JAN2625900CE,0.099830318521187
07-01-2026 09:45||NIFTY27JAN2626400CE,0.0894174810545823
07-01-2026 09:50||NIFTY27JAN2623800PE,0.1785669811817269
07-01-2026 09:50||NIFTY27JAN2624500PE,0.1412884897639586
07-01-2026 09:50||NIFTY27JAN2624900PE,0.1210300200534938
07-01-2026 09:50||NIFTY27JAN2625200CE,0.1320039209066675
07-01-2026 09:50||NIFTY27JAN2625500CE,0.1081001088222109
07-01-2026 09:50||NIFTY27JAN2625600CE,0.1064267925777884
07-01-2026 09:50||NIFTY27JAN2626400CE,0.0882176704489746
07-01-2026 09:55||NIFTY27JAN2624300PE,0.1515443106694175
07-01-2026 09:55||NIFTY27JAN2624700PE,0.1304952934957504
07-01-2026 09:55||NIFTY27JAN2625000PE,0.1151393599716264
07-01-2026 09:55||NIFTY27JAN2625500CE,0.1274655097667812
07-01-2026 09:55||NIFTY27JAN2625800CE,0.110261687042128
07-01-2026 09:55||NIFTY27JAN2625900CE,0.1072550503724599
07-01-2026 10:00||NIFTY27JAN2624600PE,0.1373644003773115
07-01-2026 10:00||NIFTY27JAN2625000PE,0.1173297199725864
07-01-2026 10:00||NIFTY27JAN2625900CE,0.0995360038510751
07-01-2026 10:00||NIFTY27JAN2626100CE,0.0950052873447916
07-01-2026 10:00||NIFTY27JAN2626500CE,0.0876057088983141
07-01-2026 10:05||NIFTY27JAN2625200CE,0.0515785343365643
07-01-2026 10:05||NIFTY27JAN2625500CE,0.1117023823462318
07-01-2026 10:05||NIFTY27JAN2626300CE,0.0939808650090478
07-01-2026 10:10||NIFTY27JAN2623800PE,0.1851764973800806
07-01-2026 10:10||NIFTY27JAN2623900PE,0.1790354280486781
07-01-2026 10:10||NIFTY27JAN2624200PE,0.1609077892214477
07-01-2026 10:10||NIFTY27JAN2625500CE,0.1006253101660469
07-01-2026 10:10||NIFTY27JAN2625600CE,0.1023837110769788
07-01-2026 10:10||NIFTY27JAN2625700CE,0.1041352566063353
07-01-2026 10:10||NIFTY27JAN2625900CE,0.1030625036887464
07-01-2026 10:10||NIFTY27JAN2626000CE,0.1002558648083139
07-01-2026 10:15||NIFTY27JAN2623900PE,0.1784511924429205
07-01-2026 10:15||NIFTY27JAN2625700CE,0.0926412062287247
07-01-2026 10:15||NIFTY27JAN2626100CE,0.0873393639425211
07-01-2026 10:15||NIFTY27JAN2626200CE,0.0863027073825516
07-01-2026 10:15||NIFTY27JAN2626500CE,0.0830342344146436
07-01-2026 10:20||NIFTY27JAN2624000PE,0.1722101666382134
07-01-2026 10:20||NIFTY27JAN2624200PE,0.1617229087668121
07-01-2026 10:20||NIFTY27JAN2624300PE,0.1559696406579144
07-01-2026 10:20||NIFTY27JAN2624500PE,0.1450794897667352
07-01-2026 10:20||NIFTY27JAN2625500CE,0.1152454705509944
07-01-2026 10:20||NIFTY27JAN2625700CE,0.1023893968604037
07-01-2026 10:20||NIFTY27JAN2626100CE,0.0910114846657287
07-01-2026 10:25||NIFTY27JAN2624000PE,0.1706649593727718
07-01-2026 10:25||NIFTY27JAN2624100PE,0.1654516861290927
07-01-2026 10:25||NIFTY27JAN2625600CE,0.0986993428126854
07-01-2026 10:25||NIFTY27JAN2625700CE,0.0959693704758334
07-01-2026 10:25||NIFTY27JAN2626100CE,0.0895520402226435
07-01-2026 10:30||NIFTY27JAN2624200PE,0.1592174999644261
07-01-2026 10:30||NIFTY27JAN2625100PE,0.110362674711044
07-01-2026 10:30||NIFTY27JAN2625500CE,0.1167428498669856
07-01-2026 10:30||NIFTY27JAN2625600CE,0.1115162365776341
07-01-2026 10:30||NIFTY27JAN2626000CE,0.0962258461436048
07-01-2026 10:30||NIFTY27JAN2626200CE,0.0921393303251644
07-01-2026 10:30||NIFTY27JAN2626300CE,0.0902160156002473
07-01-2026 10:35||NIFTY27JAN2623800PE,0.180829874271947
07-01-2026 10:35||NIFTY27JAN2624200PE,0.1589630061642137
07-01-2026 10:35||NIFTY27JAN2624500PE,0.1426629081296905
07-01-2026 10:35||NIFTY27JAN2625000PE,0.1162641699711197
07-01-2026 10:35||NIFTY27JAN2625400CE,0.1243896653914821
07-01-2026 10:35||NIFTY27JAN2625500CE,0.1166797447498221
07-01-2026 10:35||NIFTY27JAN2626100CE,0.0957047892592819
07-01-2026 10:35||NIFTY27JAN2626300CE,0.091166539915617
07-01-2026 10:40||NIFTY27JAN2623900PE,0.1774486610547813
07-01-2026 10:40||NIFTY27JAN2624900PE,0.1222793172403595
07-01-2026 10:40||NIFTY27JAN2625100PE,0.1116818776952507
07-01-2026 10:40||NIFTY27JAN2625200CE,0.1305442119793929
07-01-2026 10:40||NIFTY27JAN2625400CE,0.1172819979979074
07-01-2026 10:40||NIFTY27JAN2625600CE,0.1066020312297342
07-01-2026 10:40||NIFTY27JAN2625800CE,0.1000652325462024
07-01-2026 10:40||NIFTY27JAN2626100CE,0.0928108907945439
07-01-2026 10:40||NIFTY27JAN2626300CE,0.0890218726160384
07-01-2026 10:45||NIFTY27JAN2624000PE,0.1709532603826977
07-01-2026 10:45||NIFTY27JAN2625100PE,0.1111325549502463
07-01-2026 10:45||NIFTY27JAN2625300CE,0.1195101976029349
07-01-2026 10:45||NIFTY27JAN2626000CE,0.0946947115254228
07-01-2026 10:45||NIFTY27JAN2626400CE,0.0872970643869193
07-01-2026 10:50||NIFTY27JAN2623900PE,0.1764691213071703
07-01-2026 10:50||NIFTY27JAN2624200PE,0.1598930268254295
07-01-2026 10:50||NIFTY27JAN2625600CE,0.1131654491563138
07-01-2026 10:50||NIFTY27JAN2625800CE,0.1024184786908807
07-01-2026 10:55||NIFTY27JAN2624300PE,0.1556236110789654
07-01-2026 10:55||NIFTY27JAN2624900PE,0.1235790762758564
07-01-2026 10:55||NIFTY27JAN2625500CE,0.1030395588095829
07-01-2026 11:00||NIFTY27JAN2624200PE,0.1606632747600195
07-01-2026 11:00||NIFTY27JAN2626500CE,0.0895787334802026
07-01-2026 11:05||NIFTY27JAN2624300PE,0.1564288477051479
07-01-2026 11:05||NIFTY27JAN2624600PE,0.1403891869620896
07-01-2026 11:05||NIFTY27JAN2624800PE,0.1299246269880196
07-01-2026 11:05||NIFTY27JAN2625200CE,0.0181323361701427
07-01-2026 11:05||NIFTY27JAN2626000CE,0.095028971138982
07-01-2026 11:05||NIFTY27JAN2626200CE,0.0901366412132188
07-01-2026 11:10||NIFTY27JAN2624400PE,0.1492456454656159
07-01-2026 11:10||NIFTY27JAN2624800PE,0.1289448084401241
07-01-2026 11:10||NIFTY27JAN2625200CE,0.0828157027764584
07-01-2026 11:10||NIFTY27JAN2625500CE,0.112349225449764
07-01-2026 11:10||NIFTY27JAN2625700CE,0.1004174221598664
07-01-2026 11:10||NIFTY27JAN2625900CE,0.0942856756649315
07-01-2026 11:10||NIFTY27JAN2626300CE,0.0870068440988595
07-01-2026 11:15||NIFTY27JAN2624000PE,0.1710287083006604
07-01-2026 11:15||NIFTY27JAN2624800PE,0.1273700402955911
07-01-2026 11:15||NIFTY27JAN2625400CE,0.1188213484157635
07-01-2026 11:15||NIFTY27JAN2626100CE,0.0955352681876566
07-01-2026 11:15||NIFTY27JAN2626300CE,0.0910411501808377
07-01-2026 11:20||NIFTY27JAN2623800PE,0.1800363522490705
07-01-2026 11:20||NIFTY27JAN2624200PE,0.1598930474866455
07-01-2026 11:20||NIFTY27JAN2624900PE,0.12229897587398
07-01-2026 11:20||NIFTY27JAN2625300CE,0.1327289723293399
07-01-2026 11:20||NIFTY27JAN2625700CE,0.0996007198209404
07-01-2026 11:20||NIFTY27JAN2626000CE,0.0932710096055463
07-01-2026 11:25||NIFTY27JAN2623800PE,0.1792362683913827
07-01-2026 11:25||NIFTY27JAN2624400PE,0.1481543339865346
07-01-2026 11:25||NIFTY27JAN2624800PE,0.1265497177140719
07-01-2026 11:25||NIFTY27JAN2625300CE,0.138712084972647
07-01-2026 11:25||NIFTY27JAN2625700CE,0.1059778597715018
07-01-2026 11:25||NIFTY27JAN2625800CE,0.1028578832250107
07-01-2026 11:25||NIFTY27JAN2625900CE,0.0997499762504475
07-01-2026 11:25||NIFTY27JAN2626000CE,0.0966540458257169
07-01-2026 11:25||NIFTY27JAN2626200CE,0.0916162786169187
07-01-2026 11:30||NIFTY27JAN2624300PE,0.1540577106144719
07-01-2026 11:30||NIFTY27JAN2624400PE,0.1486377715563158
07-01-2026 11:35||NIFTY27JAN2624900PE,0.1225645883254255
07-01-2026 11:35||NIFTY27JAN2626300CE,0.0874374904882497
07-01-2026 11:40||NIFTY27JAN2624000PE,0.171064593719889
07-01-2026 11:40||NIFTY27JAN2624500PE,0.1429739081324672
07-01-2026 11:40||NIFTY27JAN2625200CE,0.1081767325342941
07-01-2026 11:40||NIFTY27JAN2625900CE,0.1005476930320383
07-01-2026 11:45||NIFTY27JAN2624000PE,0.1703990833017455
07-01-2026 11:45||NIFTY27JAN2625000PE,0.1157543699716531
07-01-2026 11:45||NIFTY27JAN2625500CE,0.1180220660608753
07-01-2026 11:45||NIFTY27JAN2625600CE,0.1125954548140231
07-01-2026 11:45||NIFTY27JAN2626400CE,0.0886570643869193
07-01-2026 11:50||NIFTY27JAN2624000PE,0.1702587708008412
07-01-2026 11:50||NIFTY27JAN2624600PE,0.1371339938721269
07-01-2026 11:50||NIFTY27JAN2625700CE,0.1043182587126188
07-01-2026 11:50||NIFTY27JAN2626400CE,0.0855930776469181
07-01-2026 11:55||NIFTY27JAN2623900PE,0.1756784936902762
07-01-2026 11:55||NIFTY27JAN2625200CE,0.1494646838305468
07-01-2026 11:55||NIFTY27JAN2625400CE,0.1242052361564987
07-01-2026 11:55||NIFTY27JAN2626100CE,0.0933101245091442
07-01-2026 11:55||NIFTY27JAN2626300CE,0.0891268821217648
07-01-2026 12:00||NIFTY27JAN2624300PE,0.1522233847408781
07-01-2026 12:00||NIFTY27JAN2624500PE,0.1412040305817869
07-01-2026 12:00||NIFTY27JAN2625500CE,0.1154765881668092
07-01-2026 12:00||NIFTY27JAN2625600CE,0.1103533071554997
07-01-2026 12:00||NIFTY27JAN2626400CE,0.0873172537813116
07-01-2026 12:05||NIFTY27JAN2624200PE,0.1577425371194795
07-01-2026 12:05||NIFTY27JAN2624300PE,0.1518992700308947
07-01-2026 12:05||NIFTY27JAN2625300CE,0.1482108595688607
07-01-2026 12:05||NIFTY27JAN2625900CE,0.1014775754908896
07-01-2026 12:05||NIFTY27JAN2626000CE,0.0982576073691581
07-01-2026 12:05||NIFTY27JAN2626300CE,0.0908366201861392
07-01-2026 12:05||NIFTY27JAN2626400CE,0.0890699704826344
07-01-2026 12:10||NIFTY27JAN2624000PE,0.1686040520516551
07-01-2026 12:10||NIFTY27JAN2625200CE,0.1678221784322227
07-01-2026 12:10||NIFTY27JAN2625600CE,0.1159568944979209
07-01-2026 12:10||NIFTY27JAN2626500CE,0.0872181285638247
07-01-2026 12:15||NIFTY27JAN2624300PE,0.1512235699265861
07-01-2026 12:15||NIFTY27JAN2625000PE,0.113962965993476
07-01-2026 12:15||NIFTY27JAN2625100PE,0.1082787146184688
07-01-2026 12:15||NIFTY27JAN2625300CE,0.1503060275534878
07-01-2026 12:15||NIFTY27JAN2625500CE,0.1223207727807934
07-01-2026 12:15||NIFTY27JAN2625600CE,0.1165641649040652
07-01-2026 12:20||NIFTY27JAN2624000PE,0.1682987916342349
07-01-2026 12:20||NIFTY27JAN2624400PE,0.1457144364458377
07-01-2026 12:20||NIFTY27JAN2625100PE,0.1101195609303021
07-01-2026 12:20||NIFTY27JAN2626100CE,0.0960455938589516
07-01-2026 12:25||NIFTY27JAN2624400PE,0.1459444364458378
07-01-2026 12:25||NIFTY27JAN2624600PE,0.13578972905092
07-01-2026 12:25||NIFTY27JAN2624700PE,0.130799783800501
07-01-2026 12:25||NIFTY27JAN2625300CE,0.135896472283773
07-01-2026 12:25||NIFTY27JAN2626300CE,0.0903315304098908
07-01-2026 12:30||NIFTY27JAN2623800PE,0.1794299214983517
07-01-2026 12:30||NIFTY27JAN2624000PE,0.16823350204166
07-01-2026 12:30||NIFTY27JAN2624100PE,0.1626702328321328
07-01-2026 12:30||NIFTY27JAN2624500PE,0.1415142192069463
07-01-2026 12:30||NIFTY27JAN2624600PE,0.1360109467483322
07-01-2026 12:30||NIFTY27JAN2625200CE,0.1361568317270818
07-01-2026 12:30||NIFTY27JAN2626300CE,0.091681074135027
07-01-2026 12:35||NIFTY27JAN2625100PE,0.1099807585382798
07-01-2026 12:35||NIFTY27JAN2625300CE,0.1311124970701991
07-01-2026 12:35||NIFTY27JAN2625400CE,0.1233059113920629
07-01-2026 12:35||NIFTY27JAN2626300CE,0.0913307889632372
07-01-2026 12:35||NIFTY27JAN2626500CE,0.0869175694270843
07-01-2026 12:40||NIFTY27JAN2625100PE,0.1108700399734933
07-01-2026 12:40||NIFTY27JAN2625700CE,0.0991727431723496
07-01-2026 12:45||NIFTY27JAN2623800PE,0.1774997872477308
07-01-2026 12:45||NIFTY27JAN2624000PE,0.1663834687166338
07-01-2026 12:45||NIFTY27JAN2624900PE,0.1194297724487756
07-01-2026 12:45||NIFTY27JAN2625000PE,0.1143898264251127
07-01-2026 12:45||NIFTY27JAN2625800CE,0.1024667150955347
07-01-2026 12:45||NIFTY27JAN2626400CE,0.0878123579482273
07-01-2026 12:50||NIFTY27JAN2624400PE,0.1453480737371049
07-01-2026 12:50||NIFTY27JAN2624700PE,0.1292150303371368
07-01-2026 12:50||NIFTY27JAN2625100PE,0.1086411178206731
07-01-2026 12:50||NIFTY27JAN2626300CE,0.0907214733755328
07-01-2026 12:55||NIFTY27JAN2623800PE,0.1795134827050037
07-01-2026 12:55||NIFTY27JAN2623900PE,0.1736144259580899
07-01-2026 12:55||NIFTY27JAN2625100PE,0.1083020759070552
07-01-2026 12:55||NIFTY27JAN2625200CE,0.1258707647931579
07-01-2026 12:55||NIFTY27JAN2625300CE,0.1241069033709262
07-01-2026 13:00||NIFTY27JAN2624000PE,0.1685429270483998
07-01-2026 13:00||NIFTY27JAN2624400PE,0.145748647509203
07-01-2026 13:00||NIFTY27JAN2624600PE,0.1348541158236823
07-01-2026 13:00||NIFTY27JAN2625300CE,0.1294235967952338
07-01-2026 13:00||NIFTY27JAN2625800CE,0.1050908526902746
07-01-2026 13:05||NIFTY27JAN2623900PE,0.1741484936902762
07-01-2026 13:05||NIFTY27JAN2624700PE,0.1298793117116919
07-01-2026 13:05||NIFTY27JAN2625200CE,0.1173758014560511
07-01-2026 13:05||NIFTY27JAN2625400CE,0.1171047342512819
07-01-2026 13:05||NIFTY27JAN2626100CE,0.0938947317878769
07-01-2026 13:10||NIFTY27JAN2624400PE,0.1460483196394326
07-01-2026 13:10||NIFTY27JAN2624700PE,0.1303097975429785
07-01-2026 13:10||NIFTY27JAN2625400CE,0.1171690256009507
07-01-2026 13:10||NIFTY27JAN2625900CE,0.097759604233698
07-01-2026 13:10||NIFTY27JAN2626400CE,0.0869027556764512
07-01-2026 13:15||NIFTY27JAN2624600PE,0.1349495121662374
07-01-2026 13:15||NIFTY27JAN2625400CE,0.1193459125036815
07-01-2026 13:15||NIFTY27JAN2625500CE,0.1166126073043036
07-01-2026 13:15||NIFTY27JAN2625700CE,0.1093256533850935
07-01-2026 13:15||NIFTY27JAN2625800CE,0.1047790324327509
07-01-2026 13:15||NIFTY27JAN2626400CE,0.0880525094637412
07-01-2026 13:20||NIFTY27JAN2624000PE,0.1675843437191656
07-01-2026 13:20||NIFTY27JAN2624500PE,0.140064234663986
07-01-2026 13:20||NIFTY27JAN2624800PE,0.1246715885654254
07-01-2026 13:20||NIFTY27JAN2624900PE,0.1195438951403401
07-01-2026 13:20||NIFTY27JAN2625000PE,0.1144367536478457
07-01-2026 13:20||NIFTY27JAN2626300CE,0.087457091247744
07-01-2026 13:25||NIFTY27JAN2624200PE,0.1555184090579223
07-01-2026 13:25||NIFTY27JAN2624600PE,0.1334386322260199
07-01-2026 13:25||NIFTY27JAN2624700PE,0.128178689938003
07-01-2026 13:25||NIFTY27JAN2625100PE,0.1080493214087066
07-01-2026 13:25||NIFTY27JAN2626300CE,0.0889877714474045
07-01-2026 13:25||NIFTY27JAN2626400CE,0.0869632553556824
07-01-2026 13:25||NIFTY27JAN2626500CE,0.0849463934073398
07-01-2026 13:30||NIFTY27JAN2624000PE,0.1661936353837827
07-01-2026 13:30||NIFTY27JAN2624400PE,0.1441832479179204
07-01-2026 13:30||NIFTY27JAN2624600PE,0.1330390040347566
07-01-2026 13:30||NIFTY27JAN2624900PE,0.1176398192497411
07-01-2026 13:30||NIFTY27JAN2625300CE,0.1393519861581604
07-01-2026 13:30||NIFTY27JAN2625700CE,0.1091527348306044
07-01-2026 13:30||NIFTY27JAN2625800CE,0.1047127794724516
07-01-2026 13:30||NIFTY27JAN2626500CE,0.0869062760074184
07-01-2026 13:35||NIFTY27JAN2623900PE,0.1727028556131007
07-01-2026 13:35||NIFTY27JAN2624200PE,0.1555874121010073
07-01-2026 13:35||NIFTY27JAN2624300PE,0.1501174741133475
07-01-2026 13:35||NIFTY27JAN2625100PE,0.1072203194153546
07-01-2026 13:35||NIFTY27JAN2625200CE,0.1643402713038949
07-01-2026 13:35||NIFTY27JAN2625300CE,0.1498766076415948
07-01-2026 13:40||NIFTY27JAN2624300PE,0.1497344958551253
07-01-2026 13:40||NIFTY27JAN2625000PE,0.1126393199715197
07-01-2026 13:40||NIFTY27JAN2625700CE,0.1088605252679204
07-01-2026 13:40||NIFTY27JAN2626100CE,0.0949345019022569
07-01-2026 13:45||NIFTY27JAN2623900PE,0.1724975941060616
07-01-2026 13:45||NIFTY27JAN2624200PE,0.1552687189761598
07-01-2026 13:45||NIFTY27JAN2624600PE,0.1328484959032757
07-01-2026 13:45||NIFTY27JAN2625200CE,0.1440285292575713
07-01-2026 13:45||NIFTY27JAN2625400CE,0.1309972243764449
07-01-2026 13:50||NIFTY27JAN2623800PE,0.1786867375260291
07-01-2026 13:50||NIFTY27JAN2623900PE,0.1728461754873471
07-01-2026 13:50||NIFTY27JAN2624100PE,0.1612380082643439
07-01-2026 13:55||NIFTY27JAN2624400PE,0.1443034528365269
07-01-2026 13:55||NIFTY27JAN2625100PE,0.1076798004518975
07-01-2026 13:55||NIFTY27JAN2625300CE,0.1334437845818155
07-01-2026 13:55||NIFTY27JAN2625800CE,0.1078948546257601
07-01-2026 13:55||NIFTY27JAN2626400CE,0.0895867992347701
07-01-2026 14:00||NIFTY27JAN2623800PE,0.1759380324952338
07-01-2026 14:00||NIFTY27JAN2623900PE,0.171279290243825
07-01-2026 14:00||NIFTY27JAN2625400CE,0.1209452523103014
07-01-2026 14:00||NIFTY27JAN2625500CE,0.1146553170527083
07-01-2026 14:00||NIFTY27JAN2625900CE,0.1025280019131147
07-01-2026 14:00||NIFTY27JAN2626200CE,0.0927207156384526
07-01-2026 14:05||NIFTY27JAN2624000PE,0.1669507708066283
07-01-2026 14:05||NIFTY27JAN2624200PE,0.1564925516174656
07-01-2026 14:05||NIFTY27JAN2624400PE,0.1450639241493217
07-01-2026 14:05||NIFTY27JAN2625900CE,0.0995339591977215
07-01-2026 14:05||NIFTY27JAN2626000CE,0.0962406584686628
07-01-2026 14:05||NIFTY27JAN2626300CE,0.0890363117781852
07-01-2026 14:10||NIFTY27JAN2623800PE,0.1761428109433078
07-01-2026 14:10||NIFTY27JAN2624000PE,0.1672557812233251
07-01-2026 14:10||NIFTY27JAN2624700PE,0.1296394736554542
07-01-2026 14:10||NIFTY27JAN2626100CE,0.0925175026068496
07-01-2026 14:10||NIFTY27JAN2626200CE,0.0901241926066627
07-01-2026 14:10||NIFTY27JAN2626400CE,0.0864124905243019
07-01-2026 14:15||NIFTY27JAN2625200CE,0.126864910956081
07-01-2026 14:15||NIFTY27JAN2625600CE,0.107427763653472
07-01-2026 14:15||NIFTY27JAN2625900CE,0.095695849410537
07-01-2026 14:15||NIFTY27JAN2626200CE,0.0892017270912899
07-01-2026 14:20||NIFTY27JAN2623800PE,0.1741126625108186
07-01-2026 14:20||NIFTY27JAN2624500PE,0.1393634387434089
07-01-2026 14:20||NIFTY27JAN2625400CE,0.1200242617832831
07-01-2026 14:20||NIFTY27JAN2625700CE,0.1051042801412086
07-01-2026 14:20||NIFTY27JAN2626300CE,0.0880966159614276
07-01-2026 14:25||NIFTY27JAN2623900PE,0.1725555752863081
07-01-2026 14:25||NIFTY27JAN2625400CE,0.1193775983931591
07-01-2026 14:25||NIFTY27JAN2625700CE,0.1070052820766452
07-01-2026 14:25||NIFTY27JAN2625900CE,0.0994801061654471
07-01-2026 14:25||NIFTY27JAN2626300CE,0.0893413783182695
07-01-2026 14:30||NIFTY27JAN2624800PE,0.1239401411023159
07-01-2026 14:30||NIFTY27JAN2625100PE,0.1086607984585457
07-01-2026 14:30||NIFTY27JAN2625300CE,0.115560681806938
07-01-2026 14:30||NIFTY27JAN2626300CE,0.0863326140626919
07-01-2026 14:35||NIFTY27JAN2624000PE,0.1663374992927097
07-01-2026 14:35||NIFTY27JAN2624100PE,0.1617342190180799
07-01-2026 14:35||NIFTY27JAN2624400PE,0.1451943339865345
07-01-2026 14:35||NIFTY27JAN2624700PE,0.1290346457207015
07-01-2026 14:35||NIFTY27JAN2625000PE,0.1130946299723465
07-01-2026 14:35||NIFTY27JAN2626400CE,0.0878491840828087
07-01-2026 14:35||NIFTY27JAN2626500CE,0.0854474828033165
07-01-2026 14:40||NIFTY27JAN2623800PE,0.1768072746836335
07-01-2026 14:40||NIFTY27JAN2624100PE,0.1631538277687704
07-01-2026 14:40||NIFTY27JAN2625100PE,0.1073530739137031
07-01-2026 14:40||NIFTY27JAN2625400CE,0.1215621653599246
07-01-2026 14:40||NIFTY27JAN2626200CE,0.0921010400667211
07-01-2026 14:45||NIFTY27JAN2623800PE,0.17795916220948
07-01-2026 14:45||NIFTY27JAN2624000PE,0.1686403333053625
07-01-2026 14:45||NIFTY27JAN2624200PE,0.157837272691052
07-01-2026 14:45||NIFTY27JAN2624500PE,0.1407134387434088
07-01-2026 14:45||NIFTY27JAN2624900PE,0.1194842469590461
07-01-2026 14:50||NIFTY27JAN2623900PE,0.1723966003939017
07-01-2026 14:50||NIFTY27JAN2624900PE,0.118639056195481
07-01-2026 14:50||NIFTY27JAN2625600CE,0.1177399023180702
07-01-2026 14:50||NIFTY27JAN2626400CE,0.0889283491661899
07-01-2026 14:50||NIFTY27JAN2626500CE,0.0867449843666515
07-01-2026 14:55||NIFTY27JAN2624100PE,0.1640891078525615
07-01-2026 14:55||NIFTY27JAN2624300PE,0.1526372427623462
07-01-2026 14:55||NIFTY27JAN2624600PE,0.1353079064707582
07-01-2026 14:55||NIFTY27JAN2625900CE,0.0983894497931599
07-01-2026 14:55||NIFTY27JAN2626300CE,0.0883215304098907
07-01-2026 15:00||NIFTY27JAN2623900PE,0.1738658054125026
07-01-2026 15:00||NIFTY27JAN2625100PE,0.1098111178206731
07-01-2026 15:00||NIFTY27JAN2625700CE,0.1007806517400004
07-01-2026 15:00||NIFTY27JAN2626000CE,0.0924358461436048
07-01-2026 15:00||NIFTY27JAN2626400CE,0.0857725094637412
07-01-2026 15:05||NIFTY27JAN2624200PE,0.1587951652470379
07-01-2026 15:05||NIFTY27JAN2624500PE,0.1421040918064466
07-01-2026 15:05||NIFTY27JAN2625400CE,0.1109263877988607
07-01-2026 15:05||NIFTY27JAN2626000CE,0.0921257692203382
07-01-2026 15:05||NIFTY27JAN2626400CE,0.0853628124947689
07-01-2026 15:10||NIFTY27JAN2623800PE,0.1788225595449502
07-01-2026 15:10||NIFTY27JAN2624000PE,0.1700158645568996
07-01-2026 15:10||NIFTY27JAN2624400PE,0.1486906983736684
07-01-2026 15:10||NIFTY27JAN2624500PE,0.1431640933409138
07-01-2026 15:10||NIFTY27JAN2626500CE,0.0841361247783239
07-01-2026 15:15||NIFTY27JAN2624200PE,0.1600541631922999
07-01-2026 15:15||NIFTY27JAN2624900PE,0.1220639457534171
07-01-2026 15:15||NIFTY27JAN2625100PE,0.1110979862241271
07-01-2026 15:15||NIFTY27JAN2625600CE,0.0942458593644697
07-01-2026 15:20||NIFTY27JAN2624100PE,0.165927468843709
07-01-2026 15:20||NIFTY27JAN2625900CE,0.0927605501819943
07-01-2026 15:20||NIFTY27JAN2626300CE,0.086072994291745
07-01-2026 15:25||NIFTY27JAN2624700PE,0.1317339169737715
07-01-2026 15:25||NIFTY27JAN2625500CE,0.1059771568298265
07-01-2026 15:25||NIFTY27JAN2626100CE,0.0894703160804942
07-01-2026 15:25||NIFTY27JAN2626400CE,0.0839558444163327
07-01-2026 15:25||NIFTY27JAN2626500CE,0.0824274890566558
08-01-2026 09:15||NIFTY27JAN2624100PE,0.1650032261072927
08-01-2026 09:15||NIFTY27JAN2624300PE,0.1536583333004037
08-01-2026 09:15||NIFTY27JAN2625100PE,0.1092407984585456
08-01-2026 09:15||NIFTY27JAN2625300CE,0.1041851580380828
08-01-2026 09:15||NIFTY27JAN2626300CE,0.0875983460036191
08-01-2026 09:20||NIFTY27JAN2623800PE,0.1820099162007908
08-01-2026 09:20||NIFTY27JAN2624100PE,0.1659013588820176
08-01-2026 09:20||NIFTY27JAN2624800PE,0.1258259412170267
08-01-2026 09:20||NIFTY27JAN2624900PE,0.1206826634109096
08-01-2026 09:20||NIFTY27JAN2625300CE,0.0941794959810231
08-01-2026 09:20||NIFTY27JAN2625900CE,0.086809410481078
08-01-2026 09:20||NIFTY27JAN2626000CE,0.0857927538794961
08-01-2026 09:20||NIFTY27JAN2626400CE,0.0817037571247854
08-01-2026 09:20||NIFTY27JAN2626500CE,0.0807212429649931
08-01-2026 09:25||NIFTY27JAN2623900PE,0.1770834204683053
08-01-2026 09:25||NIFTY27JAN2624100PE,0.1652037524163941
08-01-2026 09:25||NIFTY27JAN2624200PE,0.1588738247739297
08-01-2026 09:25||NIFTY27JAN2625300CE,0.1074852569046458
08-01-2026 09:25||NIFTY27JAN2626200CE,0.0838340171731862
08-01-2026 09:25||NIFTY27JAN2626400CE,0.0828290719674777
08-01-2026 09:30||NIFTY27JAN2624100PE,0.1630872406272865
08-01-2026 09:30||NIFTY27JAN2624700PE,0.1289607224501632
08-01-2026 09:30||NIFTY27JAN2624800PE,0.123832250118866
08-01-2026 09:30||NIFTY27JAN2624900PE,0.1187244155590006
08-01-2026 09:30||NIFTY27JAN2625000PE,0.1136370533368626
08-01-2026 09:30||NIFTY27JAN2626200CE,0.0878956134526546
08-01-2026 09:30||NIFTY27JAN2626300CE,0.086745624579004
08-01-2026 09:35||NIFTY27JAN2623900PE,0.1732703556203952
08-01-2026 09:35||NIFTY27JAN2624100PE,0.162497219880339
08-01-2026 09:35||NIFTY27JAN2624400PE,0.1454575819324494
08-01-2026 09:35||NIFTY27JAN2625300CE,0.1345115425496069
08-01-2026 09:35||NIFTY27JAN2625400CE,0.128994933114374
08-01-2026 09:35||NIFTY27JAN2626100CE,0.0963773111571319
08-01-2026 09:35||NIFTY27JAN2626200CE,0.0939340016444063
08-01-2026 09:35||NIFTY27JAN2626500CE,0.0885056710910406
08-01-2026 09:40||NIFTY27JAN2623800PE,0.1812510482795727
08-01-2026 09:40||NIFTY27JAN2624800PE,0.1253338016493254
08-01-2026 09:40||NIFTY27JAN2624900PE,0.1201585136101333
08-01-2026 09:40||NIFTY27JAN2625000PE,0.1150039682640202
08-01-2026 09:40||NIFTY27JAN2625200CE,0.0369408313200816
08-01-2026 09:40||NIFTY27JAN2625700CE,0.0939819747005372
08-01-2026 09:40||NIFTY27JAN2626200CE,0.08606845419472
08-01-2026 09:40||NIFTY27JAN2626400CE,0.0843232291624319
08-01-2026 09:45||NIFTY27JAN2624200PE,0.1593060330181025
08-01-2026 09:45||NIFTY27JAN2624600PE,0.1353333434638317
08-01-2026 09:45||NIFTY27JAN2625400CE,0.1025773425386533
08-01-2026 09:45||NIFTY27JAN2625900CE,0.0933680501882057
08-01-2026 09:45||NIFTY27JAN2626500CE,0.0844451795964837
08-01-2026 09:50||NIFTY27JAN2624400PE,0.1462484220987358
08-01-2026 09:50||NIFTY27JAN2625100PE,0.1091304790964181
08-01-2026 09:50||NIFTY27JAN2625500CE,0.1183432265492409
08-01-2026 09:50||NIFTY27JAN2625600CE,0.1140632702587259
08-01-2026 09:50||NIFTY27JAN2626400CE,0.08897704544748
08-01-2026 09:55||NIFTY27JAN2624200PE,0.160086921450383
08-01-2026 09:55||NIFTY27JAN2624600PE,0.137093201187017
08-01-2026 09:55||NIFTY27JAN2625000PE,0.1157914028630298
08-01-2026 09:55||NIFTY27JAN2625100PE,0.1104940377072641
08-01-2026 09:55||NIFTY27JAN2625300CE,0.1144311264591084
08-01-2026 09:55||NIFTY27JAN2626000CE,0.0900867499919871
08-01-2026 09:55||NIFTY27JAN2626200CE,0.0872427957961748
08-01-2026 10:00||NIFTY27JAN2624600PE,0.1363677641939434
08-01-2026 10:00||NIFTY27JAN2625900CE,0.0894898551995726
08-01-2026 10:00||NIFTY27JAN2626100CE,0.0857090576229729
08-01-2026 10:00||NIFTY27JAN2626200CE,0.0845924018429415
08-01-2026 10:05||NIFTY27JAN2624800PE,0.1248745866653296
08-01-2026 10:05||NIFTY27JAN2625500CE,0.1013269019528436
08-01-2026 10:05||NIFTY27JAN2625800CE,0.0912702809959361
08-01-2026 10:05||NIFTY27JAN2626000CE,0.0877128365331275
08-01-2026 10:05||NIFTY27JAN2626500CE,0.083062570894605
08-01-2026 10:10||NIFTY27JAN2624100PE,0.1634920642782327
08-01-2026 10:10||NIFTY27JAN2625000PE,0.1124426052710652
08-01-2026 10:10||NIFTY27JAN2625100PE,0.1068476353312676
08-01-2026 10:10||NIFTY27JAN2625200CE,0.1623887329308578
08-01-2026 10:10||NIFTY27JAN2625600CE,0.108692695293923
08-01-2026 10:10||NIFTY27JAN2625800CE,0.1005564825368129
08-01-2026 10:10||NIFTY27JAN2626400CE,0.0863174810545823
08-01-2026 10:15||NIFTY27JAN2625100PE,0.1091704391761522
08-01-2026 10:15||NIFTY27JAN2625700CE,0.0938548713932807
08-01-2026 10:15||NIFTY27JAN2625800CE,0.0908215685585067
08-01-2026 10:15||NIFTY27JAN2626500CE,0.0823632136182563
08-01-2026 10:20||NIFTY27JAN2625200CE,0.1158327326803968
08-01-2026 10:20||NIFTY27JAN2626400CE,0.0863727556764512
08-01-2026 10:25||NIFTY27JAN2623900PE,0.1738312704658466
08-01-2026 10:25||NIFTY27JAN2624000PE,0.168554665127779
08-01-2026 10:25||NIFTY27JAN2624400PE,0.1455490778382765
08-01-2026 10:25||NIFTY27JAN2624800PE,0.1234843044065003
08-01-2026 10:25||NIFTY27JAN2625000PE,0.1129169153073669
08-01-2026 10:25||NIFTY27JAN2625100PE,0.1076648809090502
08-01-2026 10:25||NIFTY27JAN2625200CE,0.1265529307528951
08-01-2026 10:25||NIFTY27JAN2625500CE,0.1111226466200519
08-01-2026 10:25||NIFTY27JAN2625600CE,0.1073102731350971
08-01-2026 10:25||NIFTY27JAN2625700CE,0.1035127627423898
08-01-2026 10:25||NIFTY27JAN2626100CE,0.0922362068872713
08-01-2026 10:25||NIFTY27JAN2626500CE,0.0862243478364645
08-01-2026 10:30||NIFTY27JAN2623800PE,0.1777370253234404
08-01-2026 10:30||NIFTY27JAN2624000PE,0.1691010416407453
08-01-2026 10:30||NIFTY27JAN2624400PE,0.1458831033733122
08-01-2026 10:30||NIFTY27JAN2624500PE,0.1401298342016992
08-01-2026 10:30||NIFTY27JAN2626000CE,0.0946162884523876
08-01-2026 10:30||NIFTY27JAN2626400CE,0.0870674003973046
08-01-2026 10:30||NIFTY27JAN2626500CE,0.0851321452340776
08-01-2026 10:35||NIFTY27JAN2624000PE,0.1695310624741389
08-01-2026 10:35||NIFTY27JAN2624200PE,0.1584760330181024
08-01-2026 10:35||NIFTY27JAN2625800CE,0.0950135658753626
08-01-2026 10:35||NIFTY27JAN2626300CE,0.0867776615913236
08-01-2026 10:35||NIFTY27JAN2626500CE,0.084326979862444
08-01-2026 10:40||NIFTY27JAN2624000PE,0.1674785624669051
08-01-2026 10:40||NIFTY27JAN2624300PE,0.1507324793885285
08-01-2026 10:40||NIFTY27JAN2625000PE,0.1127455499747998
08-01-2026 10:40||NIFTY27JAN2625500CE,0.1134133038915899
08-01-2026 10:40||NIFTY27JAN2625900CE,0.0962303957414561
08-01-2026 10:40||NIFTY27JAN2626100CE,0.0920114846657287
08-01-2026 10:40||NIFTY27JAN2626300CE,0.0888416001404823
08-01-2026 10:40||NIFTY27JAN2626400CE,0.0875082796095354
08-01-2026 10:45||NIFTY27JAN2623900PE,0.1735044664964619
08-01-2026 10:45||NIFTY27JAN2624200PE,0.1573623450053074
08-01-2026 10:45||NIFTY27JAN2625200CE,0.1329714508465715
08-01-2026 10:45||NIFTY27JAN2625300CE,0.1243537278979537
08-01-2026 10:45||NIFTY27JAN2625600CE,0.1044445898299912
08-01-2026 10:45||NIFTY27JAN2626400CE,0.0859858823670881
08-01-2026 10:45||NIFTY27JAN2626500CE,0.0844476026219588
08-01-2026 10:50||NIFTY27JAN2623900PE,0.1731892049894228
08-01-2026 10:50||NIFTY27JAN2625500CE,0.1021267940966143
08-01-2026 10:50||NIFTY27JAN2625800CE,0.0962490213028595
08-01-2026 10:50||NIFTY27JAN2626100CE,0.0906723084225334
08-01-2026 10:50||NIFTY27JAN2626500CE,0.0851046881019269
08-01-2026 10:55||NIFTY27JAN2624000PE,0.167314218718804
08-01-2026 10:55||NIFTY27JAN2624700PE,0.1287541985535708
08-01-2026 10:55||NIFTY27JAN2624800PE,0.1232009256592548
08-01-2026 10:55||NIFTY27JAN2625100PE,0.1099454491429122
08-01-2026 10:55||NIFTY27JAN2625400CE,0.1199493011147133
08-01-2026 10:55||NIFTY27JAN2625600CE,0.1042247460803885
08-01-2026 11:00||NIFTY27JAN2623800PE,0.1763609213834208
08-01-2026 11:00||NIFTY27JAN2623900PE,0.1714802922760613
08-01-2026 11:00||NIFTY27JAN2624000PE,0.166620041637672
08-01-2026 11:00||NIFTY27JAN2624300PE,0.1505368106623611
08-01-2026 11:00||NIFTY27JAN2624600PE,0.1343689430589789
08-01-2026 11:00||NIFTY27JAN2625000PE,0.1139611623814228
08-01-2026 11:00||NIFTY27JAN2625100PE,0.1087233181824633
08-01-2026 11:00||NIFTY27JAN2626200CE,0.0901471755656613
08-01-2026 11:00||NIFTY27JAN2626500CE,0.0865540075710021
08-01-2026 11:05||NIFTY27JAN2623800PE,0.1835523690673905
08-01-2026 11:05||NIFTY27JAN2624200PE,0.1556483883967064
08-01-2026 11:05||NIFTY27JAN2624400PE,0.144769221281301
08-01-2026 11:05||NIFTY27JAN2624800PE,0.123974909246849
08-01-2026 11:05||NIFTY27JAN2625400CE,0.1206328936565956
08-01-2026 11:05||NIFTY27JAN2626000CE,0.0944560961442212
08-01-2026 11:05||NIFTY27JAN2626200CE,0.0910045835676257
08-01-2026 11:05||NIFTY27JAN2626300CE,0.0895845973062484
08-01-2026 11:10||NIFTY27JAN2624000PE,0.1672771457961391
08-01-2026 11:10||NIFTY27JAN2624200PE,0.1554833780660985
08-01-2026 11:10||NIFTY27JAN2624400PE,0.1450451331690996
08-01-2026 11:10||NIFTY27JAN2624600PE,0.135286625915405
08-01-2026 11:10||NIFTY27JAN2624700PE,0.130353346709914
08-01-2026 11:10||NIFTY27JAN2625200CE,0.1483786338424304
08-01-2026 11:10||NIFTY27JAN2625600CE,0.1044318945106366
08-01-2026 11:10||NIFTY27JAN2625900CE,0.0961206237400191
08-01-2026 11:10||NIFTY27JAN2626000CE,0.0936906477972218
08-01-2026 11:15||NIFTY27JAN2624100PE,0.1648010687072996
08-01-2026 11:15||NIFTY27JAN2624200PE,0.1586278059406623
08-01-2026 11:15||NIFTY27JAN2624900PE,0.1210597590086154
08-01-2026 11:15||NIFTY27JAN2625200CE,0.1381209110500041
08-01-2026 11:15||NIFTY27JAN2626200CE,0.0900379389262934
08-01-2026 11:15||NIFTY27JAN2626400CE,0.0879931723441143
08-01-2026 11:20||NIFTY27JAN2624300PE,0.154329176924184
08-01-2026 11:20||NIFTY27JAN2625700CE,0.0972716050497989
08-01-2026 11:20||NIFTY27JAN2626400CE,0.0882944781891381
08-01-2026 11:20||NIFTY27JAN2626500CE,0.0871234007057494
08-01-2026 11:25||NIFTY27JAN2623800PE,0.1773363103202266
08-01-2026 11:25||NIFTY27JAN2624300PE,0.153731073626826
08-01-2026 11:25||NIFTY27JAN2624400PE,0.1475078102679221
08-01-2026 11:25||NIFTY27JAN2624700PE,0.1310037752729793
08-01-2026 11:25||NIFTY27JAN2625400CE,0.1303321455973336
08-01-2026 11:25||NIFTY27JAN2626200CE,0.0940621660236534
08-01-2026 11:30||NIFTY27JAN2623800PE,0.178426058747164
08-01-2026 11:30||NIFTY27JAN2624100PE,0.1648590069788593
08-01-2026 11:30||NIFTY27JAN2624200PE,0.1589924073734155
08-01-2026 11:30||NIFTY27JAN2625200CE,0.1561177685473533
08-01-2026 11:30||NIFTY27JAN2625400CE,0.1329480215856339
08-01-2026 11:30||NIFTY27JAN2625500CE,0.1214314734589865
08-01-2026 11:30||NIFTY27JAN2625800CE,0.1024334108362147
08-01-2026 11:30||NIFTY27JAN2626000CE,0.0972899657954343
08-01-2026 11:30||NIFTY27JAN2626100CE,0.0955466495889914
08-01-2026 11:35||NIFTY27JAN2623800PE,0.1792584906201028
08-01-2026 11:35||NIFTY27JAN2624100PE,0.1643123547354976
08-01-2026 11:35||NIFTY27JAN2624400PE,0.1463302478587897
08-01-2026 11:35||NIFTY27JAN2624500PE,0.1406936440527655
08-01-2026 11:35||NIFTY27JAN2624700PE,0.1299947266925827
08-01-2026 11:35||NIFTY27JAN2624900PE,0.1195842871197966
08-01-2026 11:35||NIFTY27JAN2625200CE,0.1236688662977834
08-01-2026 11:35||NIFTY27JAN2625300CE,0.1220662722055843
08-01-2026 11:35||NIFTY27JAN2626500CE,0.0899753686328518
08-01-2026 11:40||NIFTY27JAN2624100PE,0.1650150793084564
08-01-2026 11:40||NIFTY27JAN2624200PE,0.1590051480081069
08-01-2026 11:40||NIFTY27JAN2624400PE,0.1471479917696622
08-01-2026 11:40||NIFTY27JAN2624900PE,0.1204494578029863
08-01-2026 11:40||NIFTY27JAN2625600CE,0.1056622656053303
08-01-2026 11:40||NIFTY27JAN2625800CE,0.098979718979025
08-01-2026 11:45||NIFTY27JAN2624200PE,0.1579087809598073
08-01-2026 11:45||NIFTY27JAN2625500CE,0.1082484509764218
08-01-2026 11:45||NIFTY27JAN2625900CE,0.0953875096463222
08-01-2026 11:45||NIFTY27JAN2626100CE,0.0926672605296959
08-01-2026 11:50||NIFTY27JAN2623800PE,0.1799722222871983
08-01-2026 11:50||NIFTY27JAN2625700CE,0.1061433548581312
08-01-2026 11:50||NIFTY27JAN2625800CE,0.1027200559446005
08-01-2026 11:50||NIFTY27JAN2626500CE,0.0897150283673893
08-01-2026 11:55||NIFTY27JAN2624200PE,0.1587477065765842
08-01-2026 11:55||NIFTY27JAN2624700PE,0.1314401214305031
08-01-2026 11:55||NIFTY27JAN2625100PE,0.112687006033283
08-01-2026 11:55||NIFTY27JAN2625400CE,0.1074537598263991
08-01-2026 11:55||NIFTY27JAN2625600CE,0.1007330663886168
08-01-2026 11:55||NIFTY27JAN2625800CE,0.0952161821609832
08-01-2026 12:00||NIFTY27JAN2624500PE,0.1418958673215806
08-01-2026 12:00||NIFTY27JAN2624700PE,0.1324449291222854
08-01-2026 12:00||NIFTY27JAN2625000PE,0.1175355099746931
08-01-2026 12:00||NIFTY27JAN2625500CE,0.1054343529267023
08-01-2026 12:00||NIFTY27JAN2626300CE,0.0917032984749875
08-01-2026 12:05||NIFTY27JAN2624000PE,0.1700993333024689
08-01-2026 12:05||NIFTY27JAN2624200PE,0.1564824586277647
08-01-2026 12:05||NIFTY27JAN2624500PE,0.1385543571133056
08-01-2026 12:05||NIFTY27JAN2624900PE,0.1196696385263638
08-01-2026 12:05||NIFTY27JAN2625300CE,0.1372651383012237
08-01-2026 12:05||NIFTY27JAN2625800CE,0.1104059241896346
08-01-2026 12:05||NIFTY27JAN2625900CE,0.1076326185253732
08-01-2026 12:05||NIFTY27JAN2626400CE,0.0978481249955162
08-01-2026 12:10||NIFTY27JAN2624000PE,0.1701935728836018
08-01-2026 12:10||NIFTY27JAN2624400PE,0.1457606966952674
08-01-2026 12:15||NIFTY27JAN2624100PE,0.1666219605434952
08-01-2026 12:15||NIFTY27JAN2624400PE,0.1494438421818792
08-01-2026 12:15||NIFTY27JAN2625200CE,0.127695005924125
08-01-2026 12:15||NIFTY27JAN2625400CE,0.1179442643662842
08-01-2026 12:15||NIFTY27JAN2625500CE,0.1130976475859237
08-01-2026 12:15||NIFTY27JAN2625700CE,0.1048032684655039
08-01-2026 12:20||NIFTY27JAN2624800PE,0.1282056955393022
08-01-2026 12:20||NIFTY27JAN2625800CE,0.1046944379705695
08-01-2026 12:20||NIFTY27JAN2626300CE,0.0954377756600395
08-01-2026 12:25||NIFTY27JAN2624100PE,0.1682725414580253
08-01-2026 12:25||NIFTY27JAN2624400PE,0.1520004200411513
08-01-2026 12:25||NIFTY27JAN2624900PE,0.1232145682450504
08-01-2026 12:25||NIFTY27JAN2625700CE,0.1068688813075173
08-01-2026 12:25||NIFTY27JAN2626000CE,0.0994013557602459
08-01-2026 12:30||NIFTY27JAN2624200PE,0.1641956800188445
08-01-2026 12:30||NIFTY27JAN2624300PE,0.1574990892710025
08-01-2026 12:30||NIFTY27JAN2625100PE,0.1150294810897702
08-01-2026 12:30||NIFTY27JAN2625700CE,0.1017736770268462
08-01-2026 12:30||NIFTY27JAN2626000CE,0.0961823173010781
08-01-2026 12:35||NIFTY27JAN2624800PE,0.126820100779626
08-01-2026 12:35||NIFTY27JAN2625000PE,0.1169600999735998
08-01-2026 12:35||NIFTY27JAN2625400CE,0.1284524566851173
08-01-2026 12:35||NIFTY27JAN2625500CE,0.1222991866874931
08-01-2026 12:35||NIFTY27JAN2625800CE,0.1073996026996642
08-01-2026 12:35||NIFTY27JAN2626100CE,0.1003426866207866
08-01-2026 12:35||NIFTY27JAN2626200CE,0.0984327052418074
08-01-2026 12:40||NIFTY27JAN2624100PE,0.167307510337604
08-01-2026 12:40||NIFTY27JAN2624400PE,0.1511309733213887
08-01-2026 12:40||NIFTY27JAN2624800PE,0.1266857157006472
08-01-2026 12:40||NIFTY27JAN2625000PE,0.1170198799730132
08-01-2026 12:40||NIFTY27JAN2625200CE,0.1383370495755222
08-01-2026 12:40||NIFTY27JAN2626000CE,0.1014356730662549
08-01-2026 12:45||NIFTY27JAN2624400PE,0.1515516495527901
08-01-2026 12:45||NIFTY27JAN2624600PE,0.1386269715088336
08-01-2026 12:45||NIFTY27JAN2625000PE,0.1180498999730664
08-01-2026 12:45||NIFTY27JAN2625300CE,0.1257465710982598
08-01-2026 12:45||NIFTY27JAN2625800CE,0.1039257364234331
08-01-2026 12:45||NIFTY27JAN2626200CE,0.0966246979992956
08-01-2026 12:45||NIFTY27JAN2626300CE,0.0952347114476657
08-01-2026 12:50||NIFTY27JAN2623800PE,0.1806124528665997
08-01-2026 12:50||NIFTY27JAN2624900PE,0.1221146887273019
08-01-2026 12:50||NIFTY27JAN2625600CE,0.1157005077883599
08-01-2026 12:50||NIFTY27JAN2626300CE,0.0972060481095762
08-01-2026 12:50||NIFTY27JAN2626400CE,0.0961660580954376
08-01-2026 12:55||NIFTY27JAN2624200PE,0.1624564059919776
08-01-2026 12:55||NIFTY27JAN2624300PE,0.1562086825481833
08-01-2026 12:55||NIFTY27JAN2624400PE,0.1499866171784833
08-01-2026 12:55||NIFTY27JAN2626100CE,0.0990616762370786
08-01-2026 13:00||NIFTY27JAN2624200PE,0.1623926342623289
08-01-2026 13:00||NIFTY27JAN2624500PE,0.1438869917629258
08-01-2026 13:00||NIFTY27JAN2624600PE,0.1380677840326867
08-01-2026 13:00||NIFTY27JAN2624700PE,0.132272183700924
08-01-2026 13:00||NIFTY27JAN2625000PE,0.1166397996523161
08-01-2026 13:00||NIFTY27JAN2625100PE,0.1117392408752594
08-01-2026 13:00||NIFTY27JAN2625400CE,0.13188046256087
08-01-2026 13:00||NIFTY27JAN2625800CE,0.1095951937864155
08-01-2026 13:05||NIFTY27JAN2623800PE,0.1838276939720712
08-01-2026 13:05||NIFTY27JAN2624600PE,0.138566930858315
08-01-2026 13:05||NIFTY27JAN2625700CE,0.1063884488608132
08-01-2026 13:05||NIFTY27JAN2625800CE,0.1042751367759266
08-01-2026 13:05||NIFTY27JAN2626000CE,0.1004509018872279
08-01-2026 13:05||NIFTY27JAN2626100CE,0.0987384030156959
08-01-2026 13:05||NIFTY27JAN2626200CE,0.0970324529130106
08-01-2026 13:05||NIFTY27JAN2626300CE,0.0953330016836086
08-01-2026 13:10||NIFTY27JAN2624100PE,0.1682580290112915
08-01-2026 13:10||NIFTY27JAN2624900PE,0.1215390762758563
08-01-2026 13:10||NIFTY27JAN2625400CE,0.1229983365969593
08-01-2026 13:10||NIFTY27JAN2625700CE,0.1076358802759741
08-01-2026 13:10||NIFTY27JAN2625800CE,0.1057192328803751
08-01-2026 13:10||NIFTY27JAN2626100CE,0.0991666070665873
08-01-2026 13:10||NIFTY27JAN2626200CE,0.0974099575260602
08-01-2026 13:15||NIFTY27JAN2624300PE,0.1578941254837096
08-01-2026 13:15||NIFTY27JAN2625000PE,0.1168545299720797
08-01-2026 13:15||NIFTY27JAN2625900CE,0.1008057914953351
08-01-2026 13:15||NIFTY27JAN2626300CE,0.0943673003737232
08-01-2026 13:20||NIFTY27JAN2623800PE,0.1840973361137444
08-01-2026 13:20||NIFTY27JAN2624000PE,0.1737642812189849
08-01-2026 13:20||NIFTY27JAN2624400PE,0.1507772745545399
08-01-2026 13:20||NIFTY27JAN2625000PE,0.1166246899725063
08-01-2026 13:20||NIFTY27JAN2625300CE,0.1327704825747851
08-01-2026 13:20||NIFTY27JAN2625400CE,0.1244539021875304
08-01-2026 13:20||NIFTY27JAN2626200CE,0.0962173473218035
08-01-2026 13:25||NIFTY27JAN2624600PE,0.1391570121593521
08-01-2026 13:25||NIFTY27JAN2624900PE,0.1238496586067389
08-01-2026 13:25||NIFTY27JAN2625400CE,0.1125005223073561
08-01-2026 13:25||NIFTY27JAN2625500CE,0.1083972312092656
08-01-2026 13:25||NIFTY27JAN2625900CE,0.0982675095599331
08-01-2026 13:25||NIFTY27JAN2626000CE,0.0969700383632957
08-01-2026 13:25||NIFTY27JAN2626100CE,0.0956775478744871
08-01-2026 13:30||NIFTY27JAN2624300PE,0.1548940505493206
08-01-2026 13:30||NIFTY27JAN2624400PE,0.1485841214982201
08-01-2026 13:30||NIFTY27JAN2625600CE,0.1170124332077234
08-01-2026 13:30||NIFTY27JAN2625700CE,0.1125124788063189
08-01-2026 13:30||NIFTY27JAN2626100CE,0.1009316570799436
08-01-2026 13:30||NIFTY27JAN2626500CE,0.0942654442473989
08-01-2026 13:35||NIFTY27JAN2624600PE,0.1373777963158444
08-01-2026 13:35||NIFTY27JAN2624700PE,0.1319078734380969
08-01-2026 13:35||NIFTY27JAN2624800PE,0.1264600513190993
08-01-2026 13:35||NIFTY27JAN2624900PE,0.1210341520848188
08-01-2026 13:40||NIFTY27JAN2624100PE,0.167677219880339
08-01-2026 13:40||NIFTY27JAN2624800PE,0.1250299327143472
08-01-2026 13:40||NIFTY27JAN2624900PE,0.1200499864782234
08-01-2026 13:40||NIFTY27JAN2625300CE,0.1266243972055939
08-01-2026 13:40||NIFTY27JAN2625600CE,0.1134568335610319
08-01-2026 13:40||NIFTY27JAN2625700CE,0.1092302097232684
08-01-2026 13:40||NIFTY27JAN2626000CE,0.1011959230668713
08-01-2026 13:40||NIFTY27JAN2626200CE,0.0975307797929829
08-01-2026 13:40||NIFTY27JAN2626300CE,0.095987461391533
08-01-2026 13:45||NIFTY27JAN2624600PE,0.1366133354407049
08-01-2026 13:45||NIFTY27JAN2624700PE,0.1308700651224202
08-01-2026 13:45||NIFTY27JAN2625100PE,0.109729600850568
08-01-2026 13:45||NIFTY27JAN2625600CE,0.1135909216158113
08-01-2026 13:45||NIFTY27JAN2625700CE,0.1095576291523302
08-01-2026 13:50||NIFTY27JAN2624600PE,0.1354169511835743
08-01-2026 13:50||NIFTY27JAN2625500CE,0.1174085097744706
08-01-2026 13:55||NIFTY27JAN2624200PE,0.1616544317881057
08-01-2026 13:55||NIFTY27JAN2624600PE,0.1356221645987962
08-01-2026 13:55||NIFTY27JAN2625000PE,0.1141949699732531
08-01-2026 13:55||NIFTY27JAN2625200CE,0.1382944753635595
08-01-2026 13:55||NIFTY27JAN2625700CE,0.106721614764833
08-01-2026 14:00||NIFTY27JAN2623800PE,0.1860373766603118
08-01-2026 14:00||NIFTY27JAN2623900PE,0.1798257203251
08-01-2026 14:00||NIFTY27JAN2625300CE,0.1081779679894491
08-01-2026 14:00||NIFTY27JAN2625400CE,0.1093512891502962
08-01-2026 14:00||NIFTY27JAN2625900CE,0.0991446915241698
08-01-2026 14:00||NIFTY27JAN2626000CE,0.0975455692235099
08-01-2026 14:00||NIFTY27JAN2626100CE,0.0959525856032174
08-01-2026 14:00||NIFTY27JAN2626200CE,0.0943656937133658
08-01-2026 14:00||NIFTY27JAN2626300CE,0.0927848471406019
08-01-2026 14:05||NIFTY27JAN2623900PE,0.1785235459916841
08-01-2026 14:05||NIFTY27JAN2624500PE,0.1422775509858418
08-01-2026 14:05||NIFTY27JAN2625300CE,0.1130566304390279
08-01-2026 14:05||NIFTY27JAN2626000CE,0.0962118942231119
08-01-2026 14:05||NIFTY27JAN2626200CE,0.0932281203350388
08-01-2026 14:05||NIFTY27JAN2626300CE,0.0918614668909903
08-01-2026 14:05||NIFTY27JAN2626500CE,0.0891436804441347
08-01-2026 14:10||NIFTY27JAN2624800PE,0.124249697552727
08-01-2026 14:10||NIFTY27JAN2625000PE,0.1141099399731732
08-01-2026 14:10||NIFTY27JAN2625200CE,0.1209578312934195
08-01-2026 14:10||NIFTY27JAN2625300CE,0.120292603557035
08-01-2026 14:10||NIFTY27JAN2625700CE,0.1099711672928866
08-01-2026 14:15||NIFTY27JAN2623800PE,0.1833332285794488
08-01-2026 14:15||NIFTY27JAN2624200PE,0.1602003072354839
08-01-2026 14:15||NIFTY27JAN2624300PE,0.1538170462687754
08-01-2026 14:15||NIFTY27JAN2625000PE,0.1131344099717598
08-01-2026 14:15||NIFTY27JAN2625200CE,0.1288885149258795
08-01-2026 14:15||NIFTY27JAN2625600CE,0.1149939355187364
08-01-2026 14:15||NIFTY27JAN2626100CE,0.0971459578445163
08-01-2026 14:15||NIFTY27JAN2626400CE,0.092303153404675
08-01-2026 14:20||NIFTY27JAN2624500PE,0.1408873877200823
08-01-2026 14:20||NIFTY27JAN2625000PE,0.1133702599740264
08-01-2026 14:20||NIFTY27JAN2625700CE,0.1038155155402693
08-01-2026 14:20||NIFTY27JAN2626400CE,0.0896388068153285
08-01-2026 14:25||NIFTY27JAN2624600PE,0.1360969105330558
08-01-2026 14:25||NIFTY27JAN2624800PE,0.1245346673107094
08-01-2026 14:25||NIFTY27JAN2625200CE,0.119147663308061
08-01-2026 14:25||NIFTY27JAN2625600CE,0.1044533398268121
08-01-2026 14:25||NIFTY27JAN2625900CE,0.0976462850610843
08-01-2026 14:25||NIFTY27JAN2626000CE,0.09581963647857
08-01-2026 14:30||NIFTY27JAN2624500PE,0.1399872040461028
08-01-2026 14:30||NIFTY27JAN2626200CE,0.0983753625841602
08-01-2026 14:30||NIFTY27JAN2626400CE,0.0935338418500604
08-01-2026 14:30||NIFTY27JAN2626500CE,0.0911268185353456
08-01-2026 14:35||NIFTY27JAN2624200PE,0.1601485743476489
08-01-2026 14:35||NIFTY27JAN2624800PE,0.123569657230037
08-01-2026 14:35||NIFTY27JAN2625100PE,0.1088492016479088
08-01-2026 14:35||NIFTY27JAN2626100CE,0.0952512547801088
08-01-2026 14:40||NIFTY27JAN2624200PE,0.1594775412868577
08-01-2026 14:40||NIFTY27JAN2624600PE,0.1348518800451669
08-01-2026 14:40||NIFTY27JAN2625000PE,0.1129600799735465
08-01-2026 14:40||NIFTY27JAN2625300CE,0.1204517003965887
08-01-2026 14:40||NIFTY27JAN2625400CE,0.116509015427851
08-01-2026 14:40||NIFTY27JAN2625500CE,0.1125818223849839
08-01-2026 14:40||NIFTY27JAN2626200CE,0.0931673193133497
08-01-2026 14:40||NIFTY27JAN2626300CE,0.0915906679010693
08-01-2026 14:45||NIFTY27JAN2624000PE,0.1701408228756447
08-01-2026 14:45||NIFTY27JAN2624700PE,0.1284538360018902
08-01-2026 14:45||NIFTY27JAN2625000PE,0.1122946499723998
08-01-2026 14:45||NIFTY27JAN2625300CE,0.1223937351615531
08-01-2026 14:45||NIFTY27JAN2625700CE,0.106066643947786
08-01-2026 14:50||NIFTY27JAN2624100PE,0.165587634819289
08-01-2026 14:50||NIFTY27JAN2624300PE,0.1534172221861564
08-01-2026 14:50||NIFTY27JAN2625100PE,0.1093482834817924
08-01-2026 14:50||NIFTY27JAN2625400CE,0.1137425332083402
08-01-2026 14:50||NIFTY27JAN2625500CE,0.1084559209568604
08-01-2026 14:50||NIFTY27JAN2626000CE,0.0934617019149454
08-01-2026 14:50||NIFTY27JAN2626200CE,0.0904625477039695
08-01-2026 14:55||NIFTY27JAN2626300CE,0.0908773193851758
08-01-2026 15:00||NIFTY27JAN2623900PE,0.1746808128326881
08-01-2026 15:00||NIFTY27JAN2624000PE,0.1684975513657801
08-01-2026 15:00||NIFTY27JAN2624900PE,0.1178952911385597
08-01-2026 15:00||NIFTY27JAN2625100PE,0.1082639715519806
08-01-2026 15:00||NIFTY27JAN2625200CE,0.1342784159939901
08-01-2026 15:00||NIFTY27JAN2625600CE,0.0987538602779426
08-01-2026 15:00||NIFTY27JAN2625700CE,0.0963272182007408
08-01-2026 15:00||NIFTY27JAN2626300CE,0.088644944047764
08-01-2026 15:00||NIFTY27JAN2626400CE,0.088191615067242
08-01-2026 15:05||NIFTY27JAN2624400PE,0.1428771516033759
08-01-2026 15:05||NIFTY27JAN2624800PE,0.1198469486108847
08-01-2026 15:05||NIFTY27JAN2624900PE,0.1149536681057778
08-01-2026 15:05||NIFTY27JAN2626000CE,0.0985675174996096
08-01-2026 15:05||NIFTY27JAN2626100CE,0.0968317240080031
08-01-2026 15:05||NIFTY27JAN2626200CE,0.0951025683662259
08-01-2026 15:10||NIFTY27JAN2624000PE,0.1667386458004795
08-01-2026 15:10||NIFTY27JAN2624200PE,0.1552675619480736
08-01-2026 15:10||NIFTY27JAN2624600PE,0.1312178251697212
08-01-2026 15:10||NIFTY27JAN2625100PE,0.1057798004518976
08-01-2026 15:10||NIFTY27JAN2625700CE,0.1042382976484569
08-01-2026 15:10||NIFTY27JAN2626100CE,0.0949521360083185
08-01-2026 15:10||NIFTY27JAN2626300CE,0.0922927851657658
08-01-2026 15:10||NIFTY27JAN2626500CE,0.0899716110079246
08-01-2026 15:15||NIFTY27JAN2624800PE,0.1201358769914069
08-01-2026 15:15||NIFTY27JAN2625100PE,0.1058794810897701
08-01-2026 15:15||NIFTY27JAN2625500CE,0.1103719999794948
08-01-2026 15:15||NIFTY27JAN2626100CE,0.0942418294941586
08-01-2026 15:20||NIFTY27JAN2624000PE,0.1669062603913783
08-01-2026 15:20||NIFTY27JAN2624500PE,0.1368428060885909
08-01-2026 15:20||NIFTY27JAN2624800PE,0.1204607661040095
08-01-2026 15:20||NIFTY27JAN2625000PE,0.1111304999746664
08-01-2026 15:20||NIFTY27JAN2625600CE,0.1044533593581119
08-01-2026 15:20||NIFTY27JAN2626100CE,0.092856800758456
08-01-2026 15:20||NIFTY27JAN2626400CE,0.0894533017157205
08-01-2026 15:20||NIFTY27JAN2626500CE,0.0885898801813576
08-01-2026 15:25||NIFTY27JAN2623800PE,0.1812187631868265
08-01-2026 15:25||NIFTY27JAN2624100PE,0.1597440041034761
08-01-2026 15:25||NIFTY27JAN2624300PE,0.1491490431930632
08-01-2026 15:25||NIFTY27JAN2624600PE,0.1315916564673154
08-01-2026 15:25||NIFTY27JAN2625100PE,0.1084167265914217
08-01-2026 15:25||NIFTY27JAN2625800CE,0.0960899127779599
08-01-2026 15:25||NIFTY27JAN2626100CE,0.0921275670438558
09-01-2026 09:15||NIFTY27JAN2624400PE,0.1451730429993138
09-01-2026 09:15||NIFTY27JAN2625000PE,0.1122501599737598
09-01-2026 09:15||NIFTY27JAN2625400CE,0.123495206468479
09-01-2026 09:15||NIFTY27JAN2625500CE,0.1197352451698224
09-01-2026 09:15||NIFTY27JAN2625800CE,0.1073720348637772
09-01-2026 09:15||NIFTY27JAN2626300CE,0.0943465589270697
09-01-2026 09:20||NIFTY27JAN2624100PE,0.1637983020674513
09-01-2026 09:20||NIFTY27JAN2624200PE,0.1577617044052589
09-01-2026 09:20||NIFTY27JAN2624800PE,0.1245506854586297
09-01-2026 09:20||NIFTY27JAN2625000PE,0.1155913199768531
09-01-2026 09:20||NIFTY27JAN2625300CE,0.113771976185578
09-01-2026 09:25||NIFTY27JAN2624100PE,0.1605127074336051
09-01-2026 09:25||NIFTY27JAN2625000PE,0.1118807799754131
09-01-2026 09:25||NIFTY27JAN2625400CE,0.119514862165618
09-01-2026 09:25||NIFTY27JAN2626100CE,0.0944169731726711
09-01-2026 09:30||NIFTY27JAN2624300PE,0.1490276542861415
09-01-2026 09:30||NIFTY27JAN2624500PE,0.1372966687820229
09-01-2026 09:30||NIFTY27JAN2624600PE,0.1315767320533847
09-01-2026 09:30||NIFTY27JAN2625300CE,0.1139908755207719
09-01-2026 09:30||NIFTY27JAN2625400CE,0.1116808994853541
09-01-2026 09:30||NIFTY27JAN2626100CE,0.0933974712581809
09-01-2026 09:30||NIFTY27JAN2626400CE,0.090644384468225
09-01-2026 09:35||NIFTY27JAN2624800PE,0.1196656552166124
09-01-2026 09:35||NIFTY27JAN2626000CE,0.0981453269115553
09-01-2026 09:35||NIFTY27JAN2626200CE,0.0946128912162539
09-01-2026 09:40||NIFTY27JAN2625500CE,0.1355065254413204
09-01-2026 09:40||NIFTY27JAN2625600CE,0.1302238081747175
09-01-2026 09:40||NIFTY27JAN2625700CE,0.1249616863493431
09-01-2026 09:40||NIFTY27JAN2625900CE,0.1146903088562304
09-01-2026 09:45||NIFTY27JAN2624000PE,0.1647496666367666
09-01-2026 09:45||NIFTY27JAN2624300PE,0.1472747085385613
09-01-2026 09:45||NIFTY27JAN2624400PE,0.1411247776884396
09-01-2026 09:45||NIFTY27JAN2624700PE,0.1239245849917906
09-01-2026 09:45||NIFTY27JAN2624900PE,0.1135845682450504
09-01-2026 09:45||NIFTY27JAN2625600CE,0.123563310517147
09-01-2026 09:45||NIFTY27JAN2625900CE,0.1079478474725766
09-01-2026 09:50||NIFTY27JAN2624100PE,0.1598476140723414
09-01-2026 09:50||NIFTY27JAN2624400PE,0.1422717315202327
09-01-2026 09:50||NIFTY27JAN2624600PE,0.1303378603862752
09-01-2026 09:50||NIFTY27JAN2624700PE,0.1248879201829118
09-01-2026 09:50||NIFTY27JAN2624900PE,0.1147004618217495
09-01-2026 09:50||NIFTY27JAN2625300CE,0.1383418971860653
09-01-2026 09:50||NIFTY27JAN2625600CE,0.120019667942474
09-01-2026 09:50||NIFTY27JAN2626000CE,0.1032496219776324
09-01-2026 09:50||NIFTY27JAN2626100CE,0.1005496485030267
09-01-2026 09:50||NIFTY27JAN2626400CE,0.0949435890117773
09-01-2026 09:55||NIFTY27JAN2623800PE,0.1766290776239156
09-01-2026 09:55||NIFTY27JAN2624800PE,0.1208072446425266
09-01-2026 09:55||NIFTY27JAN2624900PE,0.1162030919726161
09-01-2026 09:55||NIFTY27JAN2625000PE,0.1116173928699269
09-01-2026 09:55||NIFTY27JAN2625200CE,0.1327979604168081
09-01-2026 10:00||NIFTY27JAN2624100PE,0.162456348508544
09-01-2026 10:00||NIFTY27JAN2624300PE,0.1497974896766234
09-01-2026 10:00||NIFTY27JAN2625100PE,0.1082672056346128
09-01-2026 10:00||NIFTY27JAN2625500CE,0.1061103823411055
09-01-2026 10:00||NIFTY27JAN2626100CE,0.0929576053581258
09-01-2026 10:05||NIFTY27JAN2624500PE,0.1362931530283297
09-01-2026 10:05||NIFTY27JAN2624800PE,0.1194947681174342
09-01-2026 10:05||NIFTY27JAN2625600CE,0.1211944140228625
09-01-2026 10:05||NIFTY27JAN2626100CE,0.099330660908924
09-01-2026 10:10||NIFTY27JAN2624400PE,0.1434928995562895
09-01-2026 10:10||NIFTY27JAN2626300CE,0.0912541840688363
09-01-2026 10:10||NIFTY27JAN2626400CE,0.0906008570086723
09-01-2026 10:15||NIFTY27JAN2625100PE,0.1073855689037098
09-01-2026 10:15||NIFTY27JAN2625600CE,0.1087018163854379
09-01-2026 10:15||NIFTY27JAN2626200CE,0.0926053083015349
09-01-2026 10:15||NIFTY27JAN2626300CE,0.0913753202018912
09-01-2026 10:20||NIFTY27JAN2623900PE,0.1731152054066591
09-01-2026 10:20||NIFTY27JAN2624000PE,0.1671852743286917
09-01-2026 10:20||NIFTY27JAN2625200CE,0.1439026139203851
09-01-2026 10:20||NIFTY27JAN2625700CE,0.1130918384881892
09-01-2026 10:25||NIFTY27JAN2624200PE,0.1552370040952463
09-01-2026 10:25||NIFTY27JAN2625000PE,0.1095805599748264
09-01-2026 10:25||NIFTY27JAN2625600CE,0.1210264062154291
09-01-2026 10:25||NIFTY27JAN2626200CE,0.0972009637306579
09-01-2026 10:25||NIFTY27JAN2626500CE,0.0915367296947015
09-01-2026 10:30||NIFTY27JAN2624300PE,0.1499334670456371
09-01-2026 10:30||NIFTY27JAN2624900PE,0.1172008835096301
09-01-2026 10:35||NIFTY27JAN2624300PE,0.1491126645742365
09-01-2026 10:35||NIFTY27JAN2624800PE,0.1200051713443333
09-01-2026 10:35||NIFTY27JAN2626300CE,0.0916221958107336
09-01-2026 10:40||NIFTY27JAN2624000PE,0.1661132812160914
09-01-2026 10:40||NIFTY27JAN2624700PE,0.1249692104968404
09-01-2026 10:40||NIFTY27JAN2625000PE,0.1095758099754932
09-01-2026 10:40||NIFTY27JAN2625500CE,0.1166400195822621
09-01-2026 10:40||NIFTY27JAN2626000CE,0.0976831581926613
09-01-2026 10:40||NIFTY27JAN2626100CE,0.0959031756797733
09-01-2026 10:40||NIFTY27JAN2626400CE,0.0907763757269086
09-01-2026 10:40||NIFTY27JAN2626500CE,0.0891090789708975
09-01-2026 10:45||NIFTY27JAN2624400PE,0.1424779712778017
09-01-2026 10:45||NIFTY27JAN2625000PE,0.1097057099752264
09-01-2026 10:45||NIFTY27JAN2625200CE,0.1329473835252079
09-01-2026 10:45||NIFTY27JAN2625400CE,0.120896432645263
09-01-2026 10:45||NIFTY27JAN2625500CE,0.1149064942997971
09-01-2026 10:45||NIFTY27JAN2626300CE,0.0908826520855972
09-01-2026 10:50||NIFTY27JAN2624100PE,0.1611624169763402
09-01-2026 10:50||NIFTY27JAN2625800CE,0.0956439966555134
09-01-2026 10:50||NIFTY27JAN2625900CE,0.0937453666499345
09-01-2026 10:50||NIFTY27JAN2626000CE,0.0918540531557767
09-01-2026 10:50||NIFTY27JAN2626400CE,0.0880321252423028
09-01-2026 10:50||NIFTY27JAN2626500CE,0.0874763596569658
09-01-2026 10:55||NIFTY27JAN2623800PE,0.1744884906201028
09-01-2026 10:55||NIFTY27JAN2624700PE,0.1242345242628799
09-01-2026 10:55||NIFTY27JAN2624900PE,0.1145309035900054
09-01-2026 10:55||NIFTY27JAN2626300CE,0.0913379847860187
09-01-2026 11:00||NIFTY27JAN2624900PE,0.1131210968717724
09-01-2026 11:00||NIFTY27JAN2625000PE,0.1084111473139447
09-01-2026 11:00||NIFTY27JAN2625200CE,0.1678089705552401
09-01-2026 11:00||NIFTY27JAN2625700CE,0.1030874399781198
09-01-2026 11:00||NIFTY27JAN2625800CE,0.0998574724540583
09-01-2026 11:05||NIFTY27JAN2624000PE,0.1632686249670858
09-01-2026 11:05||NIFTY27JAN2624400PE,0.13835482579119
09-01-2026 11:05||NIFTY27JAN2625100PE,0.104405449142912
09-01-2026 11:05||NIFTY27JAN2625300CE,0.1255608596469755
09-01-2026 11:05||NIFTY27JAN2625500CE,0.1137709019374648
09-01-2026 11:05||NIFTY27JAN2625700CE,0.1056732684655039
09-01-2026 11:10||NIFTY27JAN2623900PE,0.1704572802976145
09-01-2026 11:10||NIFTY27JAN2624700PE,0.1237596760851569
09-01-2026 11:10||NIFTY27JAN2625100PE,0.1064541716944026
09-01-2026 11:10||NIFTY27JAN2625200CE,0.1193168713311456
09-01-2026 11:10||NIFTY27JAN2625500CE,0.10644150978216
09-01-2026 11:10||NIFTY27JAN2625800CE,0.0949909786721016
09-01-2026 11:15||NIFTY27JAN2624200PE,0.1521189049271022
09-01-2026 11:15||NIFTY27JAN2624600PE,0.1281633637890907
09-01-2026 11:15||NIFTY27JAN2625700CE,0.1021439688563764
09-01-2026 11:15||NIFTY27JAN2626400CE,0.0918858428050457
09-01-2026 11:20||NIFTY27JAN2625200CE,0.1315310891900216
09-01-2026 11:20||NIFTY27JAN2625500CE,0.1105497254638611
09-01-2026 11:25||NIFTY27JAN2624600PE,0.127542936958647
09-01-2026 11:25||NIFTY27JAN2625100PE,0.1034567665116875
09-01-2026 11:25||NIFTY27JAN2625600CE,0.1098516991976398
09-01-2026 11:30||NIFTY27JAN2624000PE,0.1627905295712686
09-01-2026 11:30||NIFTY27JAN2624100PE,0.1573139260294753
09-01-2026 11:30||NIFTY27JAN2624500PE,0.1342867503597081
09-01-2026 11:30||NIFTY27JAN2624600PE,0.1285868134098413
09-01-2026 11:30||NIFTY27JAN2624900PE,0.1133783923049123
09-01-2026 11:30||NIFTY27JAN2625000PE,0.1088251077359153
09-01-2026 11:30||NIFTY27JAN2625300CE,0.1221473715086197
09-01-2026 11:30||NIFTY27JAN2626200CE,0.0902043797694864
09-01-2026 11:35||NIFTY27JAN2624100PE,0.1574618983026527
09-01-2026 11:35||NIFTY27JAN2624600PE,0.1277735263911646
09-01-2026 11:35||NIFTY27JAN2625200CE,0.1204072250724391
09-01-2026 11:35||NIFTY27JAN2625300CE,0.1163957002378778
09-01-2026 11:35||NIFTY27JAN2625700CE,0.1014623416939584
09-01-2026 11:35||NIFTY27JAN2625800CE,0.0986357034479271
09-01-2026 11:40||NIFTY27JAN2624600PE,0.1277593634426199
09-01-2026 11:40||NIFTY27JAN2624700PE,0.1226794191796683
09-01-2026 11:40||NIFTY27JAN2625000PE,0.1085665299774131
09-01-2026 11:40||NIFTY27JAN2625300CE,0.1183287746743287
09-01-2026 11:40||NIFTY27JAN2625800CE,0.0983067225782367
09-01-2026 11:40||NIFTY27JAN2625900CE,0.0966000729386911
09-01-2026 11:45||NIFTY27JAN2625900CE,0.0973232089639644
09-01-2026 11:45||NIFTY27JAN2626000CE,0.0955632263881112
09-01-2026 11:45||NIFTY27JAN2626200CE,0.0933491221352731
09-01-2026 11:45||NIFTY27JAN2626500CE,0.0921114744836705
09-01-2026 11:50||NIFTY27JAN2625000PE,0.1085616999778664
09-01-2026 11:50||NIFTY27JAN2625200CE,0.1186942850454739
09-01-2026 11:50||NIFTY27JAN2625400CE,0.1125179212388911
09-01-2026 11:50||NIFTY27JAN2625500CE,0.1094479528381263
09-01-2026 11:50||NIFTY27JAN2626000CE,0.0966418557614786
09-01-2026 11:50||NIFTY27JAN2626500CE,0.0929614366763969
09-01-2026 11:55||NIFTY27JAN2624200PE,0.1515942760178101
09-01-2026 11:55||NIFTY27JAN2624300PE,0.1445576891244828
09-01-2026 11:55||NIFTY27JAN2624500PE,0.132574867318804
09-01-2026 11:55||NIFTY27JAN2624900PE,0.1136710441526321
09-01-2026 11:55||NIFTY27JAN2625400CE,0.1147396062723618
09-01-2026 11:55||NIFTY27JAN2625600CE,0.1062938085780043
09-01-2026 11:55||NIFTY27JAN2625800CE,0.1003646511493978
09-01-2026 11:55||NIFTY27JAN2626300CE,0.093729505702231
09-01-2026 12:00||NIFTY27JAN2623800PE,0.1724786164066341
09-01-2026 12:00||NIFTY27JAN2624400PE,0.1379278688184985
09-01-2026 12:00||NIFTY27JAN2624800PE,0.1153655140871977
09-01-2026 12:00||NIFTY27JAN2625600CE,0.1118712695090471
09-01-2026 12:00||NIFTY27JAN2625800CE,0.1039432945568538
09-01-2026 12:00||NIFTY27JAN2626300CE,0.0953089353586513
09-01-2026 12:05||NIFTY27JAN2624600PE,0.1276829369586469
09-01-2026 12:05||NIFTY27JAN2625500CE,0.1087260489966652
09-01-2026 12:05||NIFTY27JAN2626000CE,0.0954772115315866
09-01-2026 12:05||NIFTY27JAN2626500CE,0.0930104536872832
09-01-2026 12:10||NIFTY27JAN2624200PE,0.1521125806856835
09-01-2026 12:10||NIFTY27JAN2624300PE,0.1454726559620891
09-01-2026 12:10||NIFTY27JAN2625500CE,0.1058838823372608
09-01-2026 12:10||NIFTY27JAN2625900CE,0.0964471235449767
09-01-2026 12:10||NIFTY27JAN2626300CE,0.0933902091259791
09-01-2026 12:15||NIFTY27JAN2623800PE,0.1750240671563243
09-01-2026 12:15||NIFTY27JAN2624100PE,0.1569594746373904
09-01-2026 12:15||NIFTY27JAN2624200PE,0.1504261150890649
09-01-2026 12:15||NIFTY27JAN2624300PE,0.1439196973061139
09-01-2026 12:15||NIFTY27JAN2625400CE,0.1114517419868165
09-01-2026 12:15||NIFTY27JAN2625500CE,0.1076584476979237
09-01-2026 12:15||NIFTY27JAN2625800CE,0.0995857542059081
09-01-2026 12:15||NIFTY27JAN2625900CE,0.0976291070605698
09-01-2026 12:15||NIFTY27JAN2626200CE,0.0933444741983063
09-01-2026 12:15||NIFTY27JAN2626300CE,0.0921833885056648
09-01-2026 12:15||NIFTY27JAN2626400CE,0.0910267092209362
09-01-2026 12:15||NIFTY27JAN2626500CE,0.0898744030252266
09-01-2026 12:20||NIFTY27JAN2624000PE,0.1627306770418893
09-01-2026 12:20||NIFTY27JAN2624700PE,0.1210940884369421
09-01-2026 12:20||NIFTY27JAN2624800PE,0.1163374735388695
09-01-2026 12:20||NIFTY27JAN2625000PE,0.1075819799786131
09-01-2026 12:25||NIFTY27JAN2624200PE,0.1503164255812033
09-01-2026 12:25||NIFTY27JAN2624400PE,0.1383288934115306
09-01-2026 12:25||NIFTY27JAN2624600PE,0.1269679267960173
09-01-2026 12:25||NIFTY27JAN2625000PE,0.1087920799788798
09-01-2026 12:30||NIFTY27JAN2623800PE,0.1650727253748451
09-01-2026 12:30||NIFTY27JAN2624400PE,0.1381030634911747
09-01-2026 12:30||NIFTY27JAN2624900PE,0.1125616867246406
09-01-2026 12:30||NIFTY27JAN2626400CE,0.0949778503856041
09-01-2026 12:35||NIFTY27JAN2624100PE,0.1591322510007603
09-01-2026 12:35||NIFTY27JAN2624300PE,0.1462160699195295
09-01-2026 12:35||NIFTY27JAN2624700PE,0.1241362651583238
09-01-2026 12:35||NIFTY27JAN2624900PE,0.1157868975685809
09-01-2026 12:35||NIFTY27JAN2625700CE,0.0978818385134231
09-01-2026 12:35||NIFTY27JAN2626400CE,0.0962381534166318
09-01-2026 12:40||NIFTY27JAN2624100PE,0.1585715663514927
09-01-2026 12:40||NIFTY27JAN2625800CE,0.0993413275101844
09-01-2026 12:40||NIFTY27JAN2626100CE,0.0962593486574102
09-01-2026 12:45||NIFTY27JAN2623900PE,0.1701892259099859
09-01-2026 12:45||NIFTY27JAN2624100PE,0.158409244230714
09-01-2026 12:45||NIFTY27JAN2624200PE,0.1517959864936685
09-01-2026 12:45||NIFTY27JAN2625100PE,0.1071741716944026
09-01-2026 12:45||NIFTY27JAN2625300CE,0.1057379347642121
09-01-2026 12:45||NIFTY27JAN2625800CE,0.0973052967234648
09-01-2026 12:45||NIFTY27JAN2625900CE,0.0964937451115815
09-01-2026 12:45||NIFTY27JAN2626000CE,0.0956853208739732
09-01-2026 12:45||NIFTY27JAN2626400CE,0.098558342811024
09-01-2026 12:50||NIFTY27JAN2623800PE,0.1788245074384232
09-01-2026 12:50||NIFTY27JAN2624100PE,0.1558415663514927
09-01-2026 12:50||NIFTY27JAN2625300CE,0.121897391271517
09-01-2026 12:50||NIFTY27JAN2625500CE,0.111356833312401
09-01-2026 12:50||NIFTY27JAN2626200CE,0.0980558301546873
09-01-2026 12:55||NIFTY27JAN2624100PE,0.1578816285923352
09-01-2026 12:55||NIFTY27JAN2624500PE,0.1327233571105291
09-01-2026 12:55||NIFTY27JAN2624800PE,0.1173661995729261
09-01-2026 12:55||NIFTY27JAN2625600CE,0.1048433137555162
09-01-2026 12:55||NIFTY27JAN2625700CE,0.1022766730969375
09-01-2026 13:00||NIFTY27JAN2624200PE,0.1507977478990159
09-01-2026 13:00||NIFTY27JAN2624900PE,0.1138467168452035
09-01-2026 13:00||NIFTY27JAN2625200CE,0.1159221188434988
09-01-2026 13:00||NIFTY27JAN2625600CE,0.1040246874864895
09-01-2026 13:00||NIFTY27JAN2625800CE,0.0996217344879476
09-01-2026 13:00||NIFTY27JAN2626400CE,0.0983877746278472
09-01-2026 13:05||NIFTY27JAN2623900PE,0.1700091422277334
09-01-2026 13:05||NIFTY27JAN2624100PE,0.1582814418698077
09-01-2026 13:05||NIFTY27JAN2624300PE,0.145497685461056
09-01-2026 13:05||NIFTY27JAN2624400PE,0.1392610889187374
09-01-2026 13:05||NIFTY27JAN2624700PE,0.1223582336657053
09-01-2026 13:05||NIFTY27JAN2624800PE,0.1179144947192836
09-01-2026 13:05||NIFTY27JAN2624900PE,0.1134886380705045
09-01-2026 13:05||NIFTY27JAN2625000PE,0.1090805203737185
09-01-2026 13:05||NIFTY27JAN2626000CE,0.0981126826865943
09-01-2026 13:05||NIFTY27JAN2626400CE,0.0986573434471214
09-01-2026 13:05||NIFTY27JAN2626500CE,0.0993520504287927
09-01-2026 13:10||NIFTY27JAN2624000PE,0.163619030602125
09-01-2026 13:10||NIFTY27JAN2624100PE,0.1577824312097451
09-01-2026 13:10||NIFTY27JAN2624300PE,0.1456520267123537
09-01-2026 13:10||NIFTY27JAN2625200CE,0.1194378812086806
09-01-2026 13:10||NIFTY27JAN2625900CE,0.0995424227735194
09-01-2026 13:10||NIFTY27JAN2626100CE,0.0976238793076029
09-01-2026 13:10||NIFTY27JAN2626400CE,0.0989077746278472
09-01-2026 13:15||NIFTY27JAN2624100PE,0.1582814418698077
09-01-2026 13:15||NIFTY27JAN2624400PE,0.138909221281301
09-01-2026 13:15||NIFTY27JAN2625000PE,0.1086367899781065
09-01-2026 13:15||NIFTY27JAN2625300CE,0.1164710078817245
09-01-2026 13:15||NIFTY27JAN2625700CE,0.1044362353050176
09-01-2026 13:15||NIFTY27JAN2625800CE,0.1025000192298035
09-01-2026 13:15||NIFTY27JAN2625900CE,0.1005712933708907
09-01-2026 13:15||NIFTY27JAN2626100CE,0.0983053520452723
09-01-2026 13:15||NIFTY27JAN2626200CE,0.097962022059173
09-01-2026 13:20||NIFTY27JAN2624100PE,0.1583625622049727
09-01-2026 13:20||NIFTY27JAN2625000PE,0.1086969099784264
09-01-2026 13:20||NIFTY27JAN2625200CE,0.1208504753009443
09-01-2026 13:20||NIFTY27JAN2625600CE,0.1039151367063819
09-01-2026 13:25||NIFTY27JAN2624500PE,0.1333376938433814
09-01-2026 13:25||NIFTY27JAN2625100PE,0.1059142116146684
09-01-2026 13:25||NIFTY27JAN2625300CE,0.1173653853504592
09-01-2026 13:25||NIFTY27JAN2626200CE,0.0971353721383081
09-01-2026 13:30||NIFTY27JAN2624300PE,0.1465623559313899
09-01-2026 13:30||NIFTY27JAN2624900PE,0.1152819678498943
09-01-2026 13:30||NIFTY27JAN2625900CE,0.0963634266370175
09-01-2026 13:30||NIFTY27JAN2626400CE,0.0974579829616787
09-01-2026 13:35||NIFTY27JAN2623900PE,0.1689989748632283
09-01-2026 13:35||NIFTY27JAN2624100PE,0.1573868464352839
09-01-2026 13:35||NIFTY27JAN2624400PE,0.1392867622580237
09-01-2026 13:35||NIFTY27JAN2624600PE,0.1268879267960174
09-01-2026 13:35||NIFTY27JAN2625100PE,0.1051936527309455
09-01-2026 13:35||NIFTY27JAN2625300CE,0.1221559160472389
09-01-2026 13:35||NIFTY27JAN2625400CE,0.1169026372134461
09-01-2026 13:35||NIFTY27JAN2625900CE,0.1008522876380486
09-01-2026 13:35||NIFTY27JAN2626100CE,0.0986284291149305
09-01-2026 13:40||NIFTY27JAN2624500PE,0.1341328469050308
09-01-2026 13:40||NIFTY27JAN2624800PE,0.1191159374754417
09-01-2026 13:40||NIFTY27JAN2625100PE,0.1080631337674885
09-01-2026 13:40||NIFTY27JAN2625300CE,0.10670405136791
09-01-2026 13:40||NIFTY27JAN2625500CE,0.1009596372411564
09-01-2026 13:40||NIFTY27JAN2626500CE,0.0977348204035162
09-01-2026 13:45||NIFTY27JAN2623900PE,0.1686488702604127
09-01-2026 13:45||NIFTY27JAN2624100PE,0.1570068879291789
09-01-2026 13:45||NIFTY27JAN2624300PE,0.1446920606106869
09-01-2026 13:45||NIFTY27JAN2624400PE,0.1387087945532514
09-01-2026 13:45||NIFTY27JAN2625200CE,0.1121024950560144
09-01-2026 13:45||NIFTY27JAN2626000CE,0.0967330096104773
09-01-2026 13:50||NIFTY27JAN2623800PE,0.1683908176416927
09-01-2026 13:50||NIFTY27JAN2624600PE,0.1280257728293717
09-01-2026 13:50||NIFTY27JAN2624700PE,0.1228824959279713
09-01-2026 13:50||NIFTY27JAN2625400CE,0.1096370373810045
09-01-2026 13:50||NIFTY27JAN2625800CE,0.0985369185969356
09-01-2026 13:50||NIFTY27JAN2626100CE,0.0963345881215976
09-01-2026 13:55||NIFTY27JAN2624000PE,0.1599302916385752
09-01-2026 13:55||NIFTY27JAN2625400CE,0.1158181966503821
09-01-2026 13:55||NIFTY27JAN2625500CE,0.1128182275291137
09-01-2026 13:55||NIFTY27JAN2626400CE,0.1013875662940156
09-01-2026 14:00||NIFTY27JAN2624200PE,0.1512842223951291
09-01-2026 14:00||NIFTY27JAN2624300PE,0.1454924274464312
09-01-2026 14:00||NIFTY27JAN2624400PE,0.13972441817027
09-01-2026 14:00||NIFTY27JAN2625500CE,0.1055742941030221
09-01-2026 14:00||NIFTY27JAN2625800CE,0.0985967635577878
09-01-2026 14:00||NIFTY27JAN2626000CE,0.0961184423038518
09-01-2026 14:05||NIFTY27JAN2624100PE,0.1570965144841239
09-01-2026 14:05||NIFTY27JAN2624300PE,0.1446321839836697
09-01-2026 14:05||NIFTY27JAN2624400PE,0.1386789175889175
09-01-2026 14:05||NIFTY27JAN2625200CE,0.1251900991272553
09-01-2026 14:05||NIFTY27JAN2625400CE,0.1150100196592565
09-01-2026 14:10||NIFTY27JAN2624300PE,0.144572520540908
09-01-2026 14:10||NIFTY27JAN2624700PE,0.1225813562516902
09-01-2026 14:10||NIFTY27JAN2625300CE,0.1132468181474951
09-01-2026 14:10||NIFTY27JAN2626300CE,0.0966577904708359
09-01-2026 14:10||NIFTY27JAN2626400CE,0.0972333881831883
09-01-2026 14:10||NIFTY27JAN2626500CE,0.097806809717521
09-01-2026 14:15||NIFTY27JAN2625500CE,0.1052248823398239
09-01-2026 14:20||NIFTY27JAN2624100PE,0.1564221887599177
09-01-2026 14:20||NIFTY27JAN2624300PE,0.1444763123873355
09-01-2026 14:20||NIFTY27JAN2624400PE,0.1387163771520994
09-01-2026 14:20||NIFTY27JAN2625000PE,0.1090320799788798
09-01-2026 14:20||NIFTY27JAN2625200CE,0.1146017118428448
09-01-2026 14:20||NIFTY27JAN2625400CE,0.108949458647102
09-01-2026 14:20||NIFTY27JAN2625900CE,0.0977583011540802
09-01-2026 14:25||NIFTY27JAN2624100PE,0.1571890102288404
09-01-2026 14:25||NIFTY27JAN2624200PE,0.1509838217314468
09-01-2026 14:25||NIFTY27JAN2624300PE,0.1448042217129001
09-01-2026 14:25||NIFTY27JAN2625100PE,0.1068740918538706
09-01-2026 14:25||NIFTY27JAN2625300CE,0.1106073418772928
09-01-2026 14:25||NIFTY27JAN2625600CE,0.1004459960835675
09-01-2026 14:30||NIFTY27JAN2624000PE,0.161720635375102
09-01-2026 14:30||NIFTY27JAN2624200PE,0.1486823036828757
09-01-2026 14:30||NIFTY27JAN2625900CE,0.100897065629775
09-01-2026 14:30||NIFTY27JAN2626300CE,0.0993720342254339
09-01-2026 14:35||NIFTY27JAN2624200PE,0.1496649757462715
09-01-2026 14:35||NIFTY27JAN2624300PE,0.1436050444473284
09-01-2026 14:35||NIFTY27JAN2624600PE,0.1268238719205715
09-01-2026 14:35||NIFTY27JAN2625800CE,0.1004211530911431
09-01-2026 14:40||NIFTY27JAN2623800PE,0.1739728512198548
09-01-2026 14:40||NIFTY27JAN2625200CE,0.1243008713415812
09-01-2026 14:40||NIFTY27JAN2625600CE,0.1071087792810548
09-01-2026 14:40||NIFTY27JAN2625900CE,0.1000772007652458
09-01-2026 14:40||NIFTY27JAN2626100CE,0.0983143965502477
09-01-2026 14:40||NIFTY27JAN2626400CE,0.1003530113708375
09-01-2026 14:45||NIFTY27JAN2624500PE,0.1323979740249866
09-01-2026 14:45||NIFTY27JAN2624600PE,0.1269980337566916
09-01-2026 14:45||NIFTY27JAN2625300CE,0.1146615810057465
09-01-2026 14:45||NIFTY27JAN2625600CE,0.1048496191269406
09-01-2026 14:50||NIFTY27JAN2623900PE,0.1688839853235098
09-01-2026 14:50||NIFTY27JAN2626000CE,0.0974883653805852
09-01-2026 14:50||NIFTY27JAN2626300CE,0.0981471577998761
09-01-2026 14:55||NIFTY27JAN2623900PE,0.1680562925220499
09-01-2026 14:55||NIFTY27JAN2624000PE,0.162386358422206
09-01-2026 14:55||NIFTY27JAN2624800PE,0.117341048362839
09-01-2026 14:55||NIFTY27JAN2625600CE,0.1031906933484225
09-01-2026 14:55||NIFTY27JAN2625900CE,0.0975488610010311
09-01-2026 15:00||NIFTY27JAN2624000PE,0.1617244687195273
09-01-2026 15:00||NIFTY27JAN2624300PE,0.1438967283576022
09-01-2026 15:00||NIFTY27JAN2625400CE,0.1129573326573579
09-01-2026 15:00||NIFTY27JAN2625600CE,0.1064044926779793
09-01-2026 15:00||NIFTY27JAN2625700CE,0.1037493772237465
09-01-2026 15:00||NIFTY27JAN2625800CE,0.1011045729234598
09-01-2026 15:00||NIFTY27JAN2626500CE,0.10080444233078
09-01-2026 15:05||NIFTY27JAN2624200PE,0.150177249196471
09-01-2026 15:05||NIFTY27JAN2624300PE,0.143860654140642
09-01-2026 15:05||NIFTY27JAN2625000PE,0.106719839732584
09-01-2026 15:05||NIFTY27JAN2625100PE,0.1018093607960595
09-01-2026 15:05||NIFTY27JAN2625600CE,0.105788408186361
09-01-2026 15:05||NIFTY27JAN2626500CE,0.1007936861853081
09-01-2026 15:10||NIFTY27JAN2623800PE,0.1729695986989626
09-01-2026 15:10||NIFTY27JAN2624000PE,0.1619135312168147
09-01-2026 15:10||NIFTY27JAN2624600PE,0.1269583536264612
09-01-2026 15:10||NIFTY27JAN2625000PE,0.1079385571640128
09-01-2026 15:10||NIFTY27JAN2625100PE,0.1033455233304558
09-01-2026 15:10||NIFTY27JAN2625200CE,0.1184403366606313
09-01-2026 15:10||NIFTY27JAN2626200CE,0.0969106297725214
09-01-2026 15:15||NIFTY27JAN2624200PE,0.1515836543335333
09-01-2026 15:15||NIFTY27JAN2624300PE,0.1452037266623687
09-01-2026 15:15||NIFTY27JAN2624500PE,0.1333237448667078
09-01-2026 15:15||NIFTY27JAN2624700PE,0.1232257185981263
09-01-2026 15:15||NIFTY27JAN2624900PE,0.1146820481713955
09-01-2026 15:15||NIFTY27JAN2625200CE,0.1137416039906705
09-01-2026 15:15||NIFTY27JAN2625900CE,0.0968069131654384
09-01-2026 15:15||NIFTY27JAN2626000CE,0.0960069210855051
09-01-2026 15:20||NIFTY27JAN2623800PE,0.1718140880915068
09-01-2026 15:20||NIFTY27JAN2624700PE,0.1237902024023842
09-01-2026 15:20||NIFTY27JAN2625100PE,0.1068948104186572
09-01-2026 15:20||NIFTY27JAN2625200CE,0.1256927361040331
09-01-2026 15:20||NIFTY27JAN2625300CE,0.1195141815221586
09-01-2026 15:20||NIFTY27JAN2625600CE,0.1049705956919242
09-01-2026 15:20||NIFTY27JAN2625800CE,0.1006960852615158
09-01-2026 15:20||NIFTY27JAN2626100CE,0.0975137835219279
09-01-2026 15:25||NIFTY27JAN2624100PE,0.1587909857765457
09-01-2026 15:25||NIFTY27JAN2624200PE,0.1525977232385261
09-01-2026 15:25||NIFTY27JAN2624400PE,0.1405379507859411
09-01-2026 15:25||NIFTY27JAN2625500CE,0.1163770489992284
09-01-2026 15:25||NIFTY27JAN2626000CE,0.1022316954658289
09-01-2026 15:25||NIFTY27JAN2626100CE,0.1009383748384869
12-01-2026 09:15||NIFTY27JAN2624000PE,0.1764222499486396
12-01-2026 09:15||NIFTY27JAN2624900PE,0.1249963553984488
12-01-2026 09:15||NIFTY27JAN2625200CE,0.1146756633811121
12-01-2026 09:15||NIFTY27JAN2626000CE,0.1026238073911451
12-01-2026 09:15||NIFTY27JAN2626100CE,0.1027471395128247
12-01-2026 09:20||NIFTY27JAN2624200PE,0.1631198863206243
12-01-2026 09:20||NIFTY27JAN2624600PE,0.1386187194811274
12-01-2026 09:20||NIFTY27JAN2624800PE,0.1283905644905601
12-01-2026 09:20||NIFTY27JAN2625000PE,0.1190681552570174
12-01-2026 09:20||NIFTY27JAN2625100PE,0.1144348808019518
12-01-2026 09:20||NIFTY27JAN2625200CE,0.1278428119407036
12-01-2026 09:20||NIFTY27JAN2625600CE,0.1138955078010756
12-01-2026 09:20||NIFTY27JAN2625800CE,0.1101321608456043
12-01-2026 09:25||NIFTY27JAN2624700PE,0.1324951315519882
12-01-2026 09:25||NIFTY27JAN2625800CE,0.1146662790604507
12-01-2026 09:25||NIFTY27JAN2626200CE,0.1132727099302438
12-01-2026 09:30||NIFTY27JAN2623900PE,0.1807082181803257
12-01-2026 09:30||NIFTY27JAN2624000PE,0.1747016213267578
12-01-2026 09:30||NIFTY27JAN2624400PE,0.1487580532452443
12-01-2026 09:30||NIFTY27JAN2625200CE,0.1397482178693121
12-01-2026 09:30||NIFTY27JAN2625600CE,0.1237624804496268
12-01-2026 09:30||NIFTY27JAN2625800CE,0.1175955038647112
12-01-2026 09:30||NIFTY27JAN2626000CE,0.1144584230730351
12-01-2026 09:35||NIFTY27JAN2623900PE,0.1793832112626739
12-01-2026 09:35||NIFTY27JAN2624500PE,0.1426918304457809
12-01-2026 09:35||NIFTY27JAN2624600PE,0.1372558938230434
12-01-2026 09:35||NIFTY27JAN2624700PE,0.131842009742146
12-01-2026 09:35||NIFTY27JAN2625000PE,0.1170562899767731
12-01-2026 09:35||NIFTY27JAN2625700CE,0.1184658855602832
12-01-2026 09:35||NIFTY27JAN2625800CE,0.1164695541088658
12-01-2026 09:35||NIFTY27JAN2625900CE,0.1144809454289778
12-01-2026 09:35||NIFTY27JAN2626200CE,0.1132521755778013
12-01-2026 09:35||NIFTY27JAN2626500CE,0.1191210396761557
12-01-2026 09:40||NIFTY27JAN2623900PE,0.1803780334378874
12-01-2026 09:40||NIFTY27JAN2624600PE,0.1392810041449344
12-01-2026 09:40||NIFTY27JAN2624700PE,0.1337843977869245
12-01-2026 09:40||NIFTY27JAN2625200CE,0.132043034440582
12-01-2026 09:40||NIFTY27JAN2625400CE,0.1242523621849933
12-01-2026 09:45||NIFTY27JAN2623900PE,0.1807829183747901
12-01-2026 09:45||NIFTY27JAN2624800PE,0.1258391330350681
12-01-2026 09:45||NIFTY27JAN2625000PE,0.1155702399739732
12-01-2026 09:45||NIFTY27JAN2626400CE,0.117475825416905
12-01-2026 09:45||NIFTY27JAN2626500CE,0.1185675078166742
12-01-2026 09:50||NIFTY27JAN2625000PE,0.1193315599774932
12-01-2026 09:50||NIFTY27JAN2625400CE,0.1267971554915458
12-01-2026 09:50||NIFTY27JAN2625900CE,0.1121254855044536
12-01-2026 09:50||NIFTY27JAN2626000CE,0.1109554970875512
12-01-2026 09:55||NIFTY27JAN2623800PE,0.1874409644218852
12-01-2026 09:55||NIFTY27JAN2625000PE,0.1200710020603514
12-01-2026 09:55||NIFTY27JAN2625100PE,0.1148728384992628
12-01-2026 09:55||NIFTY27JAN2625400CE,0.1166093011663802
12-01-2026 09:55||NIFTY27JAN2625700CE,0.109371702326309
12-01-2026 09:55||NIFTY27JAN2625900CE,0.1070988803060983
12-01-2026 09:55||NIFTY27JAN2626200CE,0.1084380057324887
12-01-2026 09:55||NIFTY27JAN2626400CE,0.113276174257189
12-01-2026 10:00||NIFTY27JAN2624800PE,0.12482438505188
12-01-2026 10:00||NIFTY27JAN2625200CE,0.1441748713520171
12-01-2026 10:00||NIFTY27JAN2625700CE,0.12064352138443
12-01-2026 10:00||NIFTY27JAN2626100CE,0.1140478026016579
12-01-2026 10:00||NIFTY27JAN2626200CE,0.1143444663760543
12-01-2026 10:05||NIFTY27JAN2623900PE,0.1825637761178785
12-01-2026 10:05||NIFTY27JAN2624300PE,0.1574817592218867
12-01-2026 10:05||NIFTY27JAN2624600PE,0.1399255949911328
12-01-2026 10:05||NIFTY27JAN2624700PE,0.1342642505122153
12-01-2026 10:05||NIFTY27JAN2624800PE,0.1286257802147671
12-01-2026 10:05||NIFTY27JAN2625100PE,0.1140479241993991
12-01-2026 10:10||NIFTY27JAN2624000PE,0.1748914201400716
12-01-2026 10:10||NIFTY27JAN2624100PE,0.1688281566936187
12-01-2026 10:10||NIFTY27JAN2624900PE,0.1227052710581845
12-01-2026 10:10||NIFTY27JAN2625600CE,0.1167642577978968
12-01-2026 10:10||NIFTY27JAN2626300CE,0.1133528457362443
12-01-2026 10:10||NIFTY27JAN2626400CE,0.1158561550330972
12-01-2026 10:15||NIFTY27JAN2623800PE,0.1854424319314173
12-01-2026 10:15||NIFTY27JAN2624500PE,0.1419070203721235
12-01-2026 10:15||NIFTY27JAN2624800PE,0.12452442537457
12-01-2026 10:15||NIFTY27JAN2625000PE,0.1140765543425334
12-01-2026 10:15||NIFTY27JAN2625100PE,0.1088839208987686
12-01-2026 10:15||NIFTY27JAN2626200CE,0.1130267080194142
12-01-2026 10:15||NIFTY27JAN2626400CE,0.1148099018700393
12-01-2026 10:15||NIFTY27JAN2626500CE,0.1156964392637306
12-01-2026 10:20||NIFTY27JAN2624200PE,0.1635562396302607
12-01-2026 10:20||NIFTY27JAN2624800PE,0.1275863441745699
12-01-2026 10:20||NIFTY27JAN2624900PE,0.1225430652888567
12-01-2026 10:20||NIFTY27JAN2625200CE,0.1320760396458074
12-01-2026 10:20||NIFTY27JAN2626500CE,0.1158807750252406
12-01-2026 10:25||NIFTY27JAN2623800PE,0.1865216352833856
12-01-2026 10:25||NIFTY27JAN2624300PE,0.156434749662889
12-01-2026 10:25||NIFTY27JAN2624400PE,0.1502948187003283
12-01-2026 10:25||NIFTY27JAN2624900PE,0.121350341339498
12-01-2026 10:25||NIFTY27JAN2625200CE,0.1428159802658012
12-01-2026 10:25||NIFTY27JAN2625800CE,0.114358078930644
12-01-2026 10:25||NIFTY27JAN2625900CE,0.1127324709179519
12-01-2026 10:25||NIFTY27JAN2626000CE,0.1111131273061993
12-01-2026 10:30||NIFTY27JAN2624500PE,0.1450577142516012
12-01-2026 10:30||NIFTY27JAN2625200CE,0.1282737822141751
12-01-2026 10:30||NIFTY27JAN2625800CE,0.1094008623927407
12-01-2026 10:30||NIFTY27JAN2626200CE,0.1080775858841411
12-01-2026 10:35||NIFTY27JAN2624600PE,0.1377273780140182
12-01-2026 10:35||NIFTY27JAN2625400CE,0.1239875098231699
12-01-2026 10:35||NIFTY27JAN2625700CE,0.1137195622430877
12-01-2026 10:35||NIFTY27JAN2626400CE,0.1139363825910205
12-01-2026 10:40||NIFTY27JAN2625000PE,0.1169613227024941
12-01-2026 10:40||NIFTY27JAN2625100PE,0.1116837978656636
12-01-2026 10:40||NIFTY27JAN2625300CE,0.1305579075348184
12-01-2026 10:40||NIFTY27JAN2625400CE,0.1251273223936346
12-01-2026 10:40||NIFTY27JAN2625500CE,0.1197180755594951
12-01-2026 10:40||NIFTY27JAN2626400CE,0.1131513920607402
12-01-2026 10:45||NIFTY27JAN2624400PE,0.1490576638998919
12-01-2026 10:45||NIFTY27JAN2625000PE,0.1155812599766931
12-01-2026 10:45||NIFTY27JAN2626000CE,0.1102587884585514
12-01-2026 10:45||NIFTY27JAN2626200CE,0.1113532147011096
12-01-2026 10:45||NIFTY27JAN2626300CE,0.1130698647588779
12-01-2026 10:50||NIFTY27JAN2623900PE,0.1831136296739367
12-01-2026 10:50||NIFTY27JAN2624900PE,0.1236001405357452
12-01-2026 10:50||NIFTY27JAN2625500CE,0.1120199128706834
12-01-2026 10:50||NIFTY27JAN2625600CE,0.1102965971368857
12-01-2026 10:50||NIFTY27JAN2626200CE,0.1061780629845361
12-01-2026 10:55||NIFTY27JAN2624000PE,0.1752019687122936
12-01-2026 10:55||NIFTY27JAN2624300PE,0.1562743795439409
12-01-2026 10:55||NIFTY27JAN2624400PE,0.1500444495933298
12-01-2026 10:55||NIFTY27JAN2624900PE,0.1221003815002486
12-01-2026 10:55||NIFTY27JAN2625100PE,0.1125587019098215
12-01-2026 10:55||NIFTY27JAN2625500CE,0.1170788529254206
12-01-2026 10:55||NIFTY27JAN2626200CE,0.1085230152744966
12-01-2026 10:55||NIFTY27JAN2626400CE,0.1135164583487775
12-01-2026 11:00||NIFTY27JAN2623800PE,0.1870798466396774
12-01-2026 11:00||NIFTY27JAN2624000PE,0.1743467916284479
12-01-2026 11:00||NIFTY27JAN2624500PE,0.1423923775159724
12-01-2026 11:00||NIFTY27JAN2624800PE,0.126349518129816
12-01-2026 11:00||NIFTY27JAN2624900PE,0.1217077907645579
12-01-2026 11:00||NIFTY27JAN2625000PE,0.1170846675669068
12-01-2026 11:00||NIFTY27JAN2625200CE,0.1295101254519518
12-01-2026 11:00||NIFTY27JAN2625400CE,0.1227033267544142
12-01-2026 11:00||NIFTY27JAN2625600CE,0.1161888964688528
12-01-2026 11:00||NIFTY27JAN2626000CE,0.1086791538440676
12-01-2026 11:00||NIFTY27JAN2626300CE,0.1119242015310364
12-01-2026 11:05||NIFTY27JAN2624100PE,0.1672462240268589
12-01-2026 11:05||NIFTY27JAN2624700PE,0.1301246457207015
12-01-2026 11:05||NIFTY27JAN2625200CE,0.1320567129148905
12-01-2026 11:05||NIFTY27JAN2625500CE,0.1206125520266897
12-01-2026 11:05||NIFTY27JAN2625600CE,0.1176367966389589
12-01-2026 11:05||NIFTY27JAN2625700CE,0.1146726426662018
12-01-2026 11:10||NIFTY27JAN2624400PE,0.1488915060932878
12-01-2026 11:10||NIFTY27JAN2624500PE,0.1427482412709917
12-01-2026 11:10||NIFTY27JAN2625200CE,0.1277776238083562
12-01-2026 11:10||NIFTY27JAN2625800CE,0.1091063178202377
12-01-2026 11:10||NIFTY27JAN2626000CE,0.1070597115377503
12-01-2026 11:15||NIFTY27JAN2625400CE,0.118834370064196
12-01-2026 11:15||NIFTY27JAN2625700CE,0.1116066579863072
12-01-2026 11:15||NIFTY27JAN2625800CE,0.1098900085798143
12-01-2026 11:20||NIFTY27JAN2624800PE,0.1238452519897132
12-01-2026 11:20||NIFTY27JAN2626400CE,0.1168817708495248
12-01-2026 11:25||NIFTY27JAN2623800PE,0.181602809291011
12-01-2026 11:25||NIFTY27JAN2624200PE,0.1575717525306662
12-01-2026 11:25||NIFTY27JAN2624300PE,0.151538487596075
12-01-2026 11:25||NIFTY27JAN2624700PE,0.1284949291222853
12-01-2026 11:25||NIFTY27JAN2625400CE,0.1209378050995232
12-01-2026 11:30||NIFTY27JAN2623900PE,0.176169138047195
12-01-2026 11:30||NIFTY27JAN2624000PE,0.1703825386366546
12-01-2026 11:35||NIFTY27JAN2624200PE,0.1570774999644262
12-01-2026 11:35||NIFTY27JAN2624400PE,0.145208073737105
12-01-2026 11:35||NIFTY27JAN2624700PE,0.1283101821594138
12-01-2026 11:35||NIFTY27JAN2624900PE,0.1192665762825766
12-01-2026 11:35||NIFTY27JAN2625300CE,0.1244110276446218
12-01-2026 11:35||NIFTY27JAN2625600CE,0.1156302636598298
12-01-2026 11:35||NIFTY27JAN2625800CE,0.1117722189852847
12-01-2026 11:40||NIFTY27JAN2624300PE,0.1518724718539624
12-01-2026 11:40||NIFTY27JAN2624400PE,0.1459892046721387
12-01-2026 11:40||NIFTY27JAN2625000PE,0.1158776499803999
12-01-2026 11:40||NIFTY27JAN2625200CE,0.1239521886646888
12-01-2026 11:40||NIFTY27JAN2625300CE,0.1220673767449326
12-01-2026 11:50||NIFTY27JAN2624700PE,0.12813525300981
12-01-2026 11:50||NIFTY27JAN2625600CE,0.1159500488155334
12-01-2026 11:50||NIFTY27JAN2625800CE,0.1124495889603293
12-01-2026 11:50||NIFTY27JAN2625900CE,0.1114829319379305
12-01-2026 11:55||NIFTY27JAN2624000PE,0.1695825728807083
12-01-2026 11:55||NIFTY27JAN2624900PE,0.1188017670461416
12-01-2026 11:55||NIFTY27JAN2625100PE,0.1106345673967157
12-01-2026 11:55||NIFTY27JAN2625700CE,0.1140910213907386
12-01-2026 11:55||NIFTY27JAN2626000CE,0.1109551250003081
12-01-2026 11:55||NIFTY27JAN2626500CE,0.1210978260578992
12-01-2026 12:00||NIFTY27JAN2624100PE,0.1634211721594901
12-01-2026 12:00||NIFTY27JAN2624900PE,0.1188871786938346
12-01-2026 12:00||NIFTY27JAN2625100PE,0.1111283390268801
12-01-2026 12:00||NIFTY27JAN2625900CE,0.1102288416959638
12-01-2026 12:05||NIFTY27JAN2624000PE,0.1697664166273628
12-01-2026 12:05||NIFTY27JAN2624900PE,0.1176214457601375
12-01-2026 12:05||NIFTY27JAN2625500CE,0.1192788137096339
12-01-2026 12:05||NIFTY27JAN2625800CE,0.11231660851864
12-01-2026 12:05||NIFTY27JAN2626000CE,0.1105900384616332
12-01-2026 12:10||NIFTY27JAN2623800PE,0.1824954927370121
12-01-2026 12:10||NIFTY27JAN2624200PE,0.1564849173124481
12-01-2026 12:10||NIFTY27JAN2624700PE,0.1245839962596354
12-01-2026 12:10||NIFTY27JAN2624800PE,0.1189807239094882
12-01-2026 12:10||NIFTY27JAN2625000PE,0.1089160499761331
12-01-2026 12:10||NIFTY27JAN2625800CE,0.1201493701409423
12-01-2026 12:15||NIFTY27JAN2625100PE,0.1087376846778037
12-01-2026 12:15||NIFTY27JAN2625900CE,0.1143068918841695
12-01-2026 12:15||NIFTY27JAN2626200CE,0.1129263072550824
12-01-2026 12:20||NIFTY27JAN2624400PE,0.1490269261929089
12-01-2026 12:20||NIFTY27JAN2624700PE,0.1304287449085241
12-01-2026 12:20||NIFTY27JAN2625100PE,0.1105277245980695
12-01-2026 12:20||NIFTY27JAN2625300CE,0.1447568181474951
12-01-2026 12:20||NIFTY27JAN2625500CE,0.1331202548769827
12-01-2026 12:20||NIFTY27JAN2626400CE,0.1175591193280326
12-01-2026 12:25||NIFTY27JAN2624800PE,0.1293302015863508
12-01-2026 12:25||NIFTY27JAN2625200CE,0.1265069504870934
12-01-2026 12:25||NIFTY27JAN2626300CE,0.1121820342254339
12-01-2026 12:30||NIFTY27JAN2623800PE,0.1868181132605088
12-01-2026 12:30||NIFTY27JAN2624800PE,0.1300604565591534
12-01-2026 12:30||NIFTY27JAN2624900PE,0.1252105089195549
12-01-2026 12:30||NIFTY27JAN2625500CE,0.1340553823282899
12-01-2026 12:30||NIFTY27JAN2625700CE,0.1252223540663095
12-01-2026 12:30||NIFTY27JAN2626500CE,0.1180762570799131
12-01-2026 12:35||NIFTY27JAN2624300PE,0.1622774073718644
12-01-2026 12:35||NIFTY27JAN2624600PE,0.1445928759828694
12-01-2026 12:35||NIFTY27JAN2624900PE,0.1292348895310545
12-01-2026 12:35||NIFTY27JAN2625100PE,0.1192051699615767
12-01-2026 12:35||NIFTY27JAN2626000CE,0.1104135288425267
12-01-2026 12:35||NIFTY27JAN2626300CE,0.1112420532368865
12-01-2026 12:40||NIFTY27JAN2624300PE,0.1589982786328895
12-01-2026 12:40||NIFTY27JAN2624400PE,0.1526228477766585
12-01-2026 12:40||NIFTY27JAN2624500PE,0.1462734923751
12-01-2026 12:40||NIFTY27JAN2625000PE,0.1189800199733865
12-01-2026 12:40||NIFTY27JAN2625300CE,0.149258537519561
12-01-2026 12:40||NIFTY27JAN2625500CE,0.1380994901691404
12-01-2026 12:40||NIFTY27JAN2626000CE,0.1197172499932198
12-01-2026 12:40||NIFTY27JAN2626200CE,0.1177239217531072
12-01-2026 12:45||NIFTY27JAN2624300PE,0.1647118826790253
12-01-2026 12:45||NIFTY27JAN2624500PE,0.1520922550666527
12-01-2026 12:45||NIFTY27JAN2624800PE,0.1350855140871977
12-01-2026 12:45||NIFTY27JAN2625000PE,0.1257006399750398
12-01-2026 12:45||NIFTY27JAN2625300CE,0.1289115810057465
12-01-2026 12:45||NIFTY27JAN2625700CE,0.1142746359394411
12-01-2026 12:45||NIFTY27JAN2625800CE,0.1120379917612726
12-01-2026 12:45||NIFTY27JAN2626000CE,0.1094743557676424
12-01-2026 12:45||NIFTY27JAN2626200CE,0.1094556011464977
12-01-2026 12:45||NIFTY27JAN2626400CE,0.1115984564476595
12-01-2026 12:50||NIFTY27JAN2624500PE,0.1509622346584329
12-01-2026 12:50||NIFTY27JAN2625300CE,0.1374659782373785
12-01-2026 12:50||NIFTY27JAN2625800CE,0.1190451356467351
12-01-2026 12:55||NIFTY27JAN2624500PE,0.1509855158920192
12-01-2026 12:55||NIFTY27JAN2624600PE,0.1453341458363069
12-01-2026 12:55||NIFTY27JAN2624700PE,0.1397057022941389
12-01-2026 12:55||NIFTY27JAN2625000PE,0.1240505399747731
12-01-2026 12:55||NIFTY27JAN2625400CE,0.1304414271302908
12-01-2026 12:55||NIFTY27JAN2625900CE,0.1131471621551113
12-01-2026 12:55||NIFTY27JAN2626200CE,0.1114350858780711
12-01-2026 13:00||NIFTY27JAN2624200PE,0.1675764049199873
12-01-2026 13:00||NIFTY27JAN2624500PE,0.1496185881021455
12-01-2026 13:00||NIFTY27JAN2624600PE,0.1435519885414684
12-01-2026 13:00||NIFTY27JAN2625500CE,0.1278890097885679
12-01-2026 13:00||NIFTY27JAN2626000CE,0.1149161562880119
12-01-2026 13:00||NIFTY27JAN2626100CE,0.1139161661122321
12-01-2026 13:00||NIFTY27JAN2626300CE,0.1134560171127169
12-01-2026 13:00||NIFTY27JAN2626500CE,0.114521964043571
12-01-2026 13:05||NIFTY27JAN2623900PE,0.1860483681668974
12-01-2026 13:05||NIFTY27JAN2624200PE,0.1682466115321455
12-01-2026 13:05||NIFTY27JAN2624500PE,0.1494617244529346
12-01-2026 13:05||NIFTY27JAN2624900PE,0.1280002208572463
12-01-2026 13:05||NIFTY27JAN2625300CE,0.1407701383142429
12-01-2026 13:05||NIFTY27JAN2625500CE,0.130840313700663
12-01-2026 13:05||NIFTY27JAN2626400CE,0.1151627840975668
12-01-2026 13:10||NIFTY27JAN2624700PE,0.1382492041834372
12-01-2026 13:10||NIFTY27JAN2624800PE,0.1331092601239922
12-01-2026 13:10||NIFTY27JAN2626400CE,0.1130733522807437
12-01-2026 13:15||NIFTY27JAN2623800PE,0.1888670231105708
12-01-2026 13:15||NIFTY27JAN2624500PE,0.1513775713940617
12-01-2026 13:15||NIFTY27JAN2624700PE,0.14017601919899
12-01-2026 13:15||NIFTY27JAN2624800PE,0.1350727414071545
12-01-2026 13:15||NIFTY27JAN2625100PE,0.1228043712957321
12-01-2026 13:15||NIFTY27JAN2625500CE,0.1167929411583778
12-01-2026 13:15||NIFTY27JAN2625800CE,0.1098165697588529
12-01-2026 13:15||NIFTY27JAN2626100CE,0.1071050478928374
12-01-2026 13:15||NIFTY27JAN2626300CE,0.1084249018640833
12-01-2026 13:15||NIFTY27JAN2626400CE,0.1097148894777744
12-01-2026 13:20||NIFTY27JAN2624200PE,0.1671458016292328
12-01-2026 13:20||NIFTY27JAN2624300PE,0.161285868062928
12-01-2026 13:20||NIFTY27JAN2625000PE,0.1224305599748264
12-01-2026 13:20||NIFTY27JAN2625200CE,0.1402897228237334
12-01-2026 13:20||NIFTY27JAN2625500CE,0.1263472450781623
12-01-2026 13:20||NIFTY27JAN2626200CE,0.1111896564877155
12-01-2026 13:20||NIFTY27JAN2626500CE,0.1152419848579958
12-01-2026 13:25||NIFTY27JAN2624300PE,0.1622681069623164
12-01-2026 13:25||NIFTY27JAN2624500PE,0.1507968319373933
12-01-2026 13:25||NIFTY27JAN2624600PE,0.145116894766298
12-01-2026 13:25||NIFTY27JAN2624800PE,0.134675372957783
12-01-2026 13:25||NIFTY27JAN2625500CE,0.1165652156740116
12-01-2026 13:25||NIFTY27JAN2625800CE,0.1099216375884801
12-01-2026 13:25||NIFTY27JAN2626000CE,0.1076639903821261
12-01-2026 13:25||NIFTY27JAN2626400CE,0.1089871916440997
12-01-2026 13:25||NIFTY27JAN2626500CE,0.1097215961675808
12-01-2026 13:30||NIFTY27JAN2623900PE,0.1835990585454809
12-01-2026 13:30||NIFTY27JAN2624400PE,0.154477725375474
12-01-2026 13:30||NIFTY27JAN2624800PE,0.1309263441745698
12-01-2026 13:30||NIFTY27JAN2624900PE,0.1258830652888568
12-01-2026 13:30||NIFTY27JAN2625100PE,0.115856986921351
12-01-2026 13:30||NIFTY27JAN2625300CE,0.1524744663627154
12-01-2026 13:30||NIFTY27JAN2625500CE,0.1391932470384707
12-01-2026 13:30||NIFTY27JAN2625600CE,0.133777773007937
12-01-2026 13:30||NIFTY27JAN2625700CE,0.1283834119901755
12-01-2026 13:35||NIFTY27JAN2624700PE,0.1402835121143657
12-01-2026 13:35||NIFTY27JAN2624900PE,0.1297251907366834
12-01-2026 13:35||NIFTY27JAN2625500CE,0.120173666391307
12-01-2026 13:35||NIFTY27JAN2625600CE,0.1177070249154651
12-01-2026 13:35||NIFTY27JAN2625900CE,0.1107924420785867
12-01-2026 13:40||NIFTY27JAN2623900PE,0.1861776057593956
12-01-2026 13:40||NIFTY27JAN2624000PE,0.1805986036296605
12-01-2026 13:40||NIFTY27JAN2624100PE,0.1750427990809616
12-01-2026 13:40||NIFTY27JAN2624800PE,0.1347378351174799
12-01-2026 13:40||NIFTY27JAN2624900PE,0.130064552237262
12-01-2026 13:40||NIFTY27JAN2625200CE,0.143038621667105
12-01-2026 13:40||NIFTY27JAN2625400CE,0.1265938779111069
12-01-2026 13:40||NIFTY27JAN2626100CE,0.1079498851301694
12-01-2026 13:40||NIFTY27JAN2626200CE,0.1079198854226461
12-01-2026 13:45||NIFTY27JAN2623800PE,0.1927424778133114
12-01-2026 13:45||NIFTY27JAN2623900PE,0.1869240919278939
12-01-2026 13:45||NIFTY27JAN2624600PE,0.1446317580936116
12-01-2026 13:45||NIFTY27JAN2625100PE,0.1199774451562082
12-01-2026 13:50||NIFTY27JAN2624200PE,0.1696665908709299
12-01-2026 13:50||NIFTY27JAN2625200CE,0.137462904270103
12-01-2026 13:50||NIFTY27JAN2625300CE,0.1334963298916408
12-01-2026 13:50||NIFTY27JAN2625400CE,0.1295454027900479
12-01-2026 13:50||NIFTY27JAN2626200CE,0.1092547805338182
12-01-2026 13:55||NIFTY27JAN2623800PE,0.1949136898640063
12-01-2026 13:55||NIFTY27JAN2624000PE,0.1828116283302303
12-01-2026 13:55||NIFTY27JAN2624100PE,0.1767983643074702
12-01-2026 13:55||NIFTY27JAN2624700PE,0.1401490080671377
12-01-2026 13:55||NIFTY27JAN2624900PE,0.1298953112189351
12-01-2026 13:55||NIFTY27JAN2626100CE,0.1078536685791179
12-01-2026 13:55||NIFTY27JAN2626400CE,0.1093330871285945
12-01-2026 14:00||NIFTY27JAN2624000PE,0.1820186874672668
12-01-2026 14:00||NIFTY27JAN2624400PE,0.1578824279236048
12-01-2026 14:00||NIFTY27JAN2624500PE,0.1517500402614384
12-01-2026 14:00||NIFTY27JAN2624600PE,0.1456426318443023
12-01-2026 14:00||NIFTY27JAN2625000PE,0.1244298399729064
12-01-2026 14:00||NIFTY27JAN2625400CE,0.1224608169183274
12-01-2026 14:00||NIFTY27JAN2625600CE,0.1170773128722446
12-01-2026 14:00||NIFTY27JAN2625700CE,0.1138273458045636
12-01-2026 14:00||NIFTY27JAN2626300CE,0.1084077918763755
12-01-2026 14:00||NIFTY27JAN2626400CE,0.1095811139436088
12-01-2026 14:05||NIFTY27JAN2624400PE,0.1571277458673345
12-01-2026 14:05||NIFTY27JAN2624600PE,0.1447670324846112
12-01-2026 14:05||NIFTY27JAN2624800PE,0.1331143648905351
12-01-2026 14:05||NIFTY27JAN2625800CE,0.1154086143250963
12-01-2026 14:05||NIFTY27JAN2626000CE,0.1108475576862861
12-01-2026 14:05||NIFTY27JAN2626200CE,0.1093295228996049
12-01-2026 14:05||NIFTY27JAN2626400CE,0.1088314240586482
12-01-2026 14:05||NIFTY27JAN2626500CE,0.1085837879151589
12-01-2026 14:10||NIFTY27JAN2624100PE,0.1769569294230738
12-01-2026 14:10||NIFTY27JAN2624600PE,0.1462020629725002
12-01-2026 14:10||NIFTY27JAN2624800PE,0.1347397177140718
12-01-2026 14:10||NIFTY27JAN2625200CE,0.1404894456474672
12-01-2026 14:10||NIFTY27JAN2625500CE,0.1168778529228575
12-01-2026 14:10||NIFTY27JAN2626400CE,0.1077885132659772
12-01-2026 14:15||NIFTY27JAN2624100PE,0.1754243743970485
12-01-2026 14:15||NIFTY27JAN2624200PE,0.1692444450399503
12-01-2026 14:15||NIFTY27JAN2624900PE,0.128525150575933
12-01-2026 14:15||NIFTY27JAN2625800CE,0.112559757738812
12-01-2026 14:20||NIFTY27JAN2624400PE,0.1561338996028864
12-01-2026 14:20||NIFTY27JAN2624500PE,0.1498336728993126
12-01-2026 14:20||NIFTY27JAN2624600PE,0.1435591091047468
12-01-2026 14:20||NIFTY27JAN2625000PE,0.1212194399718397
12-01-2026 14:20||NIFTY27JAN2625200CE,0.1504228119407039
12-01-2026 14:20||NIFTY27JAN2625700CE,0.1233010700163766
12-01-2026 14:20||NIFTY27JAN2626200CE,0.1117491030512573
12-01-2026 14:20||NIFTY27JAN2626500CE,0.1123579584072253
12-01-2026 14:25||NIFTY27JAN2623900PE,0.1881232112626739
12-01-2026 14:25||NIFTY27JAN2624200PE,0.1709421797155808
12-01-2026 14:25||NIFTY27JAN2624500PE,0.1526814455656483
12-01-2026 14:25||NIFTY27JAN2624600PE,0.1464981806288044
12-01-2026 14:25||NIFTY27JAN2626300CE,0.10672639734177
12-01-2026 14:25||NIFTY27JAN2626500CE,0.1081908291065883
12-01-2026 14:30||NIFTY27JAN2623900PE,0.1880140480851993
12-01-2026 14:30||NIFTY27JAN2624200PE,0.1709969834340304
12-01-2026 14:30||NIFTY27JAN2625200CE,0.1234244158791947
12-01-2026 14:30||NIFTY27JAN2625700CE,0.1090406906506044
12-01-2026 14:30||NIFTY27JAN2626200CE,0.1047910877889006
12-01-2026 14:35||NIFTY27JAN2624500PE,0.1489470203721234
12-01-2026 14:35||NIFTY27JAN2625100PE,0.1163488024452494
12-01-2026 14:35||NIFTY27JAN2625900CE,0.1172933449909383
12-01-2026 14:35||NIFTY27JAN2626000CE,0.1152744998471357
12-01-2026 14:35||NIFTY27JAN2626100CE,0.1132634046077928
12-01-2026 14:35||NIFTY27JAN2626400CE,0.11126
12-01-2026 14:35||NIFTY27JAN2626500CE,0.11126
12-01-2026 14:40||NIFTY27JAN2624100PE,0.1763322510007602
12-01-2026 14:40||NIFTY27JAN2624300PE,0.1640122942028206
12-01-2026 14:40||NIFTY27JAN2624500PE,0.1516774285365222
12-01-2026 14:40||NIFTY27JAN2625100PE,0.1196881238007289
12-01-2026 14:40||NIFTY27JAN2625300CE,0.1342908596469756
12-01-2026 14:40||NIFTY27JAN2625600CE,0.1193375292778758
12-01-2026 14:40||NIFTY27JAN2626400CE,0.1093221022777545
12-01-2026 14:45||NIFTY27JAN2624000PE,0.1825248020538252
12-01-2026 14:45||NIFTY27JAN2624600PE,0.1466774389897958
12-01-2026 14:45||NIFTY27JAN2625000PE,0.1247897599726932
12-01-2026 14:45||NIFTY27JAN2625300CE,0.1269503754690106
12-01-2026 14:45||NIFTY27JAN2625500CE,0.1185681078254717
12-01-2026 14:45||NIFTY27JAN2626000CE,0.1074246046427438
12-01-2026 14:45||NIFTY27JAN2626100CE,0.1069211493876026
12-01-2026 14:45||NIFTY27JAN2626200CE,0.1064196193962647
12-01-2026 14:45||NIFTY27JAN2626500CE,0.1084352362835258
12-01-2026 14:50||NIFTY27JAN2624000PE,0.1829280832988518
12-01-2026 14:50||NIFTY27JAN2624400PE,0.1581328380807076
12-01-2026 14:50||NIFTY27JAN2624800PE,0.1339990322283434
12-01-2026 14:50||NIFTY27JAN2625100PE,0.1183504391761523
12-01-2026 14:50||NIFTY27JAN2625600CE,0.1221722070114313
12-01-2026 14:50||NIFTY27JAN2626000CE,0.1096467115303538
12-01-2026 14:50||NIFTY27JAN2626300CE,0.1076495419202762
12-01-2026 14:50||NIFTY27JAN2626400CE,0.1084062013215886
12-01-2026 14:55||NIFTY27JAN2624300PE,0.1644923970837694
12-01-2026 14:55||NIFTY27JAN2624500PE,0.1519819693515737
12-01-2026 14:55||NIFTY27JAN2624700PE,0.1398834311424847
12-01-2026 14:55||NIFTY27JAN2624900PE,0.1291599397319927
12-01-2026 14:55||NIFTY27JAN2625100PE,0.1191800201603771
12-01-2026 14:55||NIFTY27JAN2626200CE,0.1073791603033047
12-01-2026 15:00||NIFTY27JAN2623800PE,0.1950351156540038
12-01-2026 15:00||NIFTY27JAN2623900PE,0.1890049687571586
12-01-2026 15:00||NIFTY27JAN2624300PE,0.1644171810337769
12-01-2026 15:00||NIFTY27JAN2624700PE,0.1397980713373989
12-01-2026 15:00||NIFTY27JAN2624800PE,0.1343781303252993
12-01-2026 15:00||NIFTY27JAN2626000CE,0.1084814648431095
12-01-2026 15:00||NIFTY27JAN2626100CE,0.1071281448052208
12-01-2026 15:05||NIFTY27JAN2623800PE,0.1933400419873222
12-01-2026 15:05||NIFTY27JAN2624200PE,0.1717968362549903
12-01-2026 15:05||NIFTY27JAN2624300PE,0.1653802423328422
12-01-2026 15:05||NIFTY27JAN2624900PE,0.1300248694506793
12-01-2026 15:05||NIFTY27JAN2625900CE,0.1075774517311203
12-01-2026 15:05||NIFTY27JAN2626200CE,0.1048148187018498
12-01-2026 15:10||NIFTY27JAN2624000PE,0.1832647603870379
12-01-2026 15:10||NIFTY27JAN2624500PE,0.1526739359295674
12-01-2026 15:10||NIFTY27JAN2624600PE,0.1462840066120851
12-01-2026 15:10||NIFTY27JAN2625200CE,0.137214732763884
12-01-2026 15:10||NIFTY27JAN2625600CE,0.1135688964688528
12-01-2026 15:10||NIFTY27JAN2625900CE,0.1064920559772413
12-01-2026 15:10||NIFTY27JAN2626200CE,0.1039514311084635
12-01-2026 15:10||NIFTY27JAN2626300CE,0.1046402281872734
12-01-2026 15:10||NIFTY27JAN2626400CE,0.105326411229137
12-01-2026 15:15||NIFTY27JAN2623900PE,0.1908392216714559
12-01-2026 15:15||NIFTY27JAN2624000PE,0.1850726220284634
12-01-2026 15:15||NIFTY27JAN2624500PE,0.1535413571049757
12-01-2026 15:15||NIFTY27JAN2624900PE,0.1298193373207347
12-01-2026 15:15||NIFTY27JAN2625200CE,0.1407526790492422
12-01-2026 15:15||NIFTY27JAN2625400CE,0.1290504479499078
12-01-2026 15:15||NIFTY27JAN2625500CE,0.1232338411536704
12-01-2026 15:20||NIFTY27JAN2624100PE,0.1811689954384523
12-01-2026 15:20||NIFTY27JAN2624200PE,0.1744957383872602
12-01-2026 15:20||NIFTY27JAN2624400PE,0.1613802774163457
12-01-2026 15:20||NIFTY27JAN2624500PE,0.1549370159396781
12-01-2026 15:20||NIFTY27JAN2625000PE,0.1243487199699198
12-01-2026 15:20||NIFTY27JAN2625200CE,0.1397568033059882
12-01-2026 15:20||NIFTY27JAN2625300CE,0.1340822091304655
12-01-2026 15:20||NIFTY27JAN2626200CE,0.1052267302398166
12-01-2026 15:20||NIFTY27JAN2626300CE,0.1052433967452318
12-01-2026 15:25||NIFTY27JAN2624200PE,0.173960733430473
12-01-2026 15:25||NIFTY27JAN2624600PE,0.1486319206956854
12-01-2026 15:25||NIFTY27JAN2625400CE,0.1182296152181108
12-01-2026 15:25||NIFTY27JAN2625500CE,0.1147429844393921
12-01-2026 15:25||NIFTY27JAN2625700CE,0.108654922166175
13-01-2026 09:15||NIFTY27JAN2624000PE,0.1901138957867352
13-01-2026 09:15||NIFTY27JAN2624700PE,0.1449638360018903
13-01-2026 09:15||NIFTY27JAN2625500CE,0.1006832440466519
13-01-2026 09:15||NIFTY27JAN2625600CE,0.0998099196322322
13-01-2026 09:15||NIFTY27JAN2625800CE,0.0984179857855565
13-01-2026 09:15||NIFTY27JAN2625900CE,0.0978979909735074
13-01-2026 09:15||NIFTY27JAN2626100CE,0.09731988505719
13-01-2026 09:20||NIFTY27JAN2623800PE,0.2010770860330756
13-01-2026 09:20||NIFTY27JAN2624500PE,0.1559095284900453
13-01-2026 09:20||NIFTY27JAN2624600PE,0.1492562687520721
13-01-2026 09:20||NIFTY27JAN2624800PE,0.137018709646824
13-01-2026 09:25||NIFTY27JAN2623800PE,0.1987861426048515
13-01-2026 09:25||NIFTY27JAN2624200PE,0.176037871866311
13-01-2026 09:25||NIFTY27JAN2624400PE,0.1651497130859565
13-01-2026 09:25||NIFTY27JAN2624600PE,0.1540326117544994
13-01-2026 09:25||NIFTY27JAN2624800PE,0.1430000402955912
13-01-2026 09:25||NIFTY27JAN2625300CE,0.0766884486255803
13-01-2026 09:25||NIFTY27JAN2625500CE,0.0828837157086139
13-01-2026 09:30||NIFTY27JAN2624500PE,0.1551420509844535
13-01-2026 09:30||NIFTY27JAN2625300CE,0.095598428862683
13-01-2026 09:30||NIFTY27JAN2625500CE,0.0979161470617636
13-01-2026 09:30||NIFTY27JAN2625700CE,0.0989308365779865
13-01-2026 09:30||NIFTY27JAN2626000CE,0.099850538462866
13-01-2026 09:30||NIFTY27JAN2626200CE,0.1011669751956354
13-01-2026 09:35||NIFTY27JAN2624000PE,0.1861636666194056
13-01-2026 09:35||NIFTY27JAN2625000PE,0.1256853699743197
13-01-2026 09:35||NIFTY27JAN2625300CE,0.1141719367378981
13-01-2026 09:35||NIFTY27JAN2625700CE,0.1080128429241954
13-01-2026 09:35||NIFTY27JAN2625800CE,0.1070295194777577
13-01-2026 09:40||NIFTY27JAN2625200CE,0.1184071405749974
13-01-2026 09:40||NIFTY27JAN2625400CE,0.1143009743990492
13-01-2026 09:40||NIFTY27JAN2625600CE,0.110827207024147
13-01-2026 09:45||NIFTY27JAN2623800PE,0.1925827044396623
13-01-2026 09:45||NIFTY27JAN2624500PE,0.1534023366995325
13-01-2026 09:45||NIFTY27JAN2625400CE,0.0998756102248801
13-01-2026 09:45||NIFTY27JAN2625800CE,0.0992541596777204
13-01-2026 09:45||NIFTY27JAN2625900CE,0.0994674908826636
13-01-2026 09:50||NIFTY27JAN2623900PE,0.1913134413888684
13-01-2026 09:50||NIFTY27JAN2624500PE,0.1532177315364505
13-01-2026 09:50||NIFTY27JAN2624600PE,0.1469411342986732
13-01-2026 09:50||NIFTY27JAN2625000PE,0.1247219639867796
13-01-2026 09:50||NIFTY27JAN2625100PE,0.1192857165984657
13-01-2026 09:50||NIFTY27JAN2626300CE,0.1056075570403819
13-01-2026 09:55||NIFTY27JAN2624100PE,0.1782514929325434
13-01-2026 09:55||NIFTY27JAN2624200PE,0.1716404745859056
13-01-2026 09:55||NIFTY27JAN2624300PE,0.1650567182480193
13-01-2026 09:55||NIFTY27JAN2624700PE,0.1412943420761473
13-01-2026 09:55||NIFTY27JAN2625600CE,0.1044447753900537
13-01-2026 10:00||NIFTY27JAN2624200PE,0.1694144007820525
13-01-2026 10:00||NIFTY27JAN2626300CE,0.1120313878360437
13-01-2026 10:00||NIFTY27JAN2626500CE,0.1134858574800128
13-01-2026 10:05||NIFTY27JAN2624000PE,0.1815929062150062
13-01-2026 10:05||NIFTY27JAN2624800PE,0.134159153196413
13-01-2026 10:05||NIFTY27JAN2626400CE,0.1098982670532672
13-01-2026 10:10||NIFTY27JAN2624100PE,0.1794091198345832
13-01-2026 10:10||NIFTY27JAN2624200PE,0.1727658624404642
13-01-2026 10:10||NIFTY27JAN2624500PE,0.1538170815967833
13-01-2026 10:10||NIFTY27JAN2624700PE,0.1422143218331769
13-01-2026 10:10||NIFTY27JAN2625100PE,0.1240942116146684
13-01-2026 10:10||NIFTY27JAN2625800CE,0.1014737693767636
13-01-2026 10:15||NIFTY27JAN2624500PE,0.1528568162899242
13-01-2026 10:15||NIFTY27JAN2624800PE,0.1362604162633992
13-01-2026 10:15||NIFTY27JAN2624900PE,0.1314004687317603
13-01-2026 10:15||NIFTY27JAN2625100PE,0.1217388545481359
13-01-2026 10:15||NIFTY27JAN2625800CE,0.1022989534857517
13-01-2026 10:20||NIFTY27JAN2623900PE,0.1908829183747901
13-01-2026 10:20||NIFTY27JAN2624100PE,0.1783910684247526
13-01-2026 10:20||NIFTY27JAN2625300CE,0.1180773418772928
13-01-2026 10:20||NIFTY27JAN2625700CE,0.1063275875425505
13-01-2026 10:20||NIFTY27JAN2626500CE,0.1078641398725914
13-01-2026 10:25||NIFTY27JAN2623900PE,0.1913077823911296
13-01-2026 10:25||NIFTY27JAN2624200PE,0.1724896590472503
13-01-2026 10:25||NIFTY27JAN2624500PE,0.1518461224104466
13-01-2026 10:25||NIFTY27JAN2624700PE,0.1392582793202074
13-01-2026 10:25||NIFTY27JAN2625100PE,0.1179392415681747
13-01-2026 10:25||NIFTY27JAN2625700CE,0.1152389007628194
13-01-2026 10:30||NIFTY27JAN2623800PE,0.1990917191410732
13-01-2026 10:30||NIFTY27JAN2624400PE,0.1618422643086095
13-01-2026 10:30||NIFTY27JAN2624600PE,0.1494482823942565
13-01-2026 10:30||NIFTY27JAN2624700PE,0.1432816833873928
13-01-2026 10:30||NIFTY27JAN2624900PE,0.1318794578029863
13-01-2026 10:30||NIFTY27JAN2625300CE,0.119052845779098
13-01-2026 10:30||NIFTY27JAN2625900CE,0.102549564557271
13-01-2026 10:30||NIFTY27JAN2626000CE,0.1020410961153456
13-01-2026 10:30||NIFTY27JAN2626100CE,0.1015345795724341
13-01-2026 10:30||NIFTY27JAN2626400CE,0.1036286647814911
13-01-2026 10:35||NIFTY27JAN2623800PE,0.2024224500356971
13-01-2026 10:35||NIFTY27JAN2623900PE,0.1950007307780414
13-01-2026 10:35||NIFTY27JAN2624300PE,0.1676473044909155
13-01-2026 10:35||NIFTY27JAN2624600PE,0.1487920019967224
13-01-2026 10:35||NIFTY27JAN2625000PE,0.1265352099738931
13-01-2026 10:35||NIFTY27JAN2626000CE,0.1021865769800536
13-01-2026 10:35||NIFTY27JAN2626100CE,0.102163243875952
13-01-2026 10:40||NIFTY27JAN2623900PE,0.192069138047195
13-01-2026 10:40||NIFTY27JAN2624000PE,0.1862825386366547
13-01-2026 10:40||NIFTY27JAN2624400PE,0.1604547711667909
13-01-2026 10:40||NIFTY27JAN2624500PE,0.1542948398636965
13-01-2026 10:40||NIFTY27JAN2624800PE,0.1363392540031378
13-01-2026 10:40||NIFTY27JAN2626300CE,0.1036674239602133
13-01-2026 10:45||NIFTY27JAN2623900PE,0.1903080961995767
13-01-2026 10:45||NIFTY27JAN2624900PE,0.128654086316044
13-01-2026 10:45||NIFTY27JAN2625200CE,0.1323041783591714
13-01-2026 10:45||NIFTY27JAN2625600CE,0.1102252538941799
13-01-2026 10:50||NIFTY27JAN2624900PE,0.1312900935210172
13-01-2026 10:50||NIFTY27JAN2625000PE,0.1263301466405871
13-01-2026 10:50||NIFTY27JAN2625500CE,0.1079854077471414
13-01-2026 10:50||NIFTY27JAN2625600CE,0.1046439450474505
13-01-2026 10:50||NIFTY27JAN2625700CE,0.1013155095258529
13-01-2026 10:50||NIFTY27JAN2625900CE,0.0981603088810763
13-01-2026 10:55||NIFTY27JAN2624300PE,0.1634709913781711
13-01-2026 10:55||NIFTY27JAN2624400PE,0.1572277282441448
13-01-2026 10:55||NIFTY27JAN2625200CE,0.137046871383325
13-01-2026 10:55||NIFTY27JAN2625700CE,0.1102414104967788
13-01-2026 10:55||NIFTY27JAN2626400CE,0.1067133144018652
13-01-2026 11:00||NIFTY27JAN2623900PE,0.1900229183747901
13-01-2026 11:00||NIFTY27JAN2624200PE,0.1711275826092894
13-01-2026 11:00||NIFTY27JAN2625000PE,0.1243901599737598
13-01-2026 11:00||NIFTY27JAN2625700CE,0.1031794966290232
13-01-2026 11:00||NIFTY27JAN2625800CE,0.102192839882767
13-01-2026 11:00||NIFTY27JAN2626400CE,0.1037181344771925
13-01-2026 11:05||NIFTY27JAN2624100PE,0.1763712758942276
13-01-2026 11:05||NIFTY27JAN2624800PE,0.1327342035997754
13-01-2026 11:05||NIFTY27JAN2625100PE,0.1178890020465792
13-01-2026 11:05||NIFTY27JAN2625800CE,0.1094956201440721
13-01-2026 11:10||NIFTY27JAN2623900PE,0.1893781171201398
13-01-2026 11:10||NIFTY27JAN2624800PE,0.1339722222828073
13-01-2026 11:10||NIFTY27JAN2624900PE,0.1285164879963247
13-01-2026 11:10||NIFTY27JAN2625000PE,0.1230826204389921
13-01-2026 11:10||NIFTY27JAN2625100PE,0.117670445025447
13-01-2026 11:10||NIFTY27JAN2625900CE,0.1033034845522193
13-01-2026 11:10||NIFTY27JAN2626400CE,0.1038280019011179
13-01-2026 11:15||NIFTY27JAN2624500PE,0.1509116224118349
13-01-2026 11:15||NIFTY27JAN2625100PE,0.1195871257940808
13-01-2026 11:15||NIFTY27JAN2625200CE,0.114790527481236
13-01-2026 11:15||NIFTY27JAN2625300CE,0.1130468244752584
13-01-2026 11:20||NIFTY27JAN2624900PE,0.1284697590086153
13-01-2026 11:20||NIFTY27JAN2626100CE,0.1012640517218178
13-01-2026 11:25||NIFTY27JAN2624000PE,0.1825118437119317
13-01-2026 11:25||NIFTY27JAN2624500PE,0.1498617040447145
13-01-2026 11:25||NIFTY27JAN2624800PE,0.132399677391382
13-01-2026 11:25||NIFTY27JAN2625600CE,0.1120437890467047
13-01-2026 11:25||NIFTY27JAN2626000CE,0.1030132788419103
13-01-2026 11:25||NIFTY27JAN2626200CE,0.1021049713739763
13-01-2026 11:25||NIFTY27JAN2626400CE,0.1037481344771925
13-01-2026 11:30||NIFTY27JAN2625100PE,0.1173093214087065
13-01-2026 11:30||NIFTY27JAN2625500CE,0.1152082842965123
13-01-2026 11:30||NIFTY27JAN2625800CE,0.1082785581623684
13-01-2026 11:30||NIFTY27JAN2625900CE,0.1061852457138635
13-01-2026 11:35||NIFTY27JAN2623800PE,0.1976209636327978
13-01-2026 11:35||NIFTY27JAN2623900PE,0.1909214954119567
13-01-2026 11:35||NIFTY27JAN2624100PE,0.1776062447738064
13-01-2026 11:35||NIFTY27JAN2624900PE,0.1294299196516173
13-01-2026 11:35||NIFTY27JAN2625300CE,0.1101418280549819
13-01-2026 11:35||NIFTY27JAN2626000CE,0.0994741634594759
13-01-2026 11:35||NIFTY27JAN2626300CE,0.1002065304219386
13-01-2026 11:35||NIFTY27JAN2626500CE,0.1018104318786443
13-01-2026 11:40||NIFTY27JAN2623800PE,0.1924476101143837
13-01-2026 11:40||NIFTY27JAN2624500PE,0.1515164081255257
13-01-2026 11:40||NIFTY27JAN2624900PE,0.13016012045537
13-01-2026 11:40||NIFTY27JAN2625300CE,0.0980790520021581
13-01-2026 11:40||NIFTY27JAN2625400CE,0.0978390544919848
13-01-2026 11:45||NIFTY27JAN2623800PE,0.191641719141073
13-01-2026 11:45||NIFTY27JAN2625000PE,0.1221551699737865
13-01-2026 11:45||NIFTY27JAN2625400CE,0.1125932086438728
13-01-2026 11:45||NIFTY27JAN2625800CE,0.1046062015408767
13-01-2026 11:45||NIFTY27JAN2626200CE,0.1020913755431808
13-01-2026 11:45||NIFTY27JAN2626300CE,0.1032084791691781
13-01-2026 11:45||NIFTY27JAN2626400CE,0.1043213433025277
13-01-2026 11:50||NIFTY27JAN2624000PE,0.180747645797586
13-01-2026 11:50||NIFTY27JAN2624300PE,0.1625475719813824
13-01-2026 11:50||NIFTY27JAN2625100PE,0.1198765269900921
13-01-2026 11:50||NIFTY27JAN2626200CE,0.0984838906767758
13-01-2026 11:50||NIFTY27JAN2626300CE,0.0995038808081877
13-01-2026 11:55||NIFTY27JAN2624300PE,0.160703302436119
13-01-2026 11:55||NIFTY27JAN2624800PE,0.1315999193275213
13-01-2026 11:55||NIFTY27JAN2625000PE,0.1220258499755998
13-01-2026 11:55||NIFTY27JAN2625400CE,0.1108350469247096
13-01-2026 11:55||NIFTY27JAN2625500CE,0.1078817439897719
13-01-2026 12:00||NIFTY27JAN2624500PE,0.1476169183310239
13-01-2026 12:00||NIFTY27JAN2625000PE,0.1211257699753864
13-01-2026 12:00||NIFTY27JAN2625900CE,0.1023791312719728
13-01-2026 12:05||NIFTY27JAN2623800PE,0.1915374214638258
13-01-2026 12:05||NIFTY27JAN2624500PE,0.1465619693515737
13-01-2026 12:05||NIFTY27JAN2624700PE,0.1347890890390187
13-01-2026 12:05||NIFTY27JAN2625000PE,0.1197404399745064
13-01-2026 12:05||NIFTY27JAN2625300CE,0.1125135770583746
13-01-2026 12:05||NIFTY27JAN2625800CE,0.1050020251863499
13-01-2026 12:10||NIFTY27JAN2624500PE,0.148062806088591
13-01-2026 12:10||NIFTY27JAN2625000PE,0.1226364499771998
13-01-2026 12:10||NIFTY27JAN2625200CE,0.1146785545299432
13-01-2026 12:10||NIFTY27JAN2625500CE,0.1000760657486488
13-01-2026 12:10||NIFTY27JAN2625600CE,0.0999227339812316
13-01-2026 12:15||NIFTY27JAN2624200PE,0.1653671253140268
13-01-2026 12:15||NIFTY27JAN2624300PE,0.159020530598302
13-01-2026 12:15||NIFTY27JAN2625300CE,0.1155735474270478
13-01-2026 12:15||NIFTY27JAN2625800CE,0.1064816375884801
13-01-2026 12:15||NIFTY27JAN2626500CE,0.107315311898073
13-01-2026 12:20||NIFTY27JAN2624100PE,0.1714859750634887
13-01-2026 12:20||NIFTY27JAN2624700PE,0.1363096760851569
13-01-2026 12:20||NIFTY27JAN2625100PE,0.1182452894618485
13-01-2026 12:20||NIFTY27JAN2625700CE,0.1019343482473826
13-01-2026 12:25||NIFTY27JAN2623800PE,0.186812306144886
13-01-2026 12:25||NIFTY27JAN2624200PE,0.164243489156941
13-01-2026 12:25||NIFTY27JAN2624300PE,0.1578235619392488
13-01-2026 12:25||NIFTY27JAN2624500PE,0.1449518060858144
13-01-2026 12:25||NIFTY27JAN2625700CE,0.1107059727524836
13-01-2026 12:30||NIFTY27JAN2623900PE,0.1831113295977496
13-01-2026 12:30||NIFTY27JAN2624000PE,0.1769285827382137
13-01-2026 12:30||NIFTY27JAN2624100PE,0.1707715438400599
13-01-2026 12:30||NIFTY27JAN2624400PE,0.1532838011981578
13-01-2026 12:30||NIFTY27JAN2624700PE,0.1357344230480284
13-01-2026 12:30||NIFTY27JAN2624900PE,0.1259708835096301
13-01-2026 12:30||NIFTY27JAN2626000CE,0.1005452788468413
13-01-2026 12:30||NIFTY27JAN2626400CE,0.1049549431936391
13-01-2026 12:35||NIFTY27JAN2624200PE,0.1633765449238979
13-01-2026 12:35||NIFTY27JAN2624300PE,0.1576966093169677
13-01-2026 12:35||NIFTY27JAN2624600PE,0.1405822662250924
13-01-2026 12:35||NIFTY27JAN2624800PE,0.1293299394888664
13-01-2026 12:35||NIFTY27JAN2625100PE,0.115827045953549
13-01-2026 12:35||NIFTY27JAN2625900CE,0.1030349517373318
13-01-2026 12:35||NIFTY27JAN2626100CE,0.1029148180072175
13-01-2026 12:35||NIFTY27JAN2626400CE,0.1061792708435464
13-01-2026 12:40||NIFTY27JAN2624100PE,0.1696716493392826
13-01-2026 12:40||NIFTY27JAN2624300PE,0.1574631172504112
13-01-2026 12:40||NIFTY27JAN2624600PE,0.1407306385366345
13-01-2026 12:40||NIFTY27JAN2624700PE,0.135144033166092
13-01-2026 12:40||NIFTY27JAN2625100PE,0.1168355689037098
13-01-2026 12:40||NIFTY27JAN2626500CE,0.1066637996071289
13-01-2026 12:45||NIFTY27JAN2625300CE,0.0992186165971883
13-01-2026 12:45||NIFTY27JAN2626200CE,0.1015777385562675
13-01-2026 12:50||NIFTY27JAN2623900PE,0.1811788493398496
13-01-2026 12:50||NIFTY27JAN2624100PE,0.1693064314963338
13-01-2026 12:50||NIFTY27JAN2624600PE,0.1403083942769797
13-01-2026 12:50||NIFTY27JAN2625400CE,0.1067818141784904
13-01-2026 12:50||NIFTY27JAN2625500CE,0.1055484935397467
13-01-2026 12:55||NIFTY27JAN2624000PE,0.1740799270397192
13-01-2026 12:55||NIFTY27JAN2624300PE,0.1572179012004186
13-01-2026 12:55||NIFTY27JAN2624500PE,0.14549307139545
13-01-2026 12:55||NIFTY27JAN2624700PE,0.1347951720379288
13-01-2026 12:55||NIFTY27JAN2625000PE,0.1205089579666912
13-01-2026 12:55||NIFTY27JAN2625100PE,0.1158167225384567
13-01-2026 12:55||NIFTY27JAN2625300CE,0.1127548319893346
13-01-2026 12:55||NIFTY27JAN2625500CE,0.1063675490133256
13-01-2026 12:55||NIFTY27JAN2626200CE,0.1046478339763465
13-01-2026 12:55||NIFTY27JAN2626400CE,0.1076065410916296
13-01-2026 12:55||NIFTY27JAN2626500CE,0.1090774997839554
13-01-2026 13:00||NIFTY27JAN2624000PE,0.17446818746582
13-01-2026 13:00||NIFTY27JAN2624600PE,0.1397204760440567
13-01-2026 13:00||NIFTY27JAN2624700PE,0.1340938711123885
13-01-2026 13:00||NIFTY27JAN2626400CE,0.1094618276678423
13-01-2026 13:05||NIFTY27JAN2624000PE,0.1748214270440595
13-01-2026 13:05||NIFTY27JAN2624600PE,0.1387825304534624
13-01-2026 13:05||NIFTY27JAN2625200CE,0.1217697624277971
13-01-2026 13:05||NIFTY27JAN2625700CE,0.1081421303429533
13-01-2026 13:05||NIFTY27JAN2626500CE,0.1138598298434002
13-01-2026 13:10||NIFTY27JAN2623900PE,0.1833683890874606
13-01-2026 13:10||NIFTY27JAN2624400PE,0.1522553445493638
13-01-2026 13:10||NIFTY27JAN2624500PE,0.1462354116849761
13-01-2026 13:10||NIFTY27JAN2624700PE,0.1351847874214934
13-01-2026 13:10||NIFTY27JAN2625000PE,0.1211272099792265
13-01-2026 13:10||NIFTY27JAN2625600CE,0.1043024902279922
13-01-2026 13:10||NIFTY27JAN2626000CE,0.1020056826939908
13-01-2026 13:10||NIFTY27JAN2626400CE,0.1073540417314009
13-01-2026 13:10||NIFTY27JAN2626500CE,0.1089121702474351
13-01-2026 13:15||NIFTY27JAN2623800PE,0.1882237736054655
13-01-2026 13:15||NIFTY27JAN2624000PE,0.1761015866921986
13-01-2026 13:15||NIFTY27JAN2624100PE,0.1700783227846997
13-01-2026 13:15||NIFTY27JAN2624700PE,0.1344097165710974
13-01-2026 13:15||NIFTY27JAN2625000PE,0.1201567699780531
13-01-2026 13:15||NIFTY27JAN2625800CE,0.1068029554212372
13-01-2026 13:15||NIFTY27JAN2626100CE,0.1067104927500599
13-01-2026 13:15||NIFTY27JAN2626200CE,0.1081056298742308
13-01-2026 13:15||NIFTY27JAN2626300CE,0.1094954521774299
13-01-2026 13:20||NIFTY27JAN2624300PE,0.1577295771801229
13-01-2026 13:20||NIFTY27JAN2624400PE,0.1519529754656182
13-01-2026 13:20||NIFTY27JAN2624800PE,0.1287850302149187
13-01-2026 13:20||NIFTY27JAN2625000PE,0.1196566299776798
13-01-2026 13:20||NIFTY27JAN2625300CE,0.1174412990273962
13-01-2026 13:20||NIFTY27JAN2625400CE,0.1143946639676965
13-01-2026 13:20||NIFTY27JAN2625900CE,0.1051089382213001
13-01-2026 13:20||NIFTY27JAN2626500CE,0.1124505859888723
13-01-2026 13:25||NIFTY27JAN2624000PE,0.1771979166317031
13-01-2026 13:25||NIFTY27JAN2624200PE,0.1647994813525226
13-01-2026 13:25||NIFTY27JAN2624300PE,0.1582162226531758
13-01-2026 13:25||NIFTY27JAN2624600PE,0.1402627540313138
13-01-2026 13:25||NIFTY27JAN2625600CE,0.1046122753836959
13-01-2026 13:25||NIFTY27JAN2626400CE,0.1092467045614875
13-01-2026 13:30||NIFTY27JAN2623800PE,0.1891400658036829
13-01-2026 13:30||NIFTY27JAN2624000PE,0.1763067821484095
13-01-2026 13:30||NIFTY27JAN2624100PE,0.1699301889801499
13-01-2026 13:30||NIFTY27JAN2625500CE,0.109813539211942
13-01-2026 13:35||NIFTY27JAN2624300PE,0.1588377571670903
13-01-2026 13:35||NIFTY27JAN2624800PE,0.1298899394888663
13-01-2026 13:35||NIFTY27JAN2625700CE,0.1021628307338256
13-01-2026 13:40||NIFTY27JAN2623800PE,0.1903906499847961
13-01-2026 13:40||NIFTY27JAN2624400PE,0.1497318337404722
13-01-2026 13:40||NIFTY27JAN2624500PE,0.1436685680260086
13-01-2026 13:40||NIFTY27JAN2625500CE,0.1118455882239861
13-01-2026 13:40||NIFTY27JAN2625700CE,0.1077514104967788
13-01-2026 13:40||NIFTY27JAN2625900CE,0.1051485328148875
13-01-2026 13:40||NIFTY27JAN2626100CE,0.1047857567068322
13-01-2026 13:45||NIFTY27JAN2624000PE,0.1764572979749265
13-01-2026 13:45||NIFTY27JAN2624100PE,0.1694040459393606
13-01-2026 13:45||NIFTY27JAN2625100PE,0.1166541716944026
13-01-2026 13:45||NIFTY27JAN2625300CE,0.111085622505227
13-01-2026 13:45||NIFTY27JAN2625800CE,0.1017536143376157
13-01-2026 13:45||NIFTY27JAN2626000CE,0.101165240385208
13-01-2026 13:50||NIFTY27JAN2624200PE,0.1623674173195628
13-01-2026 13:50||NIFTY27JAN2624400PE,0.1500980771961921
13-01-2026 13:50||NIFTY27JAN2624500PE,0.1439314793007783
13-01-2026 13:50||NIFTY27JAN2626000CE,0.102115509616641
13-01-2026 13:55||NIFTY27JAN2624200PE,0.162093447862793
13-01-2026 13:55||NIFTY27JAN2624300PE,0.1556635207584688
13-01-2026 13:55||NIFTY27JAN2625000PE,0.1188714799772798
13-01-2026 13:55||NIFTY27JAN2625500CE,0.1089774117580719
13-01-2026 13:55||NIFTY27JAN2626000CE,0.1032853173084746
13-01-2026 14:00||NIFTY27JAN2623900PE,0.1806507655238107
13-01-2026 14:00||NIFTY27JAN2624000PE,0.1743778327295329
13-01-2026 14:00||NIFTY27JAN2624100PE,0.1681309828912115
13-01-2026 14:00||NIFTY27JAN2624600PE,0.1390285365537943
13-01-2026 14:00||NIFTY27JAN2625300CE,0.1040963241011005
13-01-2026 14:00||NIFTY27JAN2625700CE,0.1017836673118122
13-01-2026 14:05||NIFTY27JAN2623900PE,0.1801532531038002
13-01-2026 14:05||NIFTY27JAN2624200PE,0.1613325722786815
13-01-2026 14:05||NIFTY27JAN2624500PE,0.1433231938447696
13-01-2026 14:05||NIFTY27JAN2625700CE,0.1045477626402686
13-01-2026 14:05||NIFTY27JAN2626300CE,0.1066842015310363
13-01-2026 14:05||NIFTY27JAN2626500CE,0.1110874589463404
13-01-2026 14:10||NIFTY27JAN2624300PE,0.1547031172504112
13-01-2026 14:10||NIFTY27JAN2624700PE,0.1322350100941666
13-01-2026 14:10||NIFTY27JAN2625200CE,0.1027889313919317
13-01-2026 14:10||NIFTY27JAN2625400CE,0.103150354331624
13-01-2026 14:10||NIFTY27JAN2626100CE,0.1014119540277692
13-01-2026 14:15||NIFTY27JAN2623800PE,0.1829723900025733
13-01-2026 14:15||NIFTY27JAN2624800PE,0.1252355140871976
13-01-2026 14:15||NIFTY27JAN2626200CE,0.1040883874128047
13-01-2026 14:20||NIFTY27JAN2624000PE,0.1716081041322456
13-01-2026 14:20||NIFTY27JAN2624400PE,0.1479345184132803
13-01-2026 14:20||NIFTY27JAN2624800PE,0.1268727937129042
13-01-2026 14:20||NIFTY27JAN2624900PE,0.1226028398116494
13-01-2026 14:20||NIFTY27JAN2625200CE,0.1106679010368022
13-01-2026 14:20||NIFTY27JAN2625800CE,0.0994094186031954
13-01-2026 14:25||NIFTY27JAN2624000PE,0.1710735067957429
13-01-2026 14:25||NIFTY27JAN2624100PE,0.1648131529318463
13-01-2026 14:25||NIFTY27JAN2624200PE,0.15857872193251
13-01-2026 14:25||NIFTY27JAN2624500PE,0.1414267503597081
13-01-2026 14:25||NIFTY27JAN2624600PE,0.1357268134098412
13-01-2026 14:25||NIFTY27JAN2625600CE,0.1033823339775949
13-01-2026 14:25||NIFTY27JAN2626000CE,0.1016959711562405
13-01-2026 14:25||NIFTY27JAN2626200CE,0.104168750009105
13-01-2026 14:30||NIFTY27JAN2624500PE,0.1398563424712819
13-01-2026 14:30||NIFTY27JAN2624600PE,0.1340564066275578
13-01-2026 14:30||NIFTY27JAN2624900PE,0.1192310441526322
13-01-2026 14:30||NIFTY27JAN2625100PE,0.1103467245339884
13-01-2026 14:30||NIFTY27JAN2625600CE,0.1114898535025367
13-01-2026 14:35||NIFTY27JAN2623800PE,0.1819128931486984
13-01-2026 14:35||NIFTY27JAN2624200PE,0.1583663222751242
13-01-2026 14:35||NIFTY27JAN2625100PE,0.1112144112159979
13-01-2026 14:35||NIFTY27JAN2625400CE,0.1169978641547939
13-01-2026 14:35||NIFTY27JAN2626300CE,0.1078540494394151
13-01-2026 14:35||NIFTY27JAN2626500CE,0.1120979129211334
13-01-2026 14:40||NIFTY27JAN2624500PE,0.1416656898498
13-01-2026 14:40||NIFTY27JAN2624600PE,0.1357057557759042
13-01-2026 14:40||NIFTY27JAN2624800PE,0.1245044052132249
13-01-2026 14:40||NIFTY27JAN2625300CE,0.121847964395539
13-01-2026 14:40||NIFTY27JAN2625600CE,0.1115391308444489
13-01-2026 14:40||NIFTY27JAN2625800CE,0.1068166666583204
13-01-2026 14:45||NIFTY27JAN2625100PE,0.1141864870698259
13-01-2026 14:45||NIFTY27JAN2626000CE,0.1006710762393566
13-01-2026 14:45||NIFTY27JAN2626100CE,0.1009510734885749
13-01-2026 14:45||NIFTY27JAN2626500CE,0.1086293383488434
13-01-2026 14:50||NIFTY27JAN2624400PE,0.1484106460194283
13-01-2026 14:50||NIFTY27JAN2624500PE,0.1420573835390722
13-01-2026 14:55||NIFTY27JAN2623800PE,0.189490712583855
13-01-2026 14:55||NIFTY27JAN2623900PE,0.1828064015309344
13-01-2026 14:55||NIFTY27JAN2624100PE,0.1695212758942276
13-01-2026 14:55||NIFTY27JAN2624400PE,0.1506545663873006
13-01-2026 14:55||NIFTY27JAN2624500PE,0.1444446356418109
13-01-2026 14:55||NIFTY27JAN2624800PE,0.1279605371506621
13-01-2026 14:55||NIFTY27JAN2624900PE,0.1231305892951444
13-01-2026 14:55||NIFTY27JAN2625100PE,0.1135286147052463
13-01-2026 14:55||NIFTY27JAN2625700CE,0.1004023248959734
13-01-2026 14:55||NIFTY27JAN2625900CE,0.098453889958632
13-01-2026 14:55||NIFTY27JAN2626400CE,0.1036408996353201
13-01-2026 15:00||NIFTY27JAN2623900PE,0.184139560638996
13-01-2026 15:00||NIFTY27JAN2624500PE,0.1474159753716984
13-01-2026 15:00||NIFTY27JAN2624600PE,0.1415260405235026
13-01-2026 15:00||NIFTY27JAN2625100PE,0.117397085873815
13-01-2026 15:00||NIFTY27JAN2625700CE,0.0883714202370468
13-01-2026 15:00||NIFTY27JAN2626200CE,0.0932742366515079
13-01-2026 15:05||NIFTY27JAN2624000PE,0.1745861457932457
13-01-2026 15:05||NIFTY27JAN2624500PE,0.1424119693515738
13-01-2026 15:05||NIFTY27JAN2624900PE,0.1203099196516174
13-01-2026 15:05||NIFTY27JAN2625400CE,0.1155221062788203
13-01-2026 15:05||NIFTY27JAN2625700CE,0.1065412118732356
13-01-2026 15:05||NIFTY27JAN2625800CE,0.104281234596338
13-01-2026 15:05||NIFTY27JAN2626000CE,0.1017422314692301
13-01-2026 15:05||NIFTY27JAN2626100CE,0.1014555676188398
13-01-2026 15:05||NIFTY27JAN2626500CE,0.1070116067852598
13-01-2026 15:10||NIFTY27JAN2624000PE,0.176762593714102
13-01-2026 15:10||NIFTY27JAN2624200PE,0.1642765082260664
13-01-2026 15:10||NIFTY27JAN2624400PE,0.1517026126702404
13-01-2026 15:10||NIFTY27JAN2624900PE,0.1239852108170588
13-01-2026 15:10||NIFTY27JAN2625300CE,0.0951733497980747
13-01-2026 15:10||NIFTY27JAN2625600CE,0.0941795117175082
13-01-2026 15:10||NIFTY27JAN2626200CE,0.095233072526544
13-01-2026 15:15||NIFTY27JAN2623800PE,0.1849156394587263
13-01-2026 15:15||NIFTY27JAN2624200PE,0.1650969214503829
13-01-2026 15:15||NIFTY27JAN2624600PE,0.1409839447878715
13-01-2026 15:15||NIFTY27JAN2624700PE,0.1353906728238081
13-01-2026 15:15||NIFTY27JAN2625700CE,0.0926692217879195
13-01-2026 15:15||NIFTY27JAN2626000CE,0.0922206923093992
13-01-2026 15:15||NIFTY27JAN2626300CE,0.0967796292887211
13-01-2026 15:15||NIFTY27JAN2626500CE,0.1016311821422346
13-01-2026 15:20||NIFTY27JAN2623900PE,0.1825341736085781
13-01-2026 15:20||NIFTY27JAN2624300PE,0.1580362962576172
13-01-2026 15:20||NIFTY27JAN2624800PE,0.1280992943258278
13-01-2026 15:20||NIFTY27JAN2625300CE,0.1037756916883867
13-01-2026 15:20||NIFTY27JAN2625600CE,0.0986175195249418
13-01-2026 15:20||NIFTY27JAN2626200CE,0.0969227290142596
13-01-2026 15:25||NIFTY27JAN2624500PE,0.1459981224159998
13-01-2026 15:25||NIFTY27JAN2624700PE,0.1350596355992163
13-01-2026 15:25||NIFTY27JAN2624900PE,0.1246493774814853
13-01-2026 15:25||NIFTY27JAN2626000CE,0.0935147596147919
14-01-2026 09:15||NIFTY27JAN2624300PE,0.1622235570573902
14-01-2026 09:15||NIFTY27JAN2624400PE,0.1557936293555554
14-01-2026 09:15||NIFTY27JAN2625300CE,0.1306275987168436
14-01-2026 09:15||NIFTY27JAN2626100CE,0.1018909578567496
14-01-2026 09:15||NIFTY27JAN2626500CE,0.1093604725670518
14-01-2026 09:20||NIFTY27JAN2624100PE,0.1767011306655951
14-01-2026 09:25||NIFTY27JAN2624000PE,0.1828665832945116
14-01-2026 09:25||NIFTY27JAN2624200PE,0.1697612292996529
14-01-2026 09:25||NIFTY27JAN2624700PE,0.1367680768905047
14-01-2026 09:25||NIFTY27JAN2625300CE,0.1271631521430633
14-01-2026 09:25||NIFTY27JAN2626500CE,0.1083510018688821
14-01-2026 09:30||NIFTY27JAN2623800PE,0.1975126154792537
14-01-2026 09:30||NIFTY27JAN2624000PE,0.1854925312139211
14-01-2026 09:30||NIFTY27JAN2624600PE,0.1464311011677601
14-01-2026 09:30||NIFTY27JAN2624700PE,0.1401378368839985
14-01-2026 09:30||NIFTY27JAN2626200CE,0.0975880057324887
14-01-2026 09:30||NIFTY27JAN2626500CE,0.1046296408070325
14-01-2026 09:35||NIFTY27JAN2624000PE,0.184262593714102
14-01-2026 09:35||NIFTY27JAN2625500CE,0.1004600588236801
14-01-2026 09:35||NIFTY27JAN2626400CE,0.1029806913014885
14-01-2026 09:40||NIFTY27JAN2623800PE,0.1941470812577439
14-01-2026 09:40||NIFTY27JAN2624000PE,0.1822977082977668
14-01-2026 09:40||NIFTY27JAN2624200PE,0.1696861363241815
14-01-2026 09:40||NIFTY27JAN2624700PE,0.137589840264298
14-01-2026 09:40||NIFTY27JAN2624800PE,0.1317832367937708
14-01-2026 09:40||NIFTY27JAN2625000PE,0.1206142499713332
14-01-2026 09:40||NIFTY27JAN2625500CE,0.1003481764659142
14-01-2026 09:40||NIFTY27JAN2625800CE,0.0972336918571897
14-01-2026 09:45||NIFTY27JAN2624300PE,0.1623283808805994
14-01-2026 09:45||NIFTY27JAN2624400PE,0.1557737910739635
14-01-2026 09:45||NIFTY27JAN2624500PE,0.1492460094804905
14-01-2026 09:45||NIFTY27JAN2624600PE,0.1427448177024221
14-01-2026 09:45||NIFTY27JAN2625400CE,0.1058745866001885
14-01-2026 09:50||NIFTY27JAN2623800PE,0.1938613962270811
14-01-2026 09:50||NIFTY27JAN2623900PE,0.1873270564458843
14-01-2026 09:50||NIFTY27JAN2624600PE,0.1412762194742421
14-01-2026 09:50||NIFTY27JAN2625200CE,0.1424143972874858
14-01-2026 09:50||NIFTY27JAN2625300CE,0.1360947337918327
14-01-2026 09:50||NIFTY27JAN2626400CE,0.1088198958450409
14-01-2026 09:55||NIFTY27JAN2624100PE,0.1788412136533851
14-01-2026 09:55||NIFTY27JAN2626000CE,0.0939649326921417
14-01-2026 10:00||NIFTY27JAN2624000PE,0.1821605728749211
14-01-2026 10:00||NIFTY27JAN2624400PE,0.1557070901277939
14-01-2026 10:00||NIFTY27JAN2625100PE,0.1153198004518976
14-01-2026 10:00||NIFTY27JAN2625500CE,0.1035836862583268
14-01-2026 10:00||NIFTY27JAN2626100CE,0.097156293106612
14-01-2026 10:00||NIFTY27JAN2626500CE,0.104729489577938
14-01-2026 10:05||NIFTY27JAN2624600PE,0.1421320629725001
14-01-2026 10:05||NIFTY27JAN2624800PE,0.130073518114047
14-01-2026 10:05||NIFTY27JAN2625000PE,0.1189842099712263
14-01-2026 10:05||NIFTY27JAN2625300CE,0.1146440310439418
14-01-2026 10:05||NIFTY27JAN2625400CE,0.1097574150729138
14-01-2026 10:05||NIFTY27JAN2626200CE,0.0997754369205799
14-01-2026 10:05||NIFTY27JAN2626300CE,0.1020422054890271
14-01-2026 10:05||NIFTY27JAN2626400CE,0.1043003714995237
14-01-2026 10:10||NIFTY27JAN2624000PE,0.1802667291282669
14-01-2026 10:10||NIFTY27JAN2624200PE,0.167281332605732
14-01-2026 10:10||NIFTY27JAN2624500PE,0.1475807521553238
14-01-2026 10:10||NIFTY27JAN2624600PE,0.1412274890989225
14-01-2026 10:10||NIFTY27JAN2625400CE,0.1103528543122488
14-01-2026 10:10||NIFTY27JAN2625600CE,0.1039946679551898
14-01-2026 10:10||NIFTY27JAN2626400CE,0.1048107481198064
14-01-2026 10:15||NIFTY27JAN2624100PE,0.1747913588820177
14-01-2026 10:15||NIFTY27JAN2625000PE,0.1194899399731731
14-01-2026 10:15||NIFTY27JAN2625200CE,0.0969434653294858
14-01-2026 10:15||NIFTY27JAN2625600CE,0.0973077734318375
14-01-2026 10:15||NIFTY27JAN2625900CE,0.0957102316608072
14-01-2026 10:20||NIFTY27JAN2624200PE,0.1665114359118112
14-01-2026 10:20||NIFTY27JAN2624700PE,0.1340232489557521
14-01-2026 10:20||NIFTY27JAN2625000PE,0.1175201999738664
14-01-2026 10:20||NIFTY27JAN2625500CE,0.1017964186163014
14-01-2026 10:20||NIFTY27JAN2625600CE,0.1005676653521307
14-01-2026 10:20||NIFTY27JAN2625700CE,0.099343702561188
14-01-2026 10:20||NIFTY27JAN2625800CE,0.0981244930357734
14-01-2026 10:25||NIFTY27JAN2623800PE,0.1917046960889807
14-01-2026 10:25||NIFTY27JAN2624300PE,0.1598171398813974
14-01-2026 10:25||NIFTY27JAN2625000PE,0.1174698199728531
14-01-2026 10:25||NIFTY27JAN2626100CE,0.0994912104066316
14-01-2026 10:25||NIFTY27JAN2626200CE,0.1006778655042173
14-01-2026 10:25||NIFTY27JAN2626400CE,0.1051562310755067
14-01-2026 10:30||NIFTY27JAN2623900PE,0.1848421090087313
14-01-2026 10:30||NIFTY27JAN2624000PE,0.1789688439388166
14-01-2026 10:30||NIFTY27JAN2624700PE,0.1335602043933818
14-01-2026 10:30||NIFTY27JAN2624800PE,0.1278435999433505
14-01-2026 10:30||NIFTY27JAN2625100PE,0.1124693613289726
14-01-2026 10:30||NIFTY27JAN2625200CE,0.1235587921543255
14-01-2026 10:30||NIFTY27JAN2626500CE,0.1079895273852116
14-01-2026 10:35||NIFTY27JAN2623900PE,0.1869678033116928
14-01-2026 10:35||NIFTY27JAN2624400PE,0.1544361270103438
14-01-2026 10:35||NIFTY27JAN2625600CE,0.0992745347757361
14-01-2026 10:35||NIFTY27JAN2625700CE,0.0978745489619658
14-01-2026 10:35||NIFTY27JAN2626300CE,0.1005546387944474
14-01-2026 10:40||NIFTY27JAN2623800PE,0.1871840461626631
14-01-2026 10:40||NIFTY27JAN2624100PE,0.1738362655207538
14-01-2026 10:40||NIFTY27JAN2625300CE,0.10592427862821
14-01-2026 10:40||NIFTY27JAN2625600CE,0.0987663281156618
14-01-2026 10:40||NIFTY27JAN2626300CE,0.1006700095177742
14-01-2026 10:40||NIFTY27JAN2626500CE,0.1059200472052519
14-01-2026 10:45||NIFTY27JAN2624000PE,0.1766293958026497
14-01-2026 10:45||NIFTY27JAN2624600PE,0.1380765446783897
14-01-2026 10:45||NIFTY27JAN2624800PE,0.1254779435157156
14-01-2026 10:45||NIFTY27JAN2625400CE,0.1216857676797683
14-01-2026 10:50||NIFTY27JAN2624000PE,0.1796205416392986
14-01-2026 10:50||NIFTY27JAN2624300PE,0.1607166049004635
14-01-2026 10:50||NIFTY27JAN2624800PE,0.1284184878720295
14-01-2026 10:50||NIFTY27JAN2625200CE,0.1148603463992022
14-01-2026 10:50||NIFTY27JAN2625400CE,0.1096699114041772
14-01-2026 10:50||NIFTY27JAN2625800CE,0.1001523546445392
14-01-2026 10:55||NIFTY27JAN2624600PE,0.140671432889464
14-01-2026 10:55||NIFTY27JAN2625000PE,0.1167441499710664
14-01-2026 10:55||NIFTY27JAN2625200CE,0.1253120792394351
14-01-2026 10:55||NIFTY27JAN2626200CE,0.1005722562196587
14-01-2026 10:55||NIFTY27JAN2626300CE,0.0999867514686685
14-01-2026 10:55||NIFTY27JAN2626400CE,0.0994034687524378
14-01-2026 10:55||NIFTY27JAN2626500CE,0.0988223912691313
14-01-2026 11:00||NIFTY27JAN2624100PE,0.1751359958104363
14-01-2026 11:00||NIFTY27JAN2626100CE,0.0996150478928374
14-01-2026 11:00||NIFTY27JAN2626300CE,0.1015235741530988
14-01-2026 11:05||NIFTY27JAN2624000PE,0.1819583541329688
14-01-2026 11:05||NIFTY27JAN2624800PE,0.1309036189207718
14-01-2026 11:05||NIFTY27JAN2625300CE,0.1057250790385701
14-01-2026 11:05||NIFTY27JAN2626000CE,0.0967209224908771
14-01-2026 11:05||NIFTY27JAN2626100CE,0.0969609201330642
14-01-2026 11:05||NIFTY27JAN2626300CE,0.0993440684508677
14-01-2026 11:10||NIFTY27JAN2624000PE,0.1815631145489424
14-01-2026 11:10||NIFTY27JAN2624300PE,0.1620816151885584
14-01-2026 11:10||NIFTY27JAN2624500PE,0.148846265267986
14-01-2026 11:10||NIFTY27JAN2625200CE,0.1172573069758464
14-01-2026 11:15||NIFTY27JAN2624100PE,0.175995933569594
14-01-2026 11:15||NIFTY27JAN2624300PE,0.1625636909286955
14-01-2026 11:15||NIFTY27JAN2624400PE,0.1559247589738124
14-01-2026 11:15||NIFTY27JAN2624500PE,0.1493129801907173
14-01-2026 11:15||NIFTY27JAN2624600PE,0.1427281333713871
14-01-2026 11:15||NIFTY27JAN2625500CE,0.1096982646886188
14-01-2026 11:15||NIFTY27JAN2625800CE,0.1015552713059895
14-01-2026 11:15||NIFTY27JAN2626000CE,0.0985188461510013
14-01-2026 11:20||NIFTY27JAN2623800PE,0.1985201890293891
14-01-2026 11:20||NIFTY27JAN2623900PE,0.1912799792101
14-01-2026 11:20||NIFTY27JAN2624600PE,0.1438763617510568
14-01-2026 11:20||NIFTY27JAN2624800PE,0.1314234173073222
14-01-2026 11:20||NIFTY27JAN2625100PE,0.1165083633223243
14-01-2026 11:20||NIFTY27JAN2625300CE,0.1102851679585888
14-01-2026 11:20||NIFTY27JAN2625600CE,0.101555488269776
14-01-2026 11:20||NIFTY27JAN2625800CE,0.0977120251863499
14-01-2026 11:25||NIFTY27JAN2623900PE,0.1880339016412573
14-01-2026 11:25||NIFTY27JAN2624700PE,0.1351173279006043
14-01-2026 11:25||NIFTY27JAN2624900PE,0.1233789959543553
14-01-2026 11:25||NIFTY27JAN2625400CE,0.128375118071791
14-01-2026 11:25||NIFTY27JAN2626200CE,0.1023011450409481
14-01-2026 11:30||NIFTY27JAN2624200PE,0.1714608179517591
14-01-2026 11:30||NIFTY27JAN2624300PE,0.1651179006463513
14-01-2026 11:30||NIFTY27JAN2624400PE,0.1588010323560223
14-01-2026 11:30||NIFTY27JAN2625000PE,0.1217892599713597
14-01-2026 11:30||NIFTY27JAN2625300CE,0.1073656719254893
14-01-2026 11:30||NIFTY27JAN2625800CE,0.0972824515440066
14-01-2026 11:30||NIFTY27JAN2626000CE,0.0954690384591677
14-01-2026 11:35||NIFTY27JAN2623900PE,0.1901277196294403
14-01-2026 11:35||NIFTY27JAN2624400PE,0.1573787620481171
14-01-2026 11:35||NIFTY27JAN2624500PE,0.1505655046977248
14-01-2026 11:35||NIFTY27JAN2624700PE,0.1377428036104059
14-01-2026 11:35||NIFTY27JAN2625100PE,0.115740199654557
14-01-2026 11:35||NIFTY27JAN2625500CE,0.1032277843080464
14-01-2026 11:35||NIFTY27JAN2625700CE,0.1001612353990607
14-01-2026 11:35||NIFTY27JAN2626100CE,0.0966004980855098
14-01-2026 11:40||NIFTY27JAN2623900PE,0.1900783472463343
14-01-2026 11:40||NIFTY27JAN2625500CE,0.1010062137611653
14-01-2026 11:40||NIFTY27JAN2625600CE,0.0991895656472006
14-01-2026 11:40||NIFTY27JAN2626500CE,0.1017609640616085
14-01-2026 11:45||NIFTY27JAN2623900PE,0.1901218514260702
14-01-2026 11:45||NIFTY27JAN2624300PE,0.1633313888504711
14-01-2026 11:45||NIFTY27JAN2624500PE,0.1499361632268865
14-01-2026 11:45||NIFTY27JAN2626400CE,0.1029645454654152
14-01-2026 11:50||NIFTY27JAN2625100PE,0.1158300798937591
14-01-2026 11:50||NIFTY27JAN2625700CE,0.1005293432276963
14-01-2026 11:50||NIFTY27JAN2625800CE,0.0986460288302816
14-01-2026 11:50||NIFTY27JAN2626100CE,0.09609996168573
14-01-2026 11:55||NIFTY27JAN2624200PE,0.1714410226874945
14-01-2026 11:55||NIFTY27JAN2624400PE,0.1579562294696468
14-01-2026 11:55||NIFTY27JAN2624800PE,0.1317782862585799
14-01-2026 11:55||NIFTY27JAN2625200CE,0.114245524792979
14-01-2026 11:55||NIFTY27JAN2625600CE,0.1015952148315806
14-01-2026 12:00||NIFTY27JAN2623800PE,0.2012114047039838
14-01-2026 12:00||NIFTY27JAN2624400PE,0.1592067212743023
14-01-2026 12:00||NIFTY27JAN2624900PE,0.1274229779293451
14-01-2026 12:00||NIFTY27JAN2625000PE,0.121758749595474
14-01-2026 12:00||NIFTY27JAN2625100PE,0.1161171330117366
14-01-2026 12:05||NIFTY27JAN2624400PE,0.1592113011911592
14-01-2026 12:05||NIFTY27JAN2624600PE,0.145656036546909
14-01-2026 12:05||NIFTY27JAN2626500CE,0.0974017202070806
14-01-2026 12:10||NIFTY27JAN2624400PE,0.1570810143051102
14-01-2026 12:10||NIFTY27JAN2624600PE,0.1437167072804637
14-01-2026 12:10||NIFTY27JAN2624800PE,0.1316845711613797
14-01-2026 12:10||NIFTY27JAN2624900PE,0.1262012970258886
14-01-2026 12:10||NIFTY27JAN2625100PE,0.1153005046170669
14-01-2026 12:10||NIFTY27JAN2625900CE,0.0923945656359864
14-01-2026 12:10||NIFTY27JAN2626300CE,0.0950639163592466
14-01-2026 12:15||NIFTY27JAN2624200PE,0.1684756197937861
14-01-2026 12:15||NIFTY27JAN2624800PE,0.1282279031930256
14-01-2026 12:15||NIFTY27JAN2626500CE,0.1036928544252887
14-01-2026 12:20||NIFTY27JAN2623800PE,0.1985051645709272
14-01-2026 12:20||NIFTY27JAN2623900PE,0.1916683090591195
14-01-2026 12:20||NIFTY27JAN2625300CE,0.101197826081296
14-01-2026 12:20||NIFTY27JAN2626400CE,0.0978003693310217
14-01-2026 12:25||NIFTY27JAN2624500PE,0.1508908468994775
14-01-2026 12:25||NIFTY27JAN2625400CE,0.0949269289633248
14-01-2026 12:25||NIFTY27JAN2625500CE,0.0949935949437974
14-01-2026 12:25||NIFTY27JAN2625900CE,0.0920291119669055
14-01-2026 12:30||NIFTY27JAN2623900PE,0.1904420815522648
14-01-2026 12:30||NIFTY27JAN2624300PE,0.1638562962576171
14-01-2026 12:30||NIFTY27JAN2624900PE,0.1256484537842231
14-01-2026 12:30||NIFTY27JAN2625800CE,0.096671753867841
14-01-2026 12:30||NIFTY27JAN2626300CE,0.0967562297348395
14-01-2026 12:30||NIFTY27JAN2626400CE,0.0992728722370019
14-01-2026 12:35||NIFTY27JAN2623900PE,0.1910019141877596
14-01-2026 12:35||NIFTY27JAN2625300CE,0.1052820553152819
14-01-2026 12:35||NIFTY27JAN2625500CE,0.1000125392093789
14-01-2026 12:35||NIFTY27JAN2625900CE,0.0943635424674211
14-01-2026 12:45||NIFTY27JAN2625600CE,0.095651188429964
14-01-2026 12:45||NIFTY27JAN2625700CE,0.0942478693166372
14-01-2026 12:50||NIFTY27JAN2624900PE,0.124634327280547
14-01-2026 12:50||NIFTY27JAN2626300CE,0.0956439924050572
14-01-2026 12:50||NIFTY27JAN2626500CE,0.0998280831616808
14-01-2026 12:55||NIFTY27JAN2623900PE,0.1883769455686043
14-01-2026 12:55||NIFTY27JAN2624300PE,0.1620663579861863
14-01-2026 12:55||NIFTY27JAN2625000PE,0.1183190399707731
14-01-2026 13:00||NIFTY27JAN2624700PE,0.1364431072549601
14-01-2026 13:00||NIFTY27JAN2625400CE,0.0986113877859439
14-01-2026 13:00||NIFTY27JAN2625700CE,0.0948807431062959
14-01-2026 13:00||NIFTY27JAN2625800CE,0.093357425089272
14-01-2026 13:00||NIFTY27JAN2626200CE,0.0938634817083393
14-01-2026 13:00||NIFTY27JAN2626300CE,0.0956501310888516
14-01-2026 13:00||NIFTY27JAN2626500CE,0.0992031397120579
14-01-2026 13:05||NIFTY27JAN2624000PE,0.1825351666237458
14-01-2026 13:05||NIFTY27JAN2624400PE,0.1559718134876753
14-01-2026 13:05||NIFTY27JAN2624800PE,0.1296910229173566
14-01-2026 13:05||NIFTY27JAN2624900PE,0.1241544160243167
14-01-2026 13:05||NIFTY27JAN2625800CE,0.0960667247980008
14-01-2026 13:05||NIFTY27JAN2626200CE,0.0950358360151637
14-01-2026 13:05||NIFTY27JAN2626300CE,0.0965658212122815
14-01-2026 13:10||NIFTY27JAN2624000PE,0.182971343710485
14-01-2026 13:10||NIFTY27JAN2624600PE,0.1434439199412637
14-01-2026 13:10||NIFTY27JAN2624700PE,0.1370239903806043
14-01-2026 13:10||NIFTY27JAN2624900PE,0.1249185541860994
14-01-2026 13:10||NIFTY27JAN2625300CE,0.0992819268434304
14-01-2026 13:10||NIFTY27JAN2625800CE,0.0900723004028494
14-01-2026 13:10||NIFTY27JAN2625900CE,0.0898056363966705
14-01-2026 13:10||NIFTY27JAN2626400CE,0.0962611837269086
14-01-2026 13:15||NIFTY27JAN2624000PE,0.1821205728749214
14-01-2026 13:15||NIFTY27JAN2624600PE,0.1418666259794266
14-01-2026 13:15||NIFTY27JAN2624800PE,0.1294883064199249
14-01-2026 13:15||NIFTY27JAN2625200CE,0.1134166733630066
14-01-2026 13:15||NIFTY27JAN2625600CE,0.0934368554607529
14-01-2026 13:15||NIFTY27JAN2626100CE,0.0917573282507745
14-01-2026 13:15||NIFTY27JAN2626200CE,0.0928006514124158
14-01-2026 13:20||NIFTY27JAN2624400PE,0.1548113831586017
14-01-2026 13:20||NIFTY27JAN2624700PE,0.1356431477409007
14-01-2026 13:20||NIFTY27JAN2624900PE,0.1244993774814853
14-01-2026 13:20||NIFTY27JAN2625200CE,0.0905988910862157
14-01-2026 13:20||NIFTY27JAN2625900CE,0.0887508301178926
14-01-2026 13:25||NIFTY27JAN2624100PE,0.1726762447738064
14-01-2026 13:25||NIFTY27JAN2624700PE,0.1339829048252573
14-01-2026 13:25||NIFTY27JAN2624900PE,0.1225089557936047
14-01-2026 13:25||NIFTY27JAN2625200CE,0.1063927129044547
14-01-2026 13:25||NIFTY27JAN2625600CE,0.0956969531172513
14-01-2026 13:25||NIFTY27JAN2626400CE,0.0983913851785223
14-01-2026 13:25||NIFTY27JAN2626500CE,0.1006442206762278
14-01-2026 13:30||NIFTY27JAN2624200PE,0.1664189858227459
14-01-2026 13:30||NIFTY27JAN2624300PE,0.159715728483816
14-01-2026 13:30||NIFTY27JAN2625200CE,0.0989063960823808
14-01-2026 13:30||NIFTY27JAN2625700CE,0.0900440175072484
14-01-2026 13:30||NIFTY27JAN2626500CE,0.1008389980833811
14-01-2026 13:35||NIFTY27JAN2624000PE,0.1779265323202189
14-01-2026 13:35||NIFTY27JAN2624100PE,0.1714899398435282
14-01-2026 13:35||NIFTY27JAN2625100PE,0.1157160878671668
14-01-2026 13:35||NIFTY27JAN2625500CE,0.0816474019669408
14-01-2026 13:35||NIFTY27JAN2625700CE,0.0841224319127514
14-01-2026 13:40||NIFTY27JAN2626500CE,0.1050982041306356
14-01-2026 13:45||NIFTY27JAN2624100PE,0.1681897418152373
14-01-2026 13:45||NIFTY27JAN2624200PE,0.1616964827064848
14-01-2026 13:45||NIFTY27JAN2624400PE,0.1487918339795358
14-01-2026 13:45||NIFTY27JAN2624600PE,0.1363987986234132
14-01-2026 13:45||NIFTY27JAN2624700PE,0.130441861822145
14-01-2026 13:45||NIFTY27JAN2624800PE,0.1245089935180159
14-01-2026 13:45||NIFTY27JAN2625400CE,0.1025896948681847
14-01-2026 13:45||NIFTY27JAN2626200CE,0.0991542393745846
14-01-2026 13:45||NIFTY27JAN2626300CE,0.1020872625719899
14-01-2026 13:45||NIFTY27JAN2626400CE,0.1050091547247981
14-01-2026 13:50||NIFTY27JAN2625400CE,0.085743346465338
14-01-2026 13:50||NIFTY27JAN2625600CE,0.0877806640641888
14-01-2026 13:50||NIFTY27JAN2626300CE,0.0984265019168074
14-01-2026 13:55||NIFTY27JAN2623800PE,0.1860537317255738
14-01-2026 13:55||NIFTY27JAN2624600PE,0.1360121036230185
14-01-2026 13:55||NIFTY27JAN2624900PE,0.1196253915404361
14-01-2026 13:55||NIFTY27JAN2625200CE,0.1031590693305923
14-01-2026 13:55||NIFTY27JAN2626200CE,0.0986396278738318
14-01-2026 14:00||NIFTY27JAN2623800PE,0.1894531547875424
14-01-2026 14:00||NIFTY27JAN2623900PE,0.1827776409987273
14-01-2026 14:00||NIFTY27JAN2624400PE,0.1494512194020012
14-01-2026 14:00||NIFTY27JAN2624500PE,0.1432379553603519
14-01-2026 14:05||NIFTY27JAN2624000PE,0.175121343710485
14-01-2026 14:05||NIFTY27JAN2624300PE,0.1551568312385509
14-01-2026 14:05||NIFTY27JAN2624700PE,0.1300909326515494
14-01-2026 14:05||NIFTY27JAN2624800PE,0.1245543262425105
14-01-2026 14:05||NIFTY27JAN2625200CE,0.1087103762646951
14-01-2026 14:05||NIFTY27JAN2625700CE,0.0978125972702015
14-01-2026 14:05||NIFTY27JAN2625900CE,0.0966250868728027
14-01-2026 14:10||NIFTY27JAN2624200PE,0.1621811259935737
14-01-2026 14:10||NIFTY27JAN2624800PE,0.1234037398888414
14-01-2026 14:10||NIFTY27JAN2625700CE,0.0994465175009399
14-01-2026 14:15||NIFTY27JAN2624600PE,0.1379167072804637
14-01-2026 14:15||NIFTY27JAN2625300CE,0.0924854940594135
14-01-2026 14:15||NIFTY27JAN2625900CE,0.0914802422500338
14-01-2026 14:15||NIFTY27JAN2626000CE,0.0924068997426232
14-01-2026 14:15||NIFTY27JAN2626500CE,0.1059665784178706
14-01-2026 14:20||NIFTY27JAN2624400PE,0.1495919979144212
14-01-2026 14:20||NIFTY27JAN2624900PE,0.1208255722638135
14-01-2026 14:20||NIFTY27JAN2625100PE,0.1114731326652636
14-01-2026 14:25||NIFTY27JAN2623800PE,0.1862055765946998
14-01-2026 14:25||NIFTY27JAN2625600CE,0.1017864648347595
14-01-2026 14:25||NIFTY27JAN2626100CE,0.1005677490488715
14-01-2026 14:30||NIFTY27JAN2623900PE,0.1812771129331095
14-01-2026 14:30||NIFTY27JAN2624300PE,0.1542964814433249
14-01-2026 14:30||NIFTY27JAN2624500PE,0.1414221326173333
14-01-2026 14:30||NIFTY27JAN2625000PE,0.112283166394815
14-01-2026 14:30||NIFTY27JAN2625100PE,0.1065493142224695
14-01-2026 14:30||NIFTY27JAN2625400CE,0.1074177460442526
14-01-2026 14:30||NIFTY27JAN2626000CE,0.0991345740172657
14-01-2026 14:30||NIFTY27JAN2626100CE,0.1003245623264437
14-01-2026 14:30||NIFTY27JAN2626400CE,0.1073588804286654
14-01-2026 14:30||NIFTY27JAN2626500CE,0.1102667253662324
14-01-2026 14:35||NIFTY27JAN2624000PE,0.1748165207943308
14-01-2026 14:35||NIFTY27JAN2624300PE,0.1548864197147556
14-01-2026 14:35||NIFTY27JAN2625500CE,0.1080231568452051
14-01-2026 14:35||NIFTY27JAN2625900CE,0.0997394208479819
14-01-2026 14:35||NIFTY27JAN2626400CE,0.1080867613798052
14-01-2026 14:40||NIFTY27JAN2624300PE,0.1569436673058587
14-01-2026 14:40||NIFTY27JAN2624400PE,0.1502250403681723
14-01-2026 14:40||NIFTY27JAN2624500PE,0.1435338925540348
14-01-2026 14:40||NIFTY27JAN2624700PE,0.1310398402642981
14-01-2026 14:40||NIFTY27JAN2624800PE,0.1252332367937707
14-01-2026 14:40||NIFTY27JAN2625000PE,0.1143448099728264
14-01-2026 14:40||NIFTY27JAN2625400CE,0.1056794192769215
14-01-2026 14:40||NIFTY27JAN2625800CE,0.0976878100720361
14-01-2026 14:45||NIFTY27JAN2624500PE,0.1462763673090856
14-01-2026 14:45||NIFTY27JAN2624800PE,0.1274287096468241
14-01-2026 14:45||NIFTY27JAN2625100PE,0.1117401996545567
14-01-2026 14:45||NIFTY27JAN2625400CE,0.098120356266263
14-01-2026 14:45||NIFTY27JAN2625500CE,0.0973636973878986
14-01-2026 14:45||NIFTY27JAN2625800CE,0.0946130523207046
14-01-2026 14:45||NIFTY27JAN2626100CE,0.0966722832927313
14-01-2026 14:45||NIFTY27JAN2626200CE,0.0988163360365199
14-01-2026 14:45||NIFTY27JAN2626300CE,0.1009522209405386
14-01-2026 14:50||NIFTY27JAN2624400PE,0.1529413421748805
14-01-2026 14:50||NIFTY27JAN2624600PE,0.1397016361420562
14-01-2026 14:50||NIFTY27JAN2624900PE,0.122314086316044
14-01-2026 14:50||NIFTY27JAN2625200CE,0.109368059453057
14-01-2026 14:50||NIFTY27JAN2625700CE,0.0954031540083286
14-01-2026 14:50||NIFTY27JAN2625800CE,0.0944998297575333
14-01-2026 14:50||NIFTY27JAN2626300CE,0.0996502566666586
14-01-2026 14:55||NIFTY27JAN2624100PE,0.1718197418152375
14-01-2026 14:55||NIFTY27JAN2624200PE,0.1653264827064849
14-01-2026 14:55||NIFTY27JAN2624600PE,0.1394613109379086
14-01-2026 14:55||NIFTY27JAN2624800PE,0.1272088709375836
14-01-2026 14:55||NIFTY27JAN2625100PE,0.112159081887111
14-01-2026 14:55||NIFTY27JAN2625300CE,0.0966710730203223
14-01-2026 14:55||NIFTY27JAN2625400CE,0.0944110964661907
14-01-2026 14:55||NIFTY27JAN2625600CE,0.0914035253868748
14-01-2026 14:55||NIFTY27JAN2626400CE,0.1011069886530758
14-01-2026 15:00||NIFTY27JAN2624300PE,0.1566266254766532
14-01-2026 15:00||NIFTY27JAN2624700PE,0.1312380971334751
14-01-2026 15:00||NIFTY27JAN2625800CE,0.0962184302286276
14-01-2026 15:05||NIFTY27JAN2623900PE,0.1849377196294403
14-01-2026 15:05||NIFTY27JAN2624400PE,0.1527069876684907
14-01-2026 15:05||NIFTY27JAN2624800PE,0.1282241027930507
14-01-2026 15:05||NIFTY27JAN2626300CE,0.0994659886075857
14-01-2026 15:10||NIFTY27JAN2624100PE,0.1699209854369626
14-01-2026 15:10||NIFTY27JAN2624500PE,0.1440826020063917
14-01-2026 15:10||NIFTY27JAN2624900PE,0.1222501003749948
14-01-2026 15:10||NIFTY27JAN2625500CE,0.096192990190927
14-01-2026 15:10||NIFTY27JAN2626200CE,0.0985446755838713
14-01-2026 15:15||NIFTY27JAN2624400PE,0.1494318134876752
14-01-2026 15:15||NIFTY27JAN2624700PE,0.1304191902538701
14-01-2026 15:15||NIFTY27JAN2625100PE,0.1105482834817926
14-01-2026 15:15||NIFTY27JAN2625500CE,0.1032147058687834
14-01-2026 15:15||NIFTY27JAN2625900CE,0.0979496138986546
14-01-2026 15:15||NIFTY27JAN2626100CE,0.0991877490488715
14-01-2026 15:20||NIFTY27JAN2624500PE,0.1429122550666527
14-01-2026 15:20||NIFTY27JAN2624800PE,0.1255337398888415
14-01-2026 15:20||NIFTY27JAN2626100CE,0.1002476341060615
14-01-2026 15:20||NIFTY27JAN2626300CE,0.1045745176898851
14-01-2026 15:20||NIFTY27JAN2626400CE,0.1075178227619506
14-01-2026 15:25||NIFTY27JAN2623900PE,0.1847507844773504
14-01-2026 15:25||NIFTY27JAN2624600PE,0.1392533434638316
14-01-2026 15:25||NIFTY27JAN2625100PE,0.1141968463522193
14-01-2026 15:25||NIFTY27JAN2625200CE,0.1041613861422302
14-01-2026 15:25||NIFTY27JAN2626400CE,0.1037824098489182
14-01-2026 15:25||NIFTY27JAN2626500CE,0.1057672869394076
16-01-2026 09:15||NIFTY27JAN2624100PE,0.1789949994439733
16-01-2026 09:15||NIFTY27JAN2624200PE,0.1717401646081024
16-01-2026 09:15||NIFTY27JAN2624300PE,0.164515246701881
16-01-2026 09:15||NIFTY27JAN2624800PE,0.130882973757733
16-01-2026 09:15||NIFTY27JAN2625000PE,0.1191584799692797
16-01-2026 09:15||NIFTY27JAN2626000CE,0.1067768865932897
16-01-2026 09:15||NIFTY27JAN2626100CE,0.105966894550908
16-01-2026 09:20||NIFTY27JAN2624100PE,0.1785136099114737
16-01-2026 09:20||NIFTY27JAN2624400PE,0.1581065983231386
16-01-2026 09:20||NIFTY27JAN2624600PE,0.1446258942700944
16-01-2026 09:20||NIFTY27JAN2625000PE,0.1207946099722932
16-01-2026 09:20||NIFTY27JAN2625200CE,0.1210583181138084
16-01-2026 09:20||NIFTY27JAN2625400CE,0.1114806102119633
16-01-2026 09:20||NIFTY27JAN2625700CE,0.102034961076779
16-01-2026 09:20||NIFTY27JAN2626000CE,0.0976943557676424
16-01-2026 09:25||NIFTY27JAN2624600PE,0.1413140418106971
16-01-2026 09:25||NIFTY27JAN2624700PE,0.134924111920882
16-01-2026 09:25||NIFTY27JAN2625300CE,0.1304189426459368
16-01-2026 09:25||NIFTY27JAN2625600CE,0.1109876074030745
16-01-2026 09:25||NIFTY27JAN2626300CE,0.101458317498488
16-01-2026 09:25||NIFTY27JAN2626500CE,0.1049350976748253
16-01-2026 09:30||NIFTY27JAN2623800PE,0.1953894759771705
16-01-2026 09:30||NIFTY27JAN2624300PE,0.1596659171149717
16-01-2026 09:30||NIFTY27JAN2624400PE,0.1529993254075225
16-01-2026 09:30||NIFTY27JAN2624900PE,0.122334166637545
16-01-2026 09:30||NIFTY27JAN2625100PE,0.1115873270988492
16-01-2026 09:30||NIFTY27JAN2625500CE,0.1056071176396709
16-01-2026 09:30||NIFTY27JAN2625700CE,0.1012443774177186
16-01-2026 09:30||NIFTY27JAN2625900CE,0.0970917920404215
16-01-2026 09:30||NIFTY27JAN2626000CE,0.0958284712141935
16-01-2026 09:35||NIFTY27JAN2624100PE,0.1743170051003591
16-01-2026 09:35||NIFTY27JAN2624200PE,0.1671637535359941
16-01-2026 09:35||NIFTY27JAN2624800PE,0.1274533366619422
16-01-2026 09:35||NIFTY27JAN2625100PE,0.1124784032425903
16-01-2026 09:35||NIFTY27JAN2626300CE,0.099320639704987
16-01-2026 09:35||NIFTY27JAN2626400CE,0.1021206128199756
16-01-2026 09:40||NIFTY27JAN2624200PE,0.1664357626071406
16-01-2026 09:40||NIFTY27JAN2624300PE,0.1597591716325625
16-01-2026 09:40||NIFTY27JAN2625900CE,0.10421881272594
16-01-2026 09:40||NIFTY27JAN2626500CE,0.1045627031961943
16-01-2026 09:45||NIFTY27JAN2623900PE,0.1898060878255159
16-01-2026 09:45||NIFTY27JAN2624500PE,0.1467384795459654
16-01-2026 09:45||NIFTY27JAN2624800PE,0.125386265800704
16-01-2026 09:45||NIFTY27JAN2624900PE,0.1194963293889028
16-01-2026 09:45||NIFTY27JAN2625400CE,0.1263077952440613
16-01-2026 09:45||NIFTY27JAN2626000CE,0.1019849647372957
16-01-2026 09:45||NIFTY27JAN2626100CE,0.1006749776070241
16-01-2026 09:50||NIFTY27JAN2623900PE,0.192616422554526
16-01-2026 09:50||NIFTY27JAN2624200PE,0.1718654338428435
16-01-2026 09:50||NIFTY27JAN2624900PE,0.1217528814935281
16-01-2026 09:50||NIFTY27JAN2625500CE,0.1144636589516213
16-01-2026 09:50||NIFTY27JAN2625600CE,0.110572606948414
16-01-2026 09:50||NIFTY27JAN2625700CE,0.1066967247770953
16-01-2026 09:50||NIFTY27JAN2625800CE,0.1028358946132825
16-01-2026 09:50||NIFTY27JAN2626000CE,0.0973618749922953
16-01-2026 09:50||NIFTY27JAN2626200CE,0.0964112786290586
16-01-2026 09:55||NIFTY27JAN2623800PE,0.2005642461109351
16-01-2026 09:55||NIFTY27JAN2624000PE,0.1864253332908947
16-01-2026 09:55||NIFTY27JAN2624200PE,0.1724657024386492
16-01-2026 09:55||NIFTY27JAN2624500PE,0.1505188264857044
16-01-2026 09:55||NIFTY27JAN2624900PE,0.1225725728705323
16-01-2026 09:55||NIFTY27JAN2625000PE,0.1165693038304418
16-01-2026 09:55||NIFTY27JAN2625300CE,0.1164598335712987
16-01-2026 09:55||NIFTY27JAN2625400CE,0.1117782082812283
16-01-2026 09:55||NIFTY27JAN2625500CE,0.1071149784228304
16-01-2026 09:55||NIFTY27JAN2625700CE,0.0996996206089937
16-01-2026 09:55||NIFTY27JAN2625900CE,0.0955044822832211
16-01-2026 09:55||NIFTY27JAN2626000CE,0.0940744964403404
16-01-2026 09:55||NIFTY27JAN2626400CE,0.0960345350912213
16-01-2026 09:55||NIFTY27JAN2626500CE,0.0974636465963737
16-01-2026 10:00||NIFTY27JAN2624000PE,0.1859209270426127
16-01-2026 10:00||NIFTY27JAN2625400CE,0.1324362302664718
16-01-2026 10:00||NIFTY27JAN2625900CE,0.1048660428110505
16-01-2026 10:00||NIFTY27JAN2626000CE,0.1021127367359468
16-01-2026 10:00||NIFTY27JAN2626400CE,0.1016752941063294
16-01-2026 10:00||NIFTY27JAN2626500CE,0.1029059179024329
16-01-2026 10:05||NIFTY27JAN2624000PE,0.1865259077497425
16-01-2026 10:05||NIFTY27JAN2624100PE,0.1799393170019739
16-01-2026 10:05||NIFTY27JAN2624400PE,0.1582983298713656
16-01-2026 10:05||NIFTY27JAN2625100PE,0.1102122755083847
16-01-2026 10:05||NIFTY27JAN2625700CE,0.1095023151557053
16-01-2026 10:05||NIFTY27JAN2626400CE,0.1010147248449982
16-01-2026 10:05||NIFTY27JAN2626500CE,0.1023942144228884
16-01-2026 10:10||NIFTY27JAN2623900PE,0.1959415794587495
16-01-2026 10:10||NIFTY27JAN2624800PE,0.1300361693173595
16-01-2026 10:10||NIFTY27JAN2625300CE,0.1412270849335896
16-01-2026 10:10||NIFTY27JAN2625600CE,0.1181644433325278
16-01-2026 10:10||NIFTY27JAN2626100CE,0.1010825383081533
16-01-2026 10:10||NIFTY27JAN2626400CE,0.1036652841035452
16-01-2026 10:15||NIFTY27JAN2623800PE,0.2063964151715753
16-01-2026 10:15||NIFTY27JAN2624400PE,0.1645878496200175
16-01-2026 10:15||NIFTY27JAN2624500PE,0.1567379371639638
16-01-2026 10:15||NIFTY27JAN2625300CE,0.1594681817613712
16-01-2026 10:20||NIFTY27JAN2623800PE,0.2105979665387946
16-01-2026 10:20||NIFTY27JAN2624300PE,0.1762308950219168
16-01-2026 10:20||NIFTY27JAN2624500PE,0.1614889081185841
16-01-2026 10:20||NIFTY27JAN2624800PE,0.1386012197207217
16-01-2026 10:20||NIFTY27JAN2625700CE,0.1190258657357054
16-01-2026 10:20||NIFTY27JAN2625900CE,0.110978523149931
16-01-2026 10:20||NIFTY27JAN2626400CE,0.1051480965983141
16-01-2026 10:25||NIFTY27JAN2624000PE,0.1980107603754637
16-01-2026 10:25||NIFTY27JAN2624200PE,0.1841711353905012
16-01-2026 10:25||NIFTY27JAN2624300PE,0.1771812146347896
16-01-2026 10:25||NIFTY27JAN2624600PE,0.1541551219102436
16-01-2026 10:25||NIFTY27JAN2625400CE,0.1394202164843253
16-01-2026 10:25||NIFTY27JAN2626000CE,0.1056942307550067
16-01-2026 10:30||NIFTY27JAN2624200PE,0.1842353305367645
16-01-2026 10:30||NIFTY27JAN2624400PE,0.1694442417591643
16-01-2026 10:30||NIFTY27JAN2624800PE,0.14047584673584
16-01-2026 10:30||NIFTY27JAN2625500CE,0.1247982744797499
16-01-2026 10:35||NIFTY27JAN2624000PE,0.1986908437090383
16-01-2026 10:35||NIFTY27JAN2624200PE,0.1850408367365523
16-01-2026 10:35||NIFTY27JAN2624900PE,0.1349362650233194
16-01-2026 10:35||NIFTY27JAN2625100PE,0.1213109856081795
16-01-2026 10:35||NIFTY27JAN2625200CE,0.1499470297995801
16-01-2026 10:35||NIFTY27JAN2625600CE,0.1199034472362446
16-01-2026 10:35||NIFTY27JAN2626300CE,0.100551213873917
16-01-2026 10:35||NIFTY27JAN2626400CE,0.1017478690504419
16-01-2026 10:40||NIFTY27JAN2623800PE,0.2124863313138878
16-01-2026 10:40||NIFTY27JAN2624200PE,0.1858955578101384
16-01-2026 10:40||NIFTY27JAN2624700PE,0.1494660323505065
16-01-2026 10:40||NIFTY27JAN2624900PE,0.1358565260681978
16-01-2026 10:40||NIFTY27JAN2626200CE,0.0941753339702765
16-01-2026 10:45||NIFTY27JAN2623800PE,0.2122489004381935
16-01-2026 10:45||NIFTY27JAN2624000PE,0.1982204478745595
16-01-2026 10:45||NIFTY27JAN2624400PE,0.1699740983161398
16-01-2026 10:45||NIFTY27JAN2624600PE,0.1549402133739102
16-01-2026 10:45||NIFTY27JAN2624900PE,0.1344413353046329
16-01-2026 10:45||NIFTY27JAN2625200CE,0.135180811909396
16-01-2026 10:50||NIFTY27JAN2624200PE,0.1831268959335838
16-01-2026 10:50||NIFTY27JAN2624300PE,0.175744361455291
16-01-2026 10:50||NIFTY27JAN2624400PE,0.1683921454791462
16-01-2026 10:50||NIFTY27JAN2624600PE,0.153875406463873
16-01-2026 10:50||NIFTY27JAN2625400CE,0.1304282184605845
16-01-2026 10:50||NIFTY27JAN2626300CE,0.0986524298402013
16-01-2026 10:50||NIFTY27JAN2626400CE,0.1001690819441534
16-01-2026 10:55||NIFTY27JAN2623800PE,0.211901696366928
16-01-2026 10:55||NIFTY27JAN2623900PE,0.2045404802553946
16-01-2026 10:55||NIFTY27JAN2624900PE,0.1333112951438824
16-01-2026 10:55||NIFTY27JAN2625400CE,0.1239383759413061
16-01-2026 10:55||NIFTY27JAN2625800CE,0.1039655755755964
16-01-2026 10:55||NIFTY27JAN2625900CE,0.1011022708092495
16-01-2026 10:55||NIFTY27JAN2626100CE,0.0969976053581258
16-01-2026 10:55||NIFTY27JAN2626500CE,0.0988552740907994
16-01-2026 11:00||NIFTY27JAN2624400PE,0.1678842212673039
16-01-2026 11:00||NIFTY27JAN2624900PE,0.1324194825502063
16-01-2026 11:00||NIFTY27JAN2625000PE,0.1256462217565008
16-01-2026 11:00||NIFTY27JAN2625300CE,0.137962954488052
16-01-2026 11:00||NIFTY27JAN2626000CE,0.0998366196497277
16-01-2026 11:00||NIFTY27JAN2626100CE,0.0980899701426988
16-01-2026 11:05||NIFTY27JAN2624300PE,0.1745132851580088
16-01-2026 11:05||NIFTY27JAN2624400PE,0.1672067006466446
16-01-2026 11:05||NIFTY27JAN2625100PE,0.1187557884917858
16-01-2026 11:05||NIFTY27JAN2626100CE,0.1005865517157012
16-01-2026 11:10||NIFTY27JAN2624000PE,0.1943159999594904
16-01-2026 11:10||NIFTY27JAN2625800CE,0.1020293895208358
16-01-2026 11:10||NIFTY27JAN2626000CE,0.0974818172998454
16-01-2026 11:15||NIFTY27JAN2623900PE,0.2006852510029904
16-01-2026 11:15||NIFTY27JAN2624600PE,0.1510063211005382
16-01-2026 11:15||NIFTY27JAN2625800CE,0.1018340309928063
16-01-2026 11:15||NIFTY27JAN2626200CE,0.095430763360632
16-01-2026 11:20||NIFTY27JAN2623800PE,0.2054776141237854
16-01-2026 11:20||NIFTY27JAN2624000PE,0.1916313530341439
16-01-2026 11:20||NIFTY27JAN2624100PE,0.1847514323340456
16-01-2026 11:20||NIFTY27JAN2624900PE,0.1306774698458352
16-01-2026 11:20||NIFTY27JAN2625900CE,0.1002915112049555
16-01-2026 11:20||NIFTY27JAN2626000CE,0.098091532985139
16-01-2026 11:20||NIFTY27JAN2626200CE,0.0963157919866557
16-01-2026 11:25||NIFTY27JAN2624200PE,0.1779956817774334
16-01-2026 11:25||NIFTY27JAN2624800PE,0.1362121874652797
16-01-2026 11:25||NIFTY27JAN2625000PE,0.1237277399673063
16-01-2026 11:25||NIFTY27JAN2626300CE,0.0985267015250124
16-01-2026 11:30||NIFTY27JAN2624300PE,0.1715760904957194
16-01-2026 11:30||NIFTY27JAN2625600CE,0.1054831835764148
16-01-2026 11:30||NIFTY27JAN2626500CE,0.0989143667162329
16-01-2026 11:35||NIFTY27JAN2624500PE,0.1560601326117799
16-01-2026 11:35||NIFTY27JAN2624800PE,0.1359778628703357
16-01-2026 11:35||NIFTY27JAN2625300CE,0.1196855829794324
16-01-2026 11:35||NIFTY27JAN2625500CE,0.1105864999782134
16-01-2026 11:35||NIFTY27JAN2626200CE,0.0962355057264187
16-01-2026 11:40||NIFTY27JAN2624400PE,0.1628442682976721
16-01-2026 11:40||NIFTY27JAN2624500PE,0.1557476807737067
16-01-2026 11:40||NIFTY27JAN2625500CE,0.1120685097744707
16-01-2026 11:40||NIFTY27JAN2626100CE,0.096183342907823
16-01-2026 11:45||NIFTY27JAN2624300PE,0.1694206275314497
16-01-2026 11:45||NIFTY27JAN2625000PE,0.1217929699679197
16-01-2026 11:45||NIFTY27JAN2625400CE,0.1238511318539375
16-01-2026 11:50||NIFTY27JAN2623900PE,0.1976818723466333
16-01-2026 11:50||NIFTY27JAN2624300PE,0.1691906892600189
16-01-2026 11:50||NIFTY27JAN2625500CE,0.1178832450679098
16-01-2026 11:55||NIFTY27JAN2624000PE,0.1906601562070489
16-01-2026 11:55||NIFTY27JAN2624500PE,0.1557498877131407
16-01-2026 11:55||NIFTY27JAN2624800PE,0.135297318514022
16-01-2026 11:55||NIFTY27JAN2625000PE,0.1227678411467176
16-01-2026 11:55||NIFTY27JAN2625100PE,0.1165406410778367
16-01-2026 11:55||NIFTY27JAN2626200CE,0.0945471087837461
16-01-2026 12:00||NIFTY27JAN2623900PE,0.1949241205915441
16-01-2026 12:00||NIFTY27JAN2624000PE,0.1879375351281269
16-01-2026 12:00||NIFTY27JAN2624200PE,0.1739304648346674
16-01-2026 12:00||NIFTY27JAN2624400PE,0.1596401331551023
16-01-2026 12:00||NIFTY27JAN2624800PE,0.1324118310500857
16-01-2026 12:00||NIFTY27JAN2624900PE,0.1262485642558469
16-01-2026 12:00||NIFTY27JAN2625200CE,0.1531845743476288
16-01-2026 12:00||NIFTY27JAN2626200CE,0.1016150095420079
16-01-2026 12:05||NIFTY27JAN2623800PE,0.2028480923253261
16-01-2026 12:05||NIFTY27JAN2624200PE,0.1745201135939982
16-01-2026 12:05||NIFTY27JAN2624500PE,0.1532300917953399
16-01-2026 12:05||NIFTY27JAN2624800PE,0.132701542302241
16-01-2026 12:05||NIFTY27JAN2625000PE,0.1199077599673597
16-01-2026 12:05||NIFTY27JAN2625200CE,0.148745980213622
16-01-2026 12:05||NIFTY27JAN2625900CE,0.1118324324136303
16-01-2026 12:10||NIFTY27JAN2624800PE,0.133946814480398
16-01-2026 12:10||NIFTY27JAN2625100PE,0.1163621158273211
16-01-2026 12:10||NIFTY27JAN2625300CE,0.1458406916753676
16-01-2026 12:10||NIFTY27JAN2625800CE,0.113006249978091
16-01-2026 12:10||NIFTY27JAN2626000CE,0.1062246209194938
16-01-2026 12:10||NIFTY27JAN2626100CE,0.1039579765210596
16-01-2026 12:15||NIFTY27JAN2624000PE,0.1914990103704001
16-01-2026 12:15||NIFTY27JAN2624600PE,0.1477466666299452
16-01-2026 12:15||NIFTY27JAN2624800PE,0.1351184861510498
16-01-2026 12:15||NIFTY27JAN2624900PE,0.1290614452610368
16-01-2026 12:15||NIFTY27JAN2625000PE,0.1230286811531466
16-01-2026 12:15||NIFTY27JAN2625800CE,0.1047830426182385
16-01-2026 12:15||NIFTY27JAN2626000CE,0.0995568461460703
16-01-2026 12:20||NIFTY27JAN2623900PE,0.1979710982857974
16-01-2026 12:20||NIFTY27JAN2624300PE,0.1685700102457569
16-01-2026 12:20||NIFTY27JAN2624500PE,0.1543007448583779
16-01-2026 12:20||NIFTY27JAN2624900PE,0.1287527007701507
16-01-2026 12:20||NIFTY27JAN2625400CE,0.1264814074452005
16-01-2026 12:20||NIFTY27JAN2625600CE,0.1149620037972454
16-01-2026 12:20||NIFTY27JAN2625700CE,0.1103520505104734
16-01-2026 12:25||NIFTY27JAN2623800PE,0.2022343187293868
16-01-2026 12:25||NIFTY27JAN2624500PE,0.1554063877173057
16-01-2026 12:25||NIFTY27JAN2624700PE,0.1430804876048915
16-01-2026 12:25||NIFTY27JAN2624800PE,0.1374338823930239
16-01-2026 12:25||NIFTY27JAN2625000PE,0.1262086582782408
16-01-2026 12:25||NIFTY27JAN2625100PE,0.1206296772615874
16-01-2026 12:25||NIFTY27JAN2626400CE,0.0947367613798051
16-01-2026 12:30||NIFTY27JAN2623800PE,0.1992940042922975
16-01-2026 12:30||NIFTY27JAN2624400PE,0.1534607069272004
16-01-2026 12:30||NIFTY27JAN2624600PE,0.1398865853289082
16-01-2026 12:35||NIFTY27JAN2623800PE,0.202773503844313
16-01-2026 12:35||NIFTY27JAN2623900PE,0.1944644051101985
16-01-2026 12:35||NIFTY27JAN2624800PE,0.1304284072266496
16-01-2026 12:35||NIFTY27JAN2625600CE,0.1115191659523219
16-01-2026 12:35||NIFTY27JAN2625700CE,0.1086794462956131
16-01-2026 12:35||NIFTY27JAN2625800CE,0.1058507547041803
16-01-2026 12:35||NIFTY27JAN2625900CE,0.1030330058541804
16-01-2026 12:35||NIFTY27JAN2626000CE,0.1002261154081783
16-01-2026 12:35||NIFTY27JAN2626200CE,0.0982064790112246
16-01-2026 12:40||NIFTY27JAN2623800PE,0.2018539204346102
16-01-2026 12:40||NIFTY27JAN2625200CE,0.1204402970565676
16-01-2026 12:40||NIFTY27JAN2625900CE,0.0991073359007167
16-01-2026 12:45||NIFTY27JAN2624000PE,0.1840488853700384
16-01-2026 12:45||NIFTY27JAN2624800PE,0.1303084677106844
16-01-2026 12:45||NIFTY27JAN2625700CE,0.1040107490165105
16-01-2026 12:45||NIFTY27JAN2625900CE,0.1004212518443732
16-01-2026 12:45||NIFTY27JAN2626000CE,0.0990179324041569
16-01-2026 12:45||NIFTY27JAN2626300CE,0.0996185836588251
16-01-2026 12:50||NIFTY27JAN2624300PE,0.1619147118910052
16-01-2026 12:50||NIFTY27JAN2626000CE,0.1035611057596296
16-01-2026 12:50||NIFTY27JAN2626200CE,0.1020609923688216
16-01-2026 12:55||NIFTY27JAN2623900PE,0.192584079451455
16-01-2026 12:55||NIFTY27JAN2624700PE,0.1369877125170396
16-01-2026 12:55||NIFTY27JAN2624900PE,0.1255542268786708
16-01-2026 12:55||NIFTY27JAN2625500CE,0.1051178333149642
16-01-2026 12:55||NIFTY27JAN2625800CE,0.0985669767366162
16-01-2026 13:00||NIFTY27JAN2623800PE,0.1980893921194832
16-01-2026 13:00||NIFTY27JAN2624700PE,0.1351691120061306
16-01-2026 13:00||NIFTY27JAN2624800PE,0.1291825104946108
16-01-2026 13:00||NIFTY27JAN2625400CE,0.1107615944664746
16-01-2026 13:00||NIFTY27JAN2625900CE,0.0987700664334223
16-01-2026 13:00||NIFTY27JAN2626000CE,0.0979234081488262
16-01-2026 13:05||NIFTY27JAN2624100PE,0.1748288692483173
16-01-2026 13:05||NIFTY27JAN2625000PE,0.1154001399737065
16-01-2026 13:05||NIFTY27JAN2625300CE,0.1289387450169636
16-01-2026 13:10||NIFTY27JAN2625200CE,0.130728158489306
16-01-2026 13:15||NIFTY27JAN2623800PE,0.1960122852097032
16-01-2026 13:15||NIFTY27JAN2624100PE,0.1731947094996913
16-01-2026 13:15||NIFTY27JAN2624600PE,0.1378413042834823
16-01-2026 13:15||NIFTY27JAN2624700PE,0.1315980394511278
16-01-2026 13:15||NIFTY27JAN2625800CE,0.1019409205324212
16-01-2026 13:15||NIFTY27JAN2626100CE,0.099823139775369
16-01-2026 13:15||NIFTY27JAN2626200CE,0.1006431317810041
16-01-2026 13:20||NIFTY27JAN2624300PE,0.1573355349385959
16-01-2026 13:20||NIFTY27JAN2624700PE,0.1313281578623858
16-01-2026 13:20||NIFTY27JAN2625100PE,0.1115166467508897
16-01-2026 13:20||NIFTY27JAN2625600CE,0.105324121078799
16-01-2026 13:20||NIFTY27JAN2626100CE,0.0989005172426448
16-01-2026 13:25||NIFTY27JAN2623900PE,0.1841694455613098
16-01-2026 13:25||NIFTY27JAN2624300PE,0.1544687295401562
16-01-2026 13:25||NIFTY27JAN2624400PE,0.1476754725902655
16-01-2026 13:25||NIFTY27JAN2625200CE,0.1390326886048794
16-01-2026 13:25||NIFTY27JAN2625300CE,0.1337509265988268
16-01-2026 13:25||NIFTY27JAN2625500CE,0.1232497450717545
16-01-2026 13:25||NIFTY27JAN2625800CE,0.1106388081240312
16-01-2026 13:25||NIFTY27JAN2626400CE,0.1077337381253576
16-01-2026 13:25||NIFTY27JAN2626500CE,0.1093712617250114
16-01-2026 13:30||NIFTY27JAN2624000PE,0.1782381353678682
16-01-2026 13:30||NIFTY27JAN2624200PE,0.1634862396302607
16-01-2026 13:30||NIFTY27JAN2624400PE,0.1500260655347617
16-01-2026 13:30||NIFTY27JAN2624900PE,0.1209265461395227
16-01-2026 13:30||NIFTY27JAN2625000PE,0.1159132664969374
16-01-2026 13:30||NIFTY27JAN2625200CE,0.1255954851889152
16-01-2026 13:35||NIFTY27JAN2624400PE,0.1488256198423083
16-01-2026 13:35||NIFTY27JAN2624500PE,0.1420590286381514
16-01-2026 13:35||NIFTY27JAN2624900PE,0.1191747891291782
16-01-2026 13:35||NIFTY27JAN2625500CE,0.118122254882109
16-01-2026 13:35||NIFTY27JAN2626100CE,0.1026395210716251
16-01-2026 13:35||NIFTY27JAN2626400CE,0.1078611837269086
16-01-2026 13:40||NIFTY27JAN2623900PE,0.1865187551827265
16-01-2026 13:40||NIFTY27JAN2624500PE,0.1439170611885635
16-01-2026 13:40||NIFTY27JAN2624700PE,0.1318484007780292
16-01-2026 13:40||NIFTY27JAN2625200CE,0.1265755838470944
16-01-2026 13:40||NIFTY27JAN2625300CE,0.1201551282701711
16-01-2026 13:40||NIFTY27JAN2625900CE,0.100712795261654
16-01-2026 13:40||NIFTY27JAN2626000CE,0.0997094718614043
16-01-2026 13:40||NIFTY27JAN2626200CE,0.1005334732908759
16-01-2026 13:40||NIFTY27JAN2626500CE,0.1074403591452309
16-01-2026 13:45||NIFTY27JAN2623900PE,0.1864137447224449
16-01-2026 13:45||NIFTY27JAN2624100PE,0.1705331742255761
16-01-2026 13:45||NIFTY27JAN2624500PE,0.1430720509844535
16-01-2026 13:50||NIFTY27JAN2624700PE,0.1340741396464445
16-01-2026 13:50||NIFTY27JAN2625900CE,0.095583346195144
16-01-2026 13:50||NIFTY27JAN2626000CE,0.095586679495477
16-01-2026 13:55||NIFTY27JAN2623900PE,0.1863602405427089
16-01-2026 13:55||NIFTY27JAN2624200PE,0.1632991097051899
16-01-2026 13:55||NIFTY27JAN2624300PE,0.1566258520261559
16-01-2026 13:55||NIFTY27JAN2625000PE,0.1156004799746132
16-01-2026 13:55||NIFTY27JAN2625700CE,0.1033961089395976
16-01-2026 13:55||NIFTY27JAN2626100CE,0.1002308045996697
16-01-2026 14:00||NIFTY27JAN2624500PE,0.1428915203707351
16-01-2026 14:00||NIFTY27JAN2624900PE,0.1202700805372035
16-01-2026 14:00||NIFTY27JAN2625000PE,0.1153200806447311
16-01-2026 14:00||NIFTY27JAN2625100PE,0.1103898412834614
16-01-2026 14:00||NIFTY27JAN2626000CE,0.0990593653830507
16-01-2026 14:05||NIFTY27JAN2624100PE,0.1717883713215774
16-01-2026 14:05||NIFTY27JAN2625500CE,0.1032388137096338
16-01-2026 14:05||NIFTY27JAN2625800CE,0.0979233623990004
16-01-2026 14:05||NIFTY27JAN2626100CE,0.0982468103492568
16-01-2026 14:10||NIFTY27JAN2624500PE,0.144186244859766
16-01-2026 14:10||NIFTY27JAN2625100PE,0.1111877245980696
16-01-2026 14:10||NIFTY27JAN2625500CE,0.1094528039031241
16-01-2026 14:10||NIFTY27JAN2626400CE,0.1058400569020829
16-01-2026 14:10||NIFTY27JAN2626500CE,0.108440245890624
16-01-2026 14:15||NIFTY27JAN2624300PE,0.1569357201243037
16-01-2026 14:15||NIFTY27JAN2624600PE,0.1364021036230185
16-01-2026 14:15||NIFTY27JAN2624900PE,0.1195893774814853
16-01-2026 14:15||NIFTY27JAN2625500CE,0.1125856176230105
16-01-2026 14:20||NIFTY27JAN2624200PE,0.1645301135939984
16-01-2026 14:20||NIFTY27JAN2624800PE,0.125178749969514
16-01-2026 14:20||NIFTY27JAN2625100PE,0.1108674850764741
16-01-2026 14:20||NIFTY27JAN2626000CE,0.0998138942280429
16-01-2026 14:20||NIFTY27JAN2626300CE,0.1032850570464058
16-01-2026 14:25||NIFTY27JAN2623900PE,0.1894665480779048
16-01-2026 14:25||NIFTY27JAN2624900PE,0.122649277079609
16-01-2026 14:25||NIFTY27JAN2625100PE,0.1120119975362102
16-01-2026 14:25||NIFTY27JAN2625500CE,0.099939901960533
16-01-2026 14:25||NIFTY27JAN2626500CE,0.106908166323362
16-01-2026 14:30||NIFTY27JAN2623800PE,0.1931767086734815
16-01-2026 14:30||NIFTY27JAN2624300PE,0.1574351234148004
16-01-2026 14:30||NIFTY27JAN2626300CE,0.1036699524834161
16-01-2026 14:35||NIFTY27JAN2623800PE,0.1956382181118574
16-01-2026 14:35||NIFTY27JAN2624800PE,0.1270185298340726
16-01-2026 14:35||NIFTY27JAN2624900PE,0.1217981521604634
16-01-2026 14:35||NIFTY27JAN2625000PE,0.116598697900396
16-01-2026 14:35||NIFTY27JAN2625300CE,0.1032537846078537
16-01-2026 14:35||NIFTY27JAN2625900CE,0.0966137355180938
16-01-2026 14:35||NIFTY27JAN2626100CE,0.0977301021472931
16-01-2026 14:35||NIFTY27JAN2626200CE,0.0994934352449884
16-01-2026 14:35||NIFTY27JAN2626300CE,0.101250050866985
16-01-2026 14:35||NIFTY27JAN2626500CE,0.1047433330524484
16-01-2026 14:40||NIFTY27JAN2624200PE,0.1651100929327824
16-01-2026 14:40||NIFTY27JAN2624600PE,0.1378670731351296
16-01-2026 14:40||NIFTY27JAN2624900PE,0.120789277079609
16-01-2026 14:40||NIFTY27JAN2625800CE,0.1003214244096517
16-01-2026 14:40||NIFTY27JAN2626500CE,0.107317674828805
16-01-2026 14:45||NIFTY27JAN2623900PE,0.1877935039109249
16-01-2026 14:45||NIFTY27JAN2624000PE,0.1799598534126395
16-01-2026 14:45||NIFTY27JAN2624100PE,0.1721587753597516
16-01-2026 14:45||NIFTY27JAN2625000PE,0.1160248299728798
16-01-2026 14:45||NIFTY27JAN2625300CE,0.1104699110539429
16-01-2026 14:45||NIFTY27JAN2625600CE,0.1015057226453721
16-01-2026 14:45||NIFTY27JAN2626300CE,0.1009227676459844
16-01-2026 14:45||NIFTY27JAN2626400CE,0.1042827353839708
16-01-2026 14:50||NIFTY27JAN2623900PE,0.187359320037931
16-01-2026 14:50||NIFTY27JAN2624100PE,0.1724340049565474
16-01-2026 14:50||NIFTY27JAN2624200PE,0.1650188422789999
16-01-2026 14:50||NIFTY27JAN2624300PE,0.1576342576787181
16-01-2026 14:50||NIFTY27JAN2624700PE,0.1315088056374348
16-01-2026 14:50||NIFTY27JAN2625100PE,0.1113678842791333
16-01-2026 14:55||NIFTY27JAN2624200PE,0.1636449792960954
16-01-2026 14:55||NIFTY27JAN2624900PE,0.120904548164675
16-01-2026 14:55||NIFTY27JAN2625200CE,0.1222181743201262
16-01-2026 14:55||NIFTY27JAN2625300CE,0.1181260158205487
16-01-2026 14:55||NIFTY27JAN2625600CE,0.1070604565753263
16-01-2026 14:55||NIFTY27JAN2625700CE,0.1041423344015704
16-01-2026 14:55||NIFTY27JAN2625800CE,0.1012355447696516
16-01-2026 15:00||NIFTY27JAN2624000PE,0.1797376353664214
16-01-2026 15:00||NIFTY27JAN2624800PE,0.1274431182965814
16-01-2026 15:00||NIFTY27JAN2624900PE,0.1224265057896427
16-01-2026 15:00||NIFTY27JAN2625500CE,0.1013168039133766
16-01-2026 15:05||NIFTY27JAN2623900PE,0.1869298430520095
16-01-2026 15:05||NIFTY27JAN2624100PE,0.171891087091863
16-01-2026 15:05||NIFTY27JAN2624200PE,0.1641145093194195
16-01-2026 15:05||NIFTY27JAN2624600PE,0.1373581910243874
16-01-2026 15:05||NIFTY27JAN2624900PE,0.1216399598123679
16-01-2026 15:05||NIFTY27JAN2626200CE,0.0983237022990654
16-01-2026 15:10||NIFTY27JAN2623900PE,0.1861695292435625
16-01-2026 15:10||NIFTY27JAN2624700PE,0.1316852504820352
16-01-2026 15:10||NIFTY27JAN2624800PE,0.1263919747580413
16-01-2026 15:10||NIFTY27JAN2625100PE,0.1116589222060474
16-01-2026 15:10||NIFTY27JAN2625600CE,0.1008307714736212
16-01-2026 15:15||NIFTY27JAN2623800PE,0.1939408596290148
16-01-2026 15:15||NIFTY27JAN2624200PE,0.1627602995449406
16-01-2026 15:15||NIFTY27JAN2624400PE,0.1493676676372115
16-01-2026 15:15||NIFTY27JAN2624500PE,0.1431010708570073
16-01-2026 15:15||NIFTY27JAN2624700PE,0.1313377476671021
16-01-2026 15:15||NIFTY27JAN2624800PE,0.1258378075256725
16-01-2026 15:15||NIFTY27JAN2625000PE,0.115169639972373
16-01-2026 15:15||NIFTY27JAN2625300CE,0.1199484387050745
16-01-2026 15:15||NIFTY27JAN2625500CE,0.110252450961043
16-01-2026 15:15||NIFTY27JAN2626000CE,0.0995368460398927
16-01-2026 15:15||NIFTY27JAN2626100CE,0.0995835122480958
16-01-2026 15:15||NIFTY27JAN2626300CE,0.1022399524834163
16-01-2026 15:20||NIFTY27JAN2623900PE,0.1868666757320525
16-01-2026 15:20||NIFTY27JAN2624000PE,0.1788967683641943
16-01-2026 15:20||NIFTY27JAN2624200PE,0.1639054545040593
16-01-2026 15:20||NIFTY27JAN2624400PE,0.150241424142323
16-01-2026 15:20||NIFTY27JAN2624600PE,0.1373372357372035
16-01-2026 15:20||NIFTY27JAN2624800PE,0.1256390725510332
16-01-2026 15:20||NIFTY27JAN2625500CE,0.1088626470399769
16-01-2026 15:20||NIFTY27JAN2625900CE,0.0992274903412549
16-01-2026 15:20||NIFTY27JAN2626100CE,0.0986964655208269
16-01-2026 15:20||NIFTY27JAN2626400CE,0.104650132803594
16-01-2026 15:20||NIFTY27JAN2626500CE,0.1072304730212302
16-01-2026 15:25||NIFTY27JAN2626400CE,0.1032185388718666
16-01-2026 15:25||NIFTY27JAN2626500CE,0.1062157032785056
19-01-2026 09:15||NIFTY27JAN2624700PE,0.1361772469287231
19-01-2026 09:15||NIFTY27JAN2624900PE,0.1242837650300397
19-01-2026 09:15||NIFTY27JAN2625400CE,0.1305752479787523
19-01-2026 09:15||NIFTY27JAN2625500CE,0.1259786286251643
19-01-2026 09:15||NIFTY27JAN2625900CE,0.1182904440165472
19-01-2026 09:15||NIFTY27JAN2626300CE,0.1273142855114726
19-01-2026 09:15||NIFTY27JAN2626400CE,0.1319509076578405
19-01-2026 09:20||NIFTY27JAN2624600PE,0.1472461991489828
19-01-2026 09:20||NIFTY27JAN2625700CE,0.0992336381414761
19-01-2026 09:20||NIFTY27JAN2626100CE,0.109342174347055
19-01-2026 09:20||NIFTY27JAN2626400CE,0.1229709848747535
19-01-2026 09:25||NIFTY27JAN2624500PE,0.1524781530144465
19-01-2026 09:25||NIFTY27JAN2625500CE,0.1029648058348566
19-01-2026 09:25||NIFTY27JAN2625600CE,0.1033580664374439
19-01-2026 09:25||NIFTY27JAN2625700CE,0.1037497938564026
19-01-2026 09:25||NIFTY27JAN2626100CE,0.1122884323343969
19-01-2026 09:25||NIFTY27JAN2626200CE,0.116231727223284
19-01-2026 09:25||NIFTY27JAN2626400CE,0.1261463163149398
19-01-2026 09:30||NIFTY27JAN2623800PE,0.206894682600418
19-01-2026 09:30||NIFTY27JAN2624000PE,0.1910185312023468
19-01-2026 09:30||NIFTY27JAN2624200PE,0.174896851167499
19-01-2026 09:30||NIFTY27JAN2624300PE,0.1666976535606269
19-01-2026 09:30||NIFTY27JAN2624400PE,0.1585321283180337
19-01-2026 09:30||NIFTY27JAN2624800PE,0.1279370160938476
19-01-2026 09:30||NIFTY27JAN2625400CE,0.1292355019439671
19-01-2026 09:30||NIFTY27JAN2625800CE,0.1159380232508644
19-01-2026 09:30||NIFTY27JAN2626500CE,0.1368710585559245
19-01-2026 09:35||NIFTY27JAN2624500PE,0.1555524285226388
19-01-2026 09:35||NIFTY27JAN2624800PE,0.1340733769846322
19-01-2026 09:35||NIFTY27JAN2625500CE,0.0999758153860157
19-01-2026 09:35||NIFTY27JAN2625600CE,0.1006091422514346
19-01-2026 09:35||NIFTY27JAN2626200CE,0.1141036164331342
19-01-2026 09:40||NIFTY27JAN2624100PE,0.1841714072744716
19-01-2026 09:40||NIFTY27JAN2624200PE,0.1756681711418085
19-01-2026 09:40||NIFTY27JAN2624400PE,0.1590402108595482
19-01-2026 09:40||NIFTY27JAN2624500PE,0.1509137951830499
19-01-2026 09:40||NIFTY27JAN2624600PE,0.1428204810877928
19-01-2026 09:40||NIFTY27JAN2624900PE,0.1237396987674896
19-01-2026 09:40||NIFTY27JAN2625700CE,0.1098538813201343
19-01-2026 09:40||NIFTY27JAN2626200CE,0.1190471647504816
19-01-2026 09:40||NIFTY27JAN2626300CE,0.1235471212125929
19-01-2026 09:40||NIFTY27JAN2626500CE,0.1324959302449222
19-01-2026 09:45||NIFTY27JAN2623900PE,0.2006955049924006
19-01-2026 09:45||NIFTY27JAN2624000PE,0.192445600878871
19-01-2026 09:45||NIFTY27JAN2626200CE,0.116952872156518
19-01-2026 09:50||NIFTY27JAN2623900PE,0.2012843723393388
19-01-2026 09:50||NIFTY27JAN2624700PE,0.1379219328614941
19-01-2026 09:50||NIFTY27JAN2624800PE,0.1318086660618688
19-01-2026 09:50||NIFTY27JAN2625300CE,0.1000838537649752
19-01-2026 09:50||NIFTY27JAN2625900CE,0.1054793146825347
19-01-2026 09:50||NIFTY27JAN2626200CE,0.115418854983332
19-01-2026 09:55||NIFTY27JAN2624700PE,0.1379726821525843
19-01-2026 09:55||NIFTY27JAN2625400CE,0.101217116147199
19-01-2026 09:55||NIFTY27JAN2625700CE,0.1028061186798656
19-01-2026 09:55||NIFTY27JAN2626400CE,0.127066657224846
19-01-2026 10:00||NIFTY27JAN2624400PE,0.1577579815097346
19-01-2026 10:00||NIFTY27JAN2625000PE,0.119570959975893
19-01-2026 10:00||NIFTY27JAN2625700CE,0.105930155642416
19-01-2026 10:00||NIFTY27JAN2625900CE,0.1086250386225573
19-01-2026 10:05||NIFTY27JAN2624500PE,0.1480331224021166
19-01-2026 10:05||NIFTY27JAN2624800PE,0.1270331753711826
19-01-2026 10:05||NIFTY27JAN2625200CE,0.1257265148945719
19-01-2026 10:05||NIFTY27JAN2625500CE,0.1148801274384914
19-01-2026 10:05||NIFTY27JAN2626100CE,0.1185685089142838
19-01-2026 10:05||NIFTY27JAN2626200CE,0.1225318036081867
19-01-2026 10:10||NIFTY27JAN2623800PE,0.2087958072325797
19-01-2026 10:10||NIFTY27JAN2624200PE,0.1744778615214736
19-01-2026 10:10||NIFTY27JAN2624400PE,0.1579932171661323
19-01-2026 10:10||NIFTY27JAN2625100PE,0.1161563673090281
19-01-2026 10:15||NIFTY27JAN2624200PE,0.1744379441663367
19-01-2026 10:15||NIFTY27JAN2624400PE,0.1576224589672883
19-01-2026 10:15||NIFTY27JAN2624700PE,0.1353862506919798
19-01-2026 10:15||NIFTY27JAN2624800PE,0.1295163145773997
19-01-2026 10:15||NIFTY27JAN2625100PE,0.115666008026635
19-01-2026 10:15||NIFTY27JAN2625500CE,0.1096273921501784
19-01-2026 10:15||NIFTY27JAN2625700CE,0.1078992217879195
19-01-2026 10:15||NIFTY27JAN2626200CE,0.1199487977312845
19-01-2026 10:15||NIFTY27JAN2626500CE,0.1361679961667623
19-01-2026 10:20||NIFTY27JAN2623900PE,0.2009590689911734
19-01-2026 10:20||NIFTY27JAN2624100PE,0.184912510323256
19-01-2026 10:20||NIFTY27JAN2625500CE,0.1074475097975388
19-01-2026 10:20||NIFTY27JAN2626300CE,0.1233599049668326
19-01-2026 10:25||NIFTY27JAN2625400CE,0.102205620080342
19-01-2026 10:25||NIFTY27JAN2626100CE,0.1144924808612147
19-01-2026 10:25||NIFTY27JAN2626400CE,0.1286305312624757
19-01-2026 10:25||NIFTY27JAN2626500CE,0.133721740999581
19-01-2026 10:30||NIFTY27JAN2623800PE,0.2087187795256981
19-01-2026 10:30||NIFTY27JAN2623900PE,0.1999861587687283
19-01-2026 10:30||NIFTY27JAN2624600PE,0.1436708551213946
19-01-2026 10:30||NIFTY27JAN2624700PE,0.1380844654569697
19-01-2026 10:30||NIFTY27JAN2624800PE,0.1325206471254532
19-01-2026 10:30||NIFTY27JAN2624900PE,0.1269792184654795
19-01-2026 10:30||NIFTY27JAN2626200CE,0.1205290267394741
19-01-2026 10:35||NIFTY27JAN2623800PE,0.2048178407522637
19-01-2026 10:35||NIFTY27JAN2624700PE,0.1369552504820353
19-01-2026 10:35||NIFTY27JAN2624800PE,0.1316619747580413
19-01-2026 10:35||NIFTY27JAN2625000PE,0.1221715799775465
19-01-2026 10:35||NIFTY27JAN2625200CE,0.1092632079291614
19-01-2026 10:35||NIFTY27JAN2626300CE,0.1254299620011904
19-01-2026 10:40||NIFTY27JAN2623800PE,0.2050686923976544
19-01-2026 10:40||NIFTY27JAN2623900PE,0.1970490694660596
19-01-2026 10:40||NIFTY27JAN2624000PE,0.1890629314876273
19-01-2026 10:40||NIFTY27JAN2624700PE,0.1347784007780293
19-01-2026 10:40||NIFTY27JAN2625400CE,0.1179789665198464
19-01-2026 10:40||NIFTY27JAN2625700CE,0.1123486575841612
19-01-2026 10:45||NIFTY27JAN2624000PE,0.1918224999493631
19-01-2026 10:45||NIFTY27JAN2624700PE,0.1378791902538702
19-01-2026 10:45||NIFTY27JAN2625600CE,0.1070735839807738
19-01-2026 10:45||NIFTY27JAN2626200CE,0.1193635019290396
19-01-2026 10:50||NIFTY27JAN2625100PE,0.1156073653156763
19-01-2026 10:50||NIFTY27JAN2625200CE,0.1225352871685965
19-01-2026 10:50||NIFTY27JAN2626200CE,0.1209685496390791
19-01-2026 10:55||NIFTY27JAN2624100PE,0.1834471478810532
19-01-2026 10:55||NIFTY27JAN2624200PE,0.1747205809679555
19-01-2026 10:55||NIFTY27JAN2624500PE,0.1492378468911477
19-01-2026 10:55||NIFTY27JAN2625400CE,0.1223643015450083
19-01-2026 10:55||NIFTY27JAN2625500CE,0.1183743426137212
19-01-2026 10:55||NIFTY27JAN2625900CE,0.1127174469883797
19-01-2026 10:55||NIFTY27JAN2626000CE,0.1146474278812188
19-01-2026 11:00||NIFTY27JAN2623900PE,0.2028470815376755
19-01-2026 11:00||NIFTY27JAN2624400PE,0.1599923360161244
19-01-2026 11:00||NIFTY27JAN2625400CE,0.1164894389620118
19-01-2026 11:00||NIFTY27JAN2625600CE,0.1125660776279555
19-01-2026 11:00||NIFTY27JAN2625700CE,0.1114664590577591
19-01-2026 11:00||NIFTY27JAN2625800CE,0.110371110861697
19-01-2026 11:00||NIFTY27JAN2626300CE,0.1233191445087261
19-01-2026 11:00||NIFTY27JAN2626500CE,0.1329027047655645
19-01-2026 11:05||NIFTY27JAN2623800PE,0.2129107893090826
19-01-2026 11:05||NIFTY27JAN2623900PE,0.2040168268291203
19-01-2026 11:05||NIFTY27JAN2624200PE,0.1785238842516568
19-01-2026 11:05||NIFTY27JAN2624500PE,0.1549790101596837
19-01-2026 11:05||NIFTY27JAN2625000PE,0.1253358499755998
19-01-2026 11:05||NIFTY27JAN2625600CE,0.1021041894510636
19-01-2026 11:05||NIFTY27JAN2626100CE,0.1105775095969173
19-01-2026 11:10||NIFTY27JAN2624300PE,0.1683727365767877
19-01-2026 11:10||NIFTY27JAN2625800CE,0.1056464244221712
19-01-2026 11:15||NIFTY27JAN2624400PE,0.1608135571863463
19-01-2026 11:15||NIFTY27JAN2624500PE,0.1538855661610279
19-01-2026 11:15||NIFTY27JAN2624600PE,0.1469857951366167
19-01-2026 11:15||NIFTY27JAN2624700PE,0.1401140151466422
19-01-2026 11:15||NIFTY27JAN2624900PE,0.1282699798927433
19-01-2026 11:15||NIFTY27JAN2625100PE,0.1183299003194176
19-01-2026 11:20||NIFTY27JAN2623800PE,0.2047076730368884
19-01-2026 11:20||NIFTY27JAN2624200PE,0.1740634524069048
19-01-2026 11:20||NIFTY27JAN2624300PE,0.1660202102592977
19-01-2026 11:20||NIFTY27JAN2624500PE,0.1500788468939242
19-01-2026 11:20||NIFTY27JAN2624900PE,0.1253147690488029
19-01-2026 11:20||NIFTY27JAN2625400CE,0.1166808798861692
19-01-2026 11:20||NIFTY27JAN2625500CE,0.114749379124454
19-01-2026 11:20||NIFTY27JAN2625600CE,0.1128254380719472
19-01-2026 11:20||NIFTY27JAN2625700CE,0.1109089977833227
19-01-2026 11:20||NIFTY27JAN2626200CE,0.1209189193694198
19-01-2026 11:20||NIFTY27JAN2626300CE,0.1258788713809912
19-01-2026 11:20||NIFTY27JAN2626500CE,0.1357424475588474
19-01-2026 11:25||NIFTY27JAN2624900PE,0.1256348292899288
19-01-2026 11:25||NIFTY27JAN2625300CE,0.1185850010265569
19-01-2026 11:25||NIFTY27JAN2625400CE,0.1156316983319247
19-01-2026 11:30||NIFTY27JAN2624100PE,0.1838524273354661
19-01-2026 11:30||NIFTY27JAN2624600PE,0.1435359552458721
19-01-2026 11:30||NIFTY27JAN2624900PE,0.1257690901702621
19-01-2026 11:30||NIFTY27JAN2625000PE,0.1205591459672296
19-01-2026 11:30||NIFTY27JAN2625500CE,0.11230075489108
19-01-2026 11:30||NIFTY27JAN2625700CE,0.109278326844027
19-01-2026 11:30||NIFTY27JAN2626500CE,0.1353003024104521
19-01-2026 11:35||NIFTY27JAN2623900PE,0.1992944351010283
19-01-2026 11:35||NIFTY27JAN2624600PE,0.1427006198790947
19-01-2026 11:35||NIFTY27JAN2625800CE,0.1106395348825563
19-01-2026 11:35||NIFTY27JAN2626000CE,0.1131452692437606
19-01-2026 11:35||NIFTY27JAN2626200CE,0.1186042728693011
19-01-2026 11:35||NIFTY27JAN2626300CE,0.1213181675310929
19-01-2026 11:35||NIFTY27JAN2626400CE,0.1240217627576332
19-01-2026 11:35||NIFTY27JAN2626500CE,0.1267151364277291
19-01-2026 11:40||NIFTY27JAN2623800PE,0.2079492244041079
19-01-2026 11:40||NIFTY27JAN2624100PE,0.1853644227065818
19-01-2026 11:40||NIFTY27JAN2624200PE,0.1767845207836201
19-01-2026 11:40||NIFTY27JAN2624400PE,0.1599093535899039
19-01-2026 11:40||NIFTY27JAN2624500PE,0.1516127794484528
19-01-2026 11:40||NIFTY27JAN2625100PE,0.115858523003388
19-01-2026 11:45||NIFTY27JAN2624300PE,0.1687680966601089
19-01-2026 11:45||NIFTY27JAN2625400CE,0.1140690649452975
19-01-2026 11:50||NIFTY27JAN2624600PE,0.1452005182527986
19-01-2026 11:50||NIFTY27JAN2625200CE,0.1136600396040637
19-01-2026 11:50||NIFTY27JAN2626300CE,0.1227343061060738
19-01-2026 11:55||NIFTY27JAN2623800PE,0.2066368763888566
19-01-2026 11:55||NIFTY27JAN2624300PE,0.1691078703220212
19-01-2026 11:55||NIFTY27JAN2624500PE,0.1538326591404668
19-01-2026 11:55||NIFTY27JAN2624600PE,0.1468936985667421
19-01-2026 11:55||NIFTY27JAN2624700PE,0.1399828880118637
19-01-2026 11:55||NIFTY27JAN2625900CE,0.1057099903598892
19-01-2026 11:55||NIFTY27JAN2626200CE,0.1167493702517585
19-01-2026 12:00||NIFTY27JAN2624200PE,0.1756176853286118
19-01-2026 12:00||NIFTY27JAN2624300PE,0.1677877926654738
19-01-2026 12:00||NIFTY27JAN2624400PE,0.1599900557095964
19-01-2026 12:00||NIFTY27JAN2624500PE,0.1522242114275047
19-01-2026 12:00||NIFTY27JAN2624700PE,0.1383726416666438
19-01-2026 12:00||NIFTY27JAN2625000PE,0.1219905599748265
19-01-2026 12:00||NIFTY27JAN2626100CE,0.1142480459966971
19-01-2026 12:00||NIFTY27JAN2626500CE,0.1344492816140648
19-01-2026 12:05||NIFTY27JAN2623900PE,0.2002441840542707
19-01-2026 12:05||NIFTY27JAN2624400PE,0.1608439292521454
19-01-2026 12:05||NIFTY27JAN2624500PE,0.1528506850612251
19-01-2026 12:05||NIFTY27JAN2625200CE,0.1126282313253993
19-01-2026 12:05||NIFTY27JAN2625400CE,0.1088392567860733
19-01-2026 12:05||NIFTY27JAN2625500CE,0.1069559428377213
19-01-2026 12:05||NIFTY27JAN2625700CE,0.1053304863825503
19-01-2026 12:05||NIFTY27JAN2626100CE,0.1154569624449817
19-01-2026 12:05||NIFTY27JAN2626200CE,0.1198869192559125
19-01-2026 12:05||NIFTY27JAN2626400CE,0.1286963327692962
19-01-2026 12:05||NIFTY27JAN2626500CE,0.1330760442030057
19-01-2026 12:10||NIFTY27JAN2623900PE,0.2005349371945435
19-01-2026 12:10||NIFTY27JAN2625600CE,0.1102609081927189
19-01-2026 12:10||NIFTY27JAN2626400CE,0.1306961458599871
19-01-2026 12:15||NIFTY27JAN2623900PE,0.2001545606244071
19-01-2026 12:15||NIFTY27JAN2624100PE,0.1847734024419985
19-01-2026 12:15||NIFTY27JAN2624300PE,0.1683075822553646
19-01-2026 12:20||NIFTY27JAN2623800PE,0.2088692244041081
19-01-2026 12:20||NIFTY27JAN2624400PE,0.1620422950324032
19-01-2026 12:20||NIFTY27JAN2625100PE,0.1180683234020585
19-01-2026 12:20||NIFTY27JAN2625300CE,0.1083736857412907
19-01-2026 12:20||NIFTY27JAN2626200CE,0.1158796565119956
19-01-2026 12:25||NIFTY27JAN2623800PE,0.2077796017637017
19-01-2026 12:25||NIFTY27JAN2625700CE,0.1054791828773155
19-01-2026 12:25||NIFTY27JAN2626500CE,0.1341289791558757
19-01-2026 12:30||NIFTY27JAN2623900PE,0.200884560624407
19-01-2026 12:30||NIFTY27JAN2624300PE,0.1688329423386854
19-01-2026 12:30||NIFTY27JAN2624500PE,0.1524484795459654
19-01-2026 12:30||NIFTY27JAN2625000PE,0.1207000999735998
19-01-2026 12:30||NIFTY27JAN2625400CE,0.1092695177023727
19-01-2026 12:30||NIFTY27JAN2626500CE,0.1346084876613191
19-01-2026 12:35||NIFTY27JAN2624100PE,0.1850164959754288
19-01-2026 12:35||NIFTY27JAN2624200PE,0.1769365883370224
19-01-2026 12:35||NIFTY27JAN2624400PE,0.1603926229021734
19-01-2026 12:35||NIFTY27JAN2624700PE,0.13845237850803
19-01-2026 12:35||NIFTY27JAN2625000PE,0.1215057699753864
19-01-2026 12:35||NIFTY27JAN2625300CE,0.1106099505797376
19-01-2026 12:40||NIFTY27JAN2623800PE,0.2073828302846722
19-01-2026 12:40||NIFTY27JAN2625700CE,0.1096896500303501
19-01-2026 12:40||NIFTY27JAN2625800CE,0.1095996509352524
19-01-2026 12:40||NIFTY27JAN2626400CE,0.131626221617744
19-01-2026 12:45||NIFTY27JAN2626000CE,0.1104018749537657
19-01-2026 12:45||NIFTY27JAN2626100CE,0.114358502749268
19-01-2026 12:45||NIFTY27JAN2626400CE,0.1294014773001734
19-01-2026 12:50||NIFTY27JAN2623800PE,0.2068208177001714
19-01-2026 12:50||NIFTY27JAN2624200PE,0.1751235123497719
19-01-2026 12:50||NIFTY27JAN2625900CE,0.1107734556070412
19-01-2026 12:50||NIFTY27JAN2626500CE,0.1351107560977354
19-01-2026 12:55||NIFTY27JAN2623900PE,0.2027447489094752
19-01-2026 12:55||NIFTY27JAN2624100PE,0.1873381638521023
19-01-2026 12:55||NIFTY27JAN2624300PE,0.1707077253920477
19-01-2026 12:55||NIFTY27JAN2624400PE,0.1622104910249219
19-01-2026 12:55||NIFTY27JAN2624500PE,0.1537480102696814
19-01-2026 12:55||NIFTY27JAN2624700PE,0.1386865991536742
19-01-2026 12:55||NIFTY27JAN2625100PE,0.1172282036412606
19-01-2026 12:55||NIFTY27JAN2625700CE,0.1056840369625504
19-01-2026 12:55||NIFTY27JAN2626000CE,0.1093660961688762
19-01-2026 13:00||NIFTY27JAN2623900PE,0.2043834957098643
19-01-2026 13:00||NIFTY27JAN2624000PE,0.1964502545825105
19-01-2026 13:00||NIFTY27JAN2624400PE,0.1633113114230921
19-01-2026 13:00||NIFTY27JAN2624700PE,0.1402163764810013
19-01-2026 13:00||NIFTY27JAN2625400CE,0.1094657480205116
19-01-2026 13:00||NIFTY27JAN2625600CE,0.105817089836349
19-01-2026 13:00||NIFTY27JAN2625900CE,0.106679411207871
19-01-2026 13:00||NIFTY27JAN2626200CE,0.1168342271216399
19-01-2026 13:00||NIFTY27JAN2626500CE,0.1322599243377161
19-01-2026 13:05||NIFTY27JAN2624600PE,0.1471450406092068
19-01-2026 13:05||NIFTY27JAN2625100PE,0.1181889222060473
19-01-2026 13:05||NIFTY27JAN2625700CE,0.1035649902723489
19-01-2026 13:10||NIFTY27JAN2623800PE,0.2145071465766975
19-01-2026 13:10||NIFTY27JAN2623900PE,0.2059056159696594
19-01-2026 13:10||NIFTY27JAN2624400PE,0.1642142592791819
19-01-2026 13:10||NIFTY27JAN2624500PE,0.1559325298628741
19-01-2026 13:10||NIFTY27JAN2624600PE,0.1476845346720848
19-01-2026 13:10||NIFTY27JAN2626200CE,0.1159896441033292
19-01-2026 13:10||NIFTY27JAN2626300CE,0.1211395942766339
19-01-2026 13:15||NIFTY27JAN2625800CE,0.1073706201565915
19-01-2026 13:20||NIFTY27JAN2624400PE,0.1628715983091412
19-01-2026 13:20||NIFTY27JAN2624800PE,0.1336237798078139
19-01-2026 13:20||NIFTY27JAN2624900PE,0.1280301601604199
19-01-2026 13:20||NIFTY27JAN2625000PE,0.1224589598903956
19-01-2026 13:20||NIFTY27JAN2625200CE,0.1105216953216357
19-01-2026 13:20||NIFTY27JAN2625400CE,0.1065661220372259
19-01-2026 13:25||NIFTY27JAN2623900PE,0.2045272489021806
19-01-2026 13:25||NIFTY27JAN2625000PE,0.1201346499723997
19-01-2026 13:25||NIFTY27JAN2625300CE,0.1123358305246685
19-01-2026 13:25||NIFTY27JAN2625400CE,0.1095925256514379
19-01-2026 13:25||NIFTY27JAN2625900CE,0.1068298938345529
19-01-2026 13:25||NIFTY27JAN2626200CE,0.117784417961798
19-01-2026 13:25||NIFTY27JAN2626500CE,0.1333698109158953
19-01-2026 13:30||NIFTY27JAN2624300PE,0.1703961624982709
19-01-2026 13:30||NIFTY27JAN2624900PE,0.1254036445477881
19-01-2026 13:30||NIFTY27JAN2625100PE,0.1141388850313238
19-01-2026 13:30||NIFTY27JAN2625800CE,0.1070807170560589
19-01-2026 13:30||NIFTY27JAN2626100CE,0.11412215518992
19-01-2026 13:30||NIFTY27JAN2626300CE,0.12290960078359
19-01-2026 13:30||NIFTY27JAN2626500CE,0.132971342841185
19-01-2026 13:35||NIFTY27JAN2624400PE,0.1640115163416988
19-01-2026 13:35||NIFTY27JAN2624900PE,0.1278287750702274
19-01-2026 13:35||NIFTY27JAN2626200CE,0.1161890076554583
19-01-2026 13:35||NIFTY27JAN2626400CE,0.1268061647994262
19-01-2026 13:40||NIFTY27JAN2624800PE,0.1345079435157156
19-01-2026 13:40||NIFTY27JAN2625300CE,0.1012850844960134
19-01-2026 13:40||NIFTY27JAN2625400CE,0.1017284132300835
19-01-2026 13:40||NIFTY27JAN2625600CE,0.1013033105425784
19-01-2026 13:40||NIFTY27JAN2625800CE,0.1023172434250179
19-01-2026 13:40||NIFTY27JAN2625900CE,0.104187224768348
19-01-2026 13:45||NIFTY27JAN2624300PE,0.1690915020054019
19-01-2026 13:45||NIFTY27JAN2624700PE,0.1357704959117939
19-01-2026 13:45||NIFTY27JAN2625100PE,0.1101333533555646
19-01-2026 13:45||NIFTY27JAN2625500CE,0.1218388038928714
19-01-2026 13:45||NIFTY27JAN2626500CE,0.1331418903159436
19-01-2026 13:50||NIFTY27JAN2623900PE,0.2055548325917278
19-01-2026 13:50||NIFTY27JAN2624200PE,0.1812737602843619
19-01-2026 13:50||NIFTY27JAN2625100PE,0.1170202794950887
19-01-2026 13:50||NIFTY27JAN2625400CE,0.1167112598199407
19-01-2026 13:50||NIFTY27JAN2625700CE,0.107291643960403
19-01-2026 13:50||NIFTY27JAN2626200CE,0.1144432538368341
19-01-2026 13:55||NIFTY27JAN2624500PE,0.159166104471785
19-01-2026 13:55||NIFTY27JAN2624600PE,0.1508561963922422
19-01-2026 13:55||NIFTY27JAN2625600CE,0.1040382963015246
19-01-2026 13:55||NIFTY27JAN2625700CE,0.1040764432993506
19-01-2026 13:55||NIFTY27JAN2625800CE,0.1041144421531226
19-01-2026 13:55||NIFTY27JAN2625900CE,0.1041522940090271
19-01-2026 13:55||NIFTY27JAN2626200CE,0.111008263378842
19-01-2026 14:00||NIFTY27JAN2624100PE,0.1934935476706313
19-01-2026 14:00||NIFTY27JAN2624600PE,0.14979258125284
19-01-2026 14:00||NIFTY27JAN2625300CE,0.1217020059210577
19-01-2026 14:00||NIFTY27JAN2625800CE,0.1085354917082413
19-01-2026 14:00||NIFTY27JAN2625900CE,0.1082321614012127
19-01-2026 14:00||NIFTY27JAN2626100CE,0.1103796839195058
19-01-2026 14:05||NIFTY27JAN2623800PE,0.2174983438983886
19-01-2026 14:05||NIFTY27JAN2624200PE,0.187323264415182
19-01-2026 14:05||NIFTY27JAN2624500PE,0.1611074795431888
19-01-2026 14:05||NIFTY27JAN2625000PE,0.1247434099690931
19-01-2026 14:05||NIFTY27JAN2625400CE,0.1076616928919256
19-01-2026 14:05||NIFTY27JAN2626500CE,0.12262143662866
19-01-2026 14:10||NIFTY27JAN2624400PE,0.1698597517505426
19-01-2026 14:10||NIFTY27JAN2624500PE,0.1608465189347593
19-01-2026 14:10||NIFTY27JAN2625100PE,0.1206801996545567
19-01-2026 14:10||NIFTY27JAN2625200CE,0.1002511881219116
19-01-2026 14:10||NIFTY27JAN2626100CE,0.1039166475258426
19-01-2026 14:15||NIFTY27JAN2623800PE,0.2146675891792007
19-01-2026 14:15||NIFTY27JAN2624100PE,0.1930183918423616
19-01-2026 14:15||NIFTY27JAN2624200PE,0.184591821499997
19-01-2026 14:15||NIFTY27JAN2624500PE,0.1577416530102814
19-01-2026 14:15||NIFTY27JAN2624700PE,0.1413400604975556
19-01-2026 14:15||NIFTY27JAN2624800PE,0.1339401410345413
19-01-2026 14:15||NIFTY27JAN2625100PE,0.1148135130366283
19-01-2026 14:15||NIFTY27JAN2626400CE,0.122740037902792
19-01-2026 14:20||NIFTY27JAN2624200PE,0.1853042768147575
19-01-2026 14:20||NIFTY27JAN2624500PE,0.1600124489308588
19-01-2026 14:20||NIFTY27JAN2625800CE,0.1021287596868169
19-01-2026 14:20||NIFTY27JAN2626000CE,0.1034237115476122
19-01-2026 14:25||NIFTY27JAN2624000PE,0.2018322707820332
19-01-2026 14:25||NIFTY27JAN2625100PE,0.1201400399734932
19-01-2026 14:25||NIFTY27JAN2625700CE,0.0987639007754363
19-01-2026 14:25||NIFTY27JAN2625900CE,0.0998095198642671
19-01-2026 14:25||NIFTY27JAN2626000CE,0.1014128373244667
19-01-2026 14:25||NIFTY27JAN2626500CE,0.1233190169631496
19-01-2026 14:30||NIFTY27JAN2624100PE,0.1935878111539948
19-01-2026 14:30||NIFTY27JAN2624300PE,0.1764818518006279
19-01-2026 14:30||NIFTY27JAN2624700PE,0.1433973610185533
19-01-2026 14:30||NIFTY27JAN2624800PE,0.1361541065171433
19-01-2026 14:30||NIFTY27JAN2625000PE,0.1234390199707197
19-01-2026 14:35||NIFTY27JAN2623800PE,0.2151886374002951
19-01-2026 14:35||NIFTY27JAN2624300PE,0.1756272118839487
19-01-2026 14:35||NIFTY27JAN2625000PE,0.1226583399689064
19-01-2026 14:35||NIFTY27JAN2625800CE,0.1043980426307579
19-01-2026 14:35||NIFTY27JAN2626100CE,0.1077000862193406
19-01-2026 14:35||NIFTY27JAN2626300CE,0.1157571354324511
19-01-2026 14:35||NIFTY27JAN2626400CE,0.1211437503774771
19-01-2026 14:40||NIFTY27JAN2624000PE,0.2012930207842035
19-01-2026 14:40||NIFTY27JAN2624300PE,0.1774869649696717
19-01-2026 14:40||NIFTY27JAN2624700PE,0.1446454453043683
19-01-2026 14:40||NIFTY27JAN2625200CE,0.112062673300391
19-01-2026 14:45||NIFTY27JAN2623900PE,0.2111436610401924
19-01-2026 14:45||NIFTY27JAN2624100PE,0.1949526140579936
19-01-2026 14:45||NIFTY27JAN2624400PE,0.1691923155242639
19-01-2026 14:45||NIFTY27JAN2624600PE,0.1523332723116537
19-01-2026 14:45||NIFTY27JAN2624800PE,0.1373964717375338
19-01-2026 14:45||NIFTY27JAN2625800CE,0.1003843507735682
19-01-2026 14:45||NIFTY27JAN2626000CE,0.1019436346243457
19-01-2026 14:50||NIFTY27JAN2624000PE,0.2030228541170543
19-01-2026 14:50||NIFTY27JAN2624200PE,0.1868836569782828
19-01-2026 14:50||NIFTY27JAN2624500PE,0.1613975611760686
19-01-2026 14:50||NIFTY27JAN2625100PE,0.1195129142326396
19-01-2026 14:50||NIFTY27JAN2625700CE,0.1021224221724834
19-01-2026 14:55||NIFTY27JAN2623800PE,0.2198780503964824
19-01-2026 14:55||NIFTY27JAN2624400PE,0.1710072438027516
19-01-2026 14:55||NIFTY27JAN2625300CE,0.1053020210181642
19-01-2026 14:55||NIFTY27JAN2625400CE,0.1032820419742058
19-01-2026 14:55||NIFTY27JAN2626000CE,0.1006298014655693
19-01-2026 14:55||NIFTY27JAN2626100CE,0.1031797764138079
19-01-2026 15:00||NIFTY27JAN2624300PE,0.1814170678506207
19-01-2026 15:00||NIFTY27JAN2625000PE,0.1286587399699731
19-01-2026 15:00||NIFTY27JAN2625600CE,0.0912057128924379
19-01-2026 15:00||NIFTY27JAN2626000CE,0.0957399903969192
19-01-2026 15:00||NIFTY27JAN2626300CE,0.1084208175165598
19-01-2026 15:05||NIFTY27JAN2623900PE,0.2101034727551241
19-01-2026 15:05||NIFTY27JAN2625700CE,0.0952492996091275
19-01-2026 15:05||NIFTY27JAN2626000CE,0.0980348269349776
19-01-2026 15:05||NIFTY27JAN2626400CE,0.1171574526812936
19-01-2026 15:10||NIFTY27JAN2624100PE,0.1935012447594584
19-01-2026 15:10||NIFTY27JAN2624300PE,0.1765988168267504
19-01-2026 15:10||NIFTY27JAN2624800PE,0.1383322277879697
19-01-2026 15:10||NIFTY27JAN2625800CE,0.0966401744190413
19-01-2026 15:10||NIFTY27JAN2626100CE,0.1030116762615451
19-01-2026 15:15||NIFTY27JAN2624200PE,0.1851780887948475
19-01-2026 15:15||NIFTY27JAN2624400PE,0.1694264691529996
19-01-2026 15:15||NIFTY27JAN2624500PE,0.1618739548787323
19-01-2026 15:15||NIFTY27JAN2624600PE,0.1543522044953089
19-01-2026 15:15||NIFTY27JAN2624700PE,0.1468609683960931
19-01-2026 15:15||NIFTY27JAN2625300CE,0.0826900549619329
19-01-2026 15:15||NIFTY27JAN2625400CE,0.0869233443774894
19-01-2026 15:15||NIFTY27JAN2626200CE,0.1057151622384141
19-01-2026 15:20||NIFTY27JAN2624500PE,0.1572383979130857
19-01-2026 15:20||NIFTY27JAN2625200CE,0.0977896831674902
19-01-2026 15:20||NIFTY27JAN2625800CE,0.0964460755840884
19-01-2026 15:20||NIFTY27JAN2626400CE,0.1209662428271145
19-01-2026 15:20||NIFTY27JAN2626500CE,0.1271789081203467
19-01-2026 15:25||NIFTY27JAN2624300PE,0.1736802008334432
19-01-2026 15:25||NIFTY27JAN2624400PE,0.1656236247549909
19-01-2026 15:25||NIFTY27JAN2624700PE,0.1433015283032782
19-01-2026 15:25||NIFTY27JAN2625800CE,0.0946856298465382
19-01-2026 15:25||NIFTY27JAN2626300CE,0.1140118631464557
20-01-2026 09:15||NIFTY27JAN2623900PE,0.2083914443132527
20-01-2026 09:15||NIFTY27JAN2624000PE,0.1998287908424693
20-01-2026 09:15||NIFTY27JAN2624100PE,0.1913017410232271
20-01-2026 09:15||NIFTY27JAN2624400PE,0.1668881044608986
20-01-2026 09:15||NIFTY27JAN2624600PE,0.1515555893912058
20-01-2026 09:15||NIFTY27JAN2625200CE,0.1091151089242201
20-01-2026 09:15||NIFTY27JAN2625500CE,0.1048066274423361
20-01-2026 09:15||NIFTY27JAN2626200CE,0.1154044793949599
20-01-2026 09:15||NIFTY27JAN2626300CE,0.1214458559552856
20-01-2026 09:15||NIFTY27JAN2626400CE,0.1274643050351948
20-01-2026 09:20||NIFTY27JAN2623800PE,0.2148025422567352
20-01-2026 09:20||NIFTY27JAN2624000PE,0.1980125832829375
20-01-2026 09:20||NIFTY27JAN2624700PE,0.1460178137318911
20-01-2026 09:20||NIFTY27JAN2625200CE,0.0847231507664953
20-01-2026 09:20||NIFTY27JAN2625400CE,0.0890083803782286
20-01-2026 09:20||NIFTY27JAN2625500CE,0.0911383584543293
20-01-2026 09:20||NIFTY27JAN2625800CE,0.0965789244284309
20-01-2026 09:20||NIFTY27JAN2626300CE,0.1192025665702041
20-01-2026 09:20||NIFTY27JAN2626500CE,0.1323724903327195
20-01-2026 09:25||NIFTY27JAN2623900PE,0.2033613388576845
20-01-2026 09:25||NIFTY27JAN2625000PE,0.1253201999738664
20-01-2026 09:25||NIFTY27JAN2625400CE,0.1050467125899326
20-01-2026 09:30||NIFTY27JAN2623900PE,0.202589999941644
20-01-2026 09:30||NIFTY27JAN2624400PE,0.1604478790504315
20-01-2026 09:30||NIFTY27JAN2624800PE,0.1320837802115314
20-01-2026 09:30||NIFTY27JAN2625700CE,0.107858404665235
20-01-2026 09:30||NIFTY27JAN2626100CE,0.1177686973392869
20-01-2026 09:30||NIFTY27JAN2626300CE,0.1290127376732778
20-01-2026 09:35||NIFTY27JAN2624500PE,0.1535996428145014
20-01-2026 09:35||NIFTY27JAN2625200CE,0.1061802376243823
20-01-2026 09:35||NIFTY27JAN2625700CE,0.1059341607502823
20-01-2026 09:35||NIFTY27JAN2625800CE,0.1070041499919992
20-01-2026 09:35||NIFTY27JAN2626200CE,0.1231218893418443
20-01-2026 09:40||NIFTY27JAN2623800PE,0.2140082810343626
20-01-2026 09:40||NIFTY27JAN2624100PE,0.1867664833493546
20-01-2026 09:40||NIFTY27JAN2625000PE,0.121780719975253
20-01-2026 09:40||NIFTY27JAN2625900CE,0.1141009170031181
20-01-2026 09:40||NIFTY27JAN2626100CE,0.1223932951572246
20-01-2026 09:40||NIFTY27JAN2626200CE,0.1276065776645955
20-01-2026 09:40||NIFTY27JAN2626400CE,0.1401689299575538
20-01-2026 09:45||NIFTY27JAN2624800PE,0.1333839415022911
20-01-2026 09:45||NIFTY27JAN2625500CE,0.1127214803831356
20-01-2026 09:45||NIFTY27JAN2626200CE,0.127170722746601
20-01-2026 09:45||NIFTY27JAN2626300CE,0.1334773283957227
20-01-2026 09:50||NIFTY27JAN2624100PE,0.1888163796146174
20-01-2026 09:50||NIFTY27JAN2624800PE,0.1361751108602985
20-01-2026 09:50||NIFTY27JAN2625100PE,0.1235554491429119
20-01-2026 09:50||NIFTY27JAN2625200CE,0.1028069108830297
20-01-2026 09:55||NIFTY27JAN2623900PE,0.2041904811145958
20-01-2026 09:55||NIFTY27JAN2624100PE,0.1860166493249348
20-01-2026 09:55||NIFTY27JAN2625000PE,0.1227073699796531
20-01-2026 10:00||NIFTY27JAN2623900PE,0.2059003137500908
20-01-2026 10:00||NIFTY27JAN2624600PE,0.1459824575080636
20-01-2026 10:00||NIFTY27JAN2624700PE,0.1392025318972739
20-01-2026 10:00||NIFTY27JAN2625200CE,0.120780405766317
20-01-2026 10:00||NIFTY27JAN2625400CE,0.115569891719087
20-01-2026 10:00||NIFTY27JAN2625700CE,0.1111240564178524
20-01-2026 10:00||NIFTY27JAN2626000CE,0.1165376538650244
20-01-2026 10:00||NIFTY27JAN2626200CE,0.1264863836154256
20-01-2026 10:05||NIFTY27JAN2626100CE,0.1216221464589188
20-01-2026 10:05||NIFTY27JAN2626200CE,0.1265354318910571
20-01-2026 10:05||NIFTY27JAN2626500CE,0.1447048581630535
20-01-2026 10:10||NIFTY27JAN2624900PE,0.1306657931479413
20-01-2026 10:10||NIFTY27JAN2625100PE,0.1215324735399858
20-01-2026 10:10||NIFTY27JAN2626500CE,0.1424448581630531
20-01-2026 10:15||NIFTY27JAN2624000PE,0.1946822707820331
20-01-2026 10:15||NIFTY27JAN2625800CE,0.1123411821735026
20-01-2026 10:15||NIFTY27JAN2626300CE,0.1315371768354245
20-01-2026 10:20||NIFTY27JAN2624100PE,0.1879820331434636
20-01-2026 10:20||NIFTY27JAN2625700CE,0.105725009727651
20-01-2026 10:20||NIFTY27JAN2626000CE,0.1120525096338996
20-01-2026 10:25||NIFTY27JAN2623800PE,0.2142454298729857
20-01-2026 10:25||NIFTY27JAN2624700PE,0.1396874291154557
20-01-2026 10:25||NIFTY27JAN2625000PE,0.1238469699785865
20-01-2026 10:25||NIFTY27JAN2625800CE,0.1056828100845554
20-01-2026 10:25||NIFTY27JAN2626200CE,0.1207260973551886
20-01-2026 10:25||NIFTY27JAN2626400CE,0.1335683049560594
20-01-2026 10:30||NIFTY27JAN2623900PE,0.2058189381876481
20-01-2026 10:30||NIFTY27JAN2624000PE,0.1967957097289309
20-01-2026 10:30||NIFTY27JAN2624300PE,0.1707417900720588
20-01-2026 10:30||NIFTY27JAN2624600PE,0.1460696849171702
20-01-2026 10:30||NIFTY27JAN2625500CE,0.1079324999935921
20-01-2026 10:30||NIFTY27JAN2625700CE,0.1074463793654714
20-01-2026 10:30||NIFTY27JAN2625800CE,0.1082297048228031
20-01-2026 10:35||NIFTY27JAN2624300PE,0.1692317489196793
20-01-2026 10:35||NIFTY27JAN2624700PE,0.1367713258735756
20-01-2026 10:35||NIFTY27JAN2625200CE,0.1303116855181484
20-01-2026 10:35||NIFTY27JAN2625400CE,0.1212861515519445
20-01-2026 10:35||NIFTY27JAN2625900CE,0.1129936679627812
20-01-2026 10:40||NIFTY27JAN2624000PE,0.1977468645308577
20-01-2026 10:40||NIFTY27JAN2624300PE,0.1716165122934969
20-01-2026 10:40||NIFTY27JAN2625800CE,0.1050680135734371
20-01-2026 10:40||NIFTY27JAN2626000CE,0.1102770192480752
20-01-2026 10:45||NIFTY27JAN2624900PE,0.1268449698525555
20-01-2026 10:45||NIFTY27JAN2625900CE,0.1093553281985664
20-01-2026 10:45||NIFTY27JAN2626200CE,0.1211208969730225
20-01-2026 10:45||NIFTY27JAN2626400CE,0.1333222916960603
20-01-2026 10:50||NIFTY27JAN2623800PE,0.2151747590114854
20-01-2026 10:50||NIFTY27JAN2624100PE,0.1894260891573522
20-01-2026 10:50||NIFTY27JAN2625300CE,0.1048806324127138
20-01-2026 10:50||NIFTY27JAN2626200CE,0.1208215649135755
20-01-2026 10:55||NIFTY27JAN2624200PE,0.179231260277247
20-01-2026 10:55||NIFTY27JAN2624500PE,0.153981444939376
20-01-2026 10:55||NIFTY27JAN2624600PE,0.1470113973103345
20-01-2026 10:55||NIFTY27JAN2624700PE,0.1400696258143007
20-01-2026 10:55||NIFTY27JAN2624800PE,0.1331559019563342
20-01-2026 10:55||NIFTY27JAN2625300CE,0.1090595940085126
20-01-2026 10:55||NIFTY27JAN2625400CE,0.1081129371628291
20-01-2026 10:55||NIFTY27JAN2625900CE,0.1099409942233871
20-01-2026 10:55||NIFTY27JAN2626400CE,0.1348380019250313
20-01-2026 11:00||NIFTY27JAN2623800PE,0.2144766903296358
20-01-2026 11:00||NIFTY27JAN2624000PE,0.1963612082789588
20-01-2026 11:00||NIFTY27JAN2624400PE,0.1608823155242639
20-01-2026 11:00||NIFTY27JAN2625300CE,0.1077932509835881
20-01-2026 11:05||NIFTY27JAN2623800PE,0.2145087003228003
20-01-2026 11:05||NIFTY27JAN2624400PE,0.1604077153539814
20-01-2026 11:05||NIFTY27JAN2624500PE,0.151711145673368
20-01-2026 11:05||NIFTY27JAN2625400CE,0.1077248852151656
20-01-2026 11:05||NIFTY27JAN2625500CE,0.1064248985959492
20-01-2026 11:05||NIFTY27JAN2625800CE,0.1068186724898156
20-01-2026 11:05||NIFTY27JAN2626300CE,0.1294176140988356
20-01-2026 11:10||NIFTY27JAN2624500PE,0.1504785203624054
20-01-2026 11:10||NIFTY27JAN2624900PE,0.1255855722638135
20-01-2026 11:10||NIFTY27JAN2625200CE,0.112767247543661
20-01-2026 11:10||NIFTY27JAN2625600CE,0.1063885546838243
20-01-2026 11:15||NIFTY27JAN2623800PE,0.2109161426633298
20-01-2026 11:15||NIFTY27JAN2624300PE,0.1664362036506506
20-01-2026 11:15||NIFTY27JAN2624700PE,0.1349876922740693
20-01-2026 11:15||NIFTY27JAN2625000PE,0.1193065099773598
20-01-2026 11:15||NIFTY27JAN2625300CE,0.1153757015568162
20-01-2026 11:15||NIFTY27JAN2625600CE,0.1077880468700329
20-01-2026 11:20||NIFTY27JAN2624500PE,0.1492534285254157
20-01-2026 11:20||NIFTY27JAN2625700CE,0.107840136187114
20-01-2026 11:20||NIFTY27JAN2626200CE,0.1241916985016863
20-01-2026 11:25||NIFTY27JAN2624000PE,0.1928408541112675
20-01-2026 11:25||NIFTY27JAN2624300PE,0.1654212756673146
20-01-2026 11:25||NIFTY27JAN2624900PE,0.1218647288880524
20-01-2026 11:25||NIFTY27JAN2625200CE,0.1241318855541985
20-01-2026 11:25||NIFTY27JAN2625300CE,0.1205739250853539
20-01-2026 11:25||NIFTY27JAN2625700CE,0.1101787743159732
20-01-2026 11:25||NIFTY27JAN2626100CE,0.1196888314392318
20-01-2026 11:30||NIFTY27JAN2623900PE,0.2040115271427527
20-01-2026 11:30||NIFTY27JAN2624200PE,0.17671639457515
20-01-2026 11:30||NIFTY27JAN2624900PE,0.1245203212591228
20-01-2026 11:30||NIFTY27JAN2625200CE,0.1142295049752933
20-01-2026 11:30||NIFTY27JAN2625700CE,0.1072131886123658
20-01-2026 11:30||NIFTY27JAN2625800CE,0.1080331803677003
20-01-2026 11:30||NIFTY27JAN2626000CE,0.1130330288659488
20-01-2026 11:35||NIFTY27JAN2623800PE,0.2127757653037359
20-01-2026 11:35||NIFTY27JAN2625900CE,0.1088313996298
20-01-2026 11:35||NIFTY27JAN2626300CE,0.1285726236045619
20-01-2026 11:35||NIFTY27JAN2626500CE,0.1418023200921719
20-01-2026 11:40||NIFTY27JAN2623800PE,0.2118082261114907
20-01-2026 11:40||NIFTY27JAN2624000PE,0.1938094283869226
20-01-2026 11:40||NIFTY27JAN2624100PE,0.1848661981357773
20-01-2026 11:40||NIFTY27JAN2624700PE,0.134600961850604
20-01-2026 11:40||NIFTY27JAN2624800PE,0.1282476976629891
20-01-2026 11:40||NIFTY27JAN2625100PE,0.1125188024452495
20-01-2026 11:40||NIFTY27JAN2625300CE,0.116476136340557
20-01-2026 11:45||NIFTY27JAN2623900PE,0.2037117572689471
20-01-2026 11:45||NIFTY27JAN2624500PE,0.149667744850048
20-01-2026 11:45||NIFTY27JAN2625600CE,0.1074868749920526
20-01-2026 11:45||NIFTY27JAN2625800CE,0.1086383663001634
20-01-2026 11:45||NIFTY27JAN2625900CE,0.1113761005958068
20-01-2026 11:45||NIFTY27JAN2626000CE,0.1141032848294669
20-01-2026 11:50||NIFTY27JAN2624200PE,0.1770462086242076
20-01-2026 11:50||NIFTY27JAN2624600PE,0.1426793701490855
20-01-2026 11:50||NIFTY27JAN2624700PE,0.1351394528769092
20-01-2026 11:50||NIFTY27JAN2624900PE,0.1223393975618605
20-01-2026 11:50||NIFTY27JAN2625400CE,0.1112129921078804
20-01-2026 11:50||NIFTY27JAN2625700CE,0.1054892801538255
20-01-2026 11:50||NIFTY27JAN2626300CE,0.1284229087763515
20-01-2026 11:55||NIFTY27JAN2623800PE,0.2178012607464216
20-01-2026 11:55||NIFTY27JAN2623900PE,0.2080300862738772
20-01-2026 11:55||NIFTY27JAN2624000PE,0.198299710143393
20-01-2026 11:55||NIFTY27JAN2624100PE,0.1886097930741442
20-01-2026 11:55||NIFTY27JAN2625800CE,0.1033150441826938
20-01-2026 11:55||NIFTY27JAN2625900CE,0.106338347352748
20-01-2026 12:00||NIFTY27JAN2623800PE,0.2132442977942039
20-01-2026 12:00||NIFTY27JAN2624400PE,0.1601424999510096
20-01-2026 12:00||NIFTY27JAN2624600PE,0.1444208732054302
20-01-2026 12:00||NIFTY27JAN2624700PE,0.1372509518736658
20-01-2026 12:00||NIFTY27JAN2625800CE,0.1032025113704855
20-01-2026 12:00||NIFTY27JAN2625900CE,0.1064324791453284
20-01-2026 12:05||NIFTY27JAN2624700PE,0.1362620343775354
20-01-2026 12:05||NIFTY27JAN2624900PE,0.1254761947554467
20-01-2026 12:05||NIFTY27JAN2625800CE,0.1027407461384185
20-01-2026 12:10||NIFTY27JAN2624200PE,0.175211260277247
20-01-2026 12:10||NIFTY27JAN2624500PE,0.1502458958722485
20-01-2026 12:10||NIFTY27JAN2624600PE,0.1435790590466439
20-01-2026 12:10||NIFTY27JAN2624700PE,0.1369392682865547
20-01-2026 12:10||NIFTY27JAN2624800PE,0.1303263050370208
20-01-2026 12:10||NIFTY27JAN2624900PE,0.1237399533815864
20-01-2026 12:15||NIFTY27JAN2624300PE,0.1669708847197091
20-01-2026 12:15||NIFTY27JAN2624500PE,0.1495734489336354
20-01-2026 12:15||NIFTY27JAN2625000PE,0.117871843745976
20-01-2026 12:15||NIFTY27JAN2625100PE,0.1124653568360652
20-01-2026 12:15||NIFTY27JAN2625400CE,0.1045027460571693
20-01-2026 12:15||NIFTY27JAN2626400CE,0.1393192329885817
20-01-2026 12:20||NIFTY27JAN2623900PE,0.2038728491809696
20-01-2026 12:20||NIFTY27JAN2624000PE,0.1943356865820015
20-01-2026 12:20||NIFTY27JAN2624100PE,0.1848381796592821
20-01-2026 12:20||NIFTY27JAN2625200CE,0.1062330521556992
20-01-2026 12:20||NIFTY27JAN2625300CE,0.105124339261725
20-01-2026 12:20||NIFTY27JAN2625700CE,0.1052375535962701
20-01-2026 12:20||NIFTY27JAN2625800CE,0.1078250195803531
20-01-2026 12:20||NIFTY27JAN2625900CE,0.1104024759998317
20-01-2026 12:25||NIFTY27JAN2623800PE,0.2094835850038598
20-01-2026 12:25||NIFTY27JAN2625000PE,0.1139535671974937
20-01-2026 12:25||NIFTY27JAN2625100PE,0.1081205134304707
20-01-2026 12:25||NIFTY27JAN2625700CE,0.1081103501954362
20-01-2026 12:25||NIFTY27JAN2626000CE,0.1156043942539305
20-01-2026 12:30||NIFTY27JAN2623800PE,0.2134314662833139
20-01-2026 12:30||NIFTY27JAN2623900PE,0.2036803758999539
20-01-2026 12:30||NIFTY27JAN2624900PE,0.1215259155630441
20-01-2026 12:30||NIFTY27JAN2625000PE,0.1151375389483103
20-01-2026 12:30||NIFTY27JAN2625100PE,0.1087746649029039
20-01-2026 12:30||NIFTY27JAN2625300CE,0.1074961067092301
20-01-2026 12:30||NIFTY27JAN2626000CE,0.1139300384862881
20-01-2026 12:35||NIFTY27JAN2623800PE,0.2095336269327038
20-01-2026 12:35||NIFTY27JAN2624200PE,0.1743005371346933
20-01-2026 12:35||NIFTY27JAN2625000PE,0.1171166899778398
20-01-2026 12:35||NIFTY27JAN2625200CE,0.1139090297265285
20-01-2026 12:35||NIFTY27JAN2625500CE,0.1078069999923106
20-01-2026 12:35||NIFTY27JAN2625700CE,0.1077055217433652
20-01-2026 12:35||NIFTY27JAN2625800CE,0.1091255074660177
20-01-2026 12:35||NIFTY27JAN2626200CE,0.1279812673754134
20-01-2026 12:35||NIFTY27JAN2626300CE,0.1353045298548642
20-01-2026 12:40||NIFTY27JAN2623800PE,0.2098343648948278
20-01-2026 12:40||NIFTY27JAN2624000PE,0.1924619791145227
20-01-2026 12:40||NIFTY27JAN2624300PE,0.1655562653792197
20-01-2026 12:40||NIFTY27JAN2624600PE,0.1416323762617747
20-01-2026 12:40||NIFTY27JAN2624700PE,0.1348324508704222
20-01-2026 12:40||NIFTY27JAN2625400CE,0.1053483661375114
20-01-2026 12:40||NIFTY27JAN2626100CE,0.1213868103737234
20-01-2026 12:45||NIFTY27JAN2623800PE,0.2083148847980171
20-01-2026 12:45||NIFTY27JAN2624300PE,0.1644939750890728
20-01-2026 12:45||NIFTY27JAN2624400PE,0.1557340735854845
20-01-2026 12:45||NIFTY27JAN2625100PE,0.1124270060332829
20-01-2026 12:50||NIFTY27JAN2624200PE,0.17464589870597
20-01-2026 12:50||NIFTY27JAN2625600CE,0.1063390820289154
20-01-2026 12:50||NIFTY27JAN2626000CE,0.1152138173294312
20-01-2026 12:50||NIFTY27JAN2626200CE,0.1265929580467294
20-01-2026 12:55||NIFTY27JAN2624900PE,0.1217144879235492
20-01-2026 12:55||NIFTY27JAN2625400CE,0.109524803136181
20-01-2026 13:00||NIFTY27JAN2623900PE,0.2031564330002185
20-01-2026 13:00||NIFTY27JAN2624200PE,0.175895671432596
20-01-2026 13:00||NIFTY27JAN2625100PE,0.112998083880463
20-01-2026 13:00||NIFTY27JAN2625800CE,0.1083255477363049
20-01-2026 13:00||NIFTY27JAN2625900CE,0.1114788496093713
20-01-2026 13:00||NIFTY27JAN2626400CE,0.1413198011717581
20-01-2026 13:05||NIFTY27JAN2624200PE,0.1756805577959091
20-01-2026 13:05||NIFTY27JAN2624900PE,0.1224895180441121
20-01-2026 13:05||NIFTY27JAN2625300CE,0.1092822975175348
20-01-2026 13:05||NIFTY27JAN2625400CE,0.1073323177473769
20-01-2026 13:05||NIFTY27JAN2625600CE,0.1050944238266597
20-01-2026 13:05||NIFTY27JAN2626500CE,0.1483322494611745
20-01-2026 13:10||NIFTY27JAN2624000PE,0.1936567603638896
20-01-2026 13:10||NIFTY27JAN2624400PE,0.1578680020015955
20-01-2026 13:10||NIFTY27JAN2624700PE,0.1347565181817932
20-01-2026 13:10||NIFTY27JAN2625000PE,0.1182218399782399
20-01-2026 13:10||NIFTY27JAN2626000CE,0.1144196538699554
20-01-2026 13:10||NIFTY27JAN2626400CE,0.1414501799605427
20-01-2026 13:15||NIFTY27JAN2623900PE,0.2024711505726161
20-01-2026 13:15||NIFTY27JAN2624600PE,0.1405653861386136
20-01-2026 13:15||NIFTY27JAN2624900PE,0.1216204145932589
20-01-2026 13:15||NIFTY27JAN2625000PE,0.1167404668560616
20-01-2026 13:15||NIFTY27JAN2625200CE,0.1168212871581606
20-01-2026 13:15||NIFTY27JAN2626000CE,0.1166191730995391
20-01-2026 13:15||NIFTY27JAN2626200CE,0.1282781393448794
20-01-2026 13:20||NIFTY27JAN2624200PE,0.176570661101988
20-01-2026 13:20||NIFTY27JAN2624600PE,0.1433354471143913
20-01-2026 13:20||NIFTY27JAN2625000PE,0.1197718599782932
20-01-2026 13:20||NIFTY27JAN2625700CE,0.1044476945593286
20-01-2026 13:20||NIFTY27JAN2626100CE,0.1196898193191849
20-01-2026 13:20||NIFTY27JAN2626200CE,0.1257364270355345
20-01-2026 13:25||NIFTY27JAN2623800PE,0.210795555659517
20-01-2026 13:25||NIFTY27JAN2624100PE,0.1846260061695622
20-01-2026 13:25||NIFTY27JAN2624700PE,0.1341718521908028
20-01-2026 13:25||NIFTY27JAN2625000PE,0.1180067699780531
20-01-2026 13:25||NIFTY27JAN2625800CE,0.1081994283056615
20-01-2026 13:30||NIFTY27JAN2624100PE,0.1847554045080846
20-01-2026 13:30||NIFTY27JAN2624700PE,0.1347872874146639
20-01-2026 13:30||NIFTY27JAN2624900PE,0.1238857128264403
20-01-2026 13:30||NIFTY27JAN2626000CE,0.1147246827161803
20-01-2026 13:35||NIFTY27JAN2625100PE,0.1171858483455714
20-01-2026 13:35||NIFTY27JAN2625800CE,0.1090213856749037
20-01-2026 13:40||NIFTY27JAN2623800PE,0.2090816982058906
20-01-2026 13:40||NIFTY27JAN2624600PE,0.1398257316680204
20-01-2026 13:40||NIFTY27JAN2625000PE,0.1164813599769598
20-01-2026 13:45||NIFTY27JAN2624000PE,0.1936211874455653
20-01-2026 13:45||NIFTY27JAN2624400PE,0.1575380429853167
20-01-2026 13:45||NIFTY27JAN2624600PE,0.1423659755711312
20-01-2026 13:50||NIFTY27JAN2624000PE,0.1930788550410773
20-01-2026 13:50||NIFTY27JAN2624100PE,0.1840055943701695
20-01-2026 13:50||NIFTY27JAN2624200PE,0.1749699042444105
20-01-2026 13:50||NIFTY27JAN2624300PE,0.1659714748023112
20-01-2026 13:50||NIFTY27JAN2624500PE,0.1485678060747078
20-01-2026 13:50||NIFTY27JAN2625200CE,0.1180706432347767
20-01-2026 13:50||NIFTY27JAN2625400CE,0.1127798129787261
20-01-2026 13:50||NIFTY27JAN2626000CE,0.1214156012381171
20-01-2026 13:50||NIFTY27JAN2626100CE,0.1272088776564682
20-01-2026 13:55||NIFTY27JAN2624400PE,0.1571675921643826
20-01-2026 13:55||NIFTY27JAN2625200CE,0.1188872758304365
20-01-2026 13:55||NIFTY27JAN2625400CE,0.1130442716387448
20-01-2026 13:55||NIFTY27JAN2625600CE,0.109804345701461
20-01-2026 14:00||NIFTY27JAN2624100PE,0.1861530842741126
20-01-2026 14:00||NIFTY27JAN2624200PE,0.1764465285632875
20-01-2026 14:00||NIFTY27JAN2624800PE,0.1290735960239266
20-01-2026 14:00||NIFTY27JAN2624900PE,0.1232805981633705
20-01-2026 14:00||NIFTY27JAN2625000PE,0.1175108187934028
20-01-2026 14:00||NIFTY27JAN2625100PE,0.1117640725361115
20-01-2026 14:00||NIFTY27JAN2625200CE,0.1151021980516263
20-01-2026 14:00||NIFTY27JAN2626100CE,0.1261864272310236
20-01-2026 14:05||NIFTY27JAN2623800PE,0.2122258491614236
20-01-2026 14:05||NIFTY27JAN2625100PE,0.1154473253954104
20-01-2026 14:05||NIFTY27JAN2625200CE,0.113919386163102
20-01-2026 14:05||NIFTY27JAN2626100CE,0.1277367145880481
20-01-2026 14:05||NIFTY27JAN2626400CE,0.1497058901895138
20-01-2026 14:10||NIFTY27JAN2624000PE,0.1941411874455653
20-01-2026 14:10||NIFTY27JAN2624200PE,0.1761665185424447
20-01-2026 14:10||NIFTY27JAN2624500PE,0.1503982550555463
20-01-2026 14:10||NIFTY27JAN2624900PE,0.1243133198302699
20-01-2026 14:10||NIFTY27JAN2625000PE,0.1193267065687624
20-01-2026 14:10||NIFTY27JAN2625500CE,0.1112225980330591
20-01-2026 14:10||NIFTY27JAN2625700CE,0.1118686284138251
20-01-2026 14:10||NIFTY27JAN2626100CE,0.1300442893171715
20-01-2026 14:10||NIFTY27JAN2626200CE,0.1369022524158785
20-01-2026 14:10||NIFTY27JAN2626300CE,0.143734089877564
20-01-2026 14:15||NIFTY27JAN2623800PE,0.2112087003228003
20-01-2026 14:15||NIFTY27JAN2624100PE,0.1842174169619922
20-01-2026 14:15||NIFTY27JAN2624500PE,0.1511805096667876
20-01-2026 14:15||NIFTY27JAN2624600PE,0.1439505896409038
20-01-2026 14:15||NIFTY27JAN2624900PE,0.1253854718619372
20-01-2026 14:15||NIFTY27JAN2625200CE,0.1115981926618564
20-01-2026 14:15||NIFTY27JAN2625400CE,0.1088272834575491
20-01-2026 14:15||NIFTY27JAN2626000CE,0.1207857019494626
20-01-2026 14:15||NIFTY27JAN2626300CE,0.1405744106811115
20-01-2026 14:15||NIFTY27JAN2626500CE,0.1556769858883527
20-01-2026 14:20||NIFTY27JAN2625400CE,0.1154949409318125
20-01-2026 14:20||NIFTY27JAN2625700CE,0.1132328599293957
20-01-2026 14:20||NIFTY27JAN2626500CE,0.1568113042793343
20-01-2026 14:25||NIFTY27JAN2624100PE,0.1861111617716685
20-01-2026 14:25||NIFTY27JAN2624600PE,0.1425954877649098
20-01-2026 14:25||NIFTY27JAN2625400CE,0.1140041141580232
20-01-2026 14:25||NIFTY27JAN2625900CE,0.1167981274333204
20-01-2026 14:30||NIFTY27JAN2624000PE,0.1954016041134374
20-01-2026 14:30||NIFTY27JAN2624600PE,0.1453560975226866
20-01-2026 14:30||NIFTY27JAN2625400CE,0.1076724830349688
20-01-2026 14:30||NIFTY27JAN2625500CE,0.1066091606464302
20-01-2026 14:30||NIFTY27JAN2625800CE,0.1103161046664481
20-01-2026 14:30||NIFTY27JAN2626000CE,0.1185147019469968
20-01-2026 14:30||NIFTY27JAN2626400CE,0.1435146109446324
20-01-2026 14:30||NIFTY27JAN2626500CE,0.1501540248123194
20-01-2026 14:35||NIFTY27JAN2624600PE,0.1471259755711314
20-01-2026 14:35||NIFTY27JAN2624800PE,0.1340826108535238
20-01-2026 14:35||NIFTY27JAN2625600CE,0.1058512109405795
20-01-2026 14:35||NIFTY27JAN2626000CE,0.1181000192554716
20-01-2026 14:35||NIFTY27JAN2626300CE,0.1367481654309625
20-01-2026 14:40||NIFTY27JAN2623800PE,0.215614172007673
20-01-2026 14:40||NIFTY27JAN2625200CE,0.1107978416046168
20-01-2026 14:40||NIFTY27JAN2625500CE,0.1065995490184519
20-01-2026 14:45||NIFTY27JAN2624600PE,0.1455257316680206
20-01-2026 14:45||NIFTY27JAN2625500CE,0.1095232647014345
20-01-2026 14:45||NIFTY27JAN2626000CE,0.1220425625893694
20-01-2026 14:45||NIFTY27JAN2626100CE,0.1279125049211971
20-01-2026 14:50||NIFTY27JAN2624000PE,0.1991248228582832
20-01-2026 14:50||NIFTY27JAN2624200PE,0.1801958987059701
20-01-2026 14:50||NIFTY27JAN2624900PE,0.1276702409376216
20-01-2026 14:50||NIFTY27JAN2625100PE,0.1179891213531803
20-01-2026 14:50||NIFTY27JAN2625500CE,0.103265421569708
20-01-2026 14:50||NIFTY27JAN2625900CE,0.1139396525336349
20-01-2026 14:55||NIFTY27JAN2623900PE,0.2088650514752795
20-01-2026 14:55||NIFTY27JAN2624000PE,0.1992802907440864
20-01-2026 14:55||NIFTY27JAN2624100PE,0.1897353836029451
20-01-2026 14:55||NIFTY27JAN2626000CE,0.1188313846434532
20-01-2026 15:00||NIFTY27JAN2624800PE,0.1294746068266746
20-01-2026 15:00||NIFTY27JAN2625600CE,0.1072696777462711
20-01-2026 15:00||NIFTY27JAN2626100CE,0.1325368412504114
20-01-2026 15:00||NIFTY27JAN2626200CE,0.13954677290834
20-01-2026 15:00||NIFTY27JAN2626400CE,0.1546052651880195
20-01-2026 15:05||NIFTY27JAN2623900PE,0.2064339434532054
20-01-2026 15:05||NIFTY27JAN2624300PE,0.1676410904816067
20-01-2026 15:05||NIFTY27JAN2625000PE,0.1258845999855999
20-01-2026 15:05||NIFTY27JAN2625200CE,0.0973252475123534
20-01-2026 15:05||NIFTY27JAN2626100CE,0.1309368029604677
20-01-2026 15:05||NIFTY27JAN2626200CE,0.1379367347158889
20-01-2026 15:10||NIFTY27JAN2624300PE,0.1660924896625105
20-01-2026 15:10||NIFTY27JAN2625100PE,0.1288383433355778
20-01-2026 15:10||NIFTY27JAN2625300CE,0.1013608514828849
20-01-2026 15:10||NIFTY27JAN2625400CE,0.103264165070509
20-01-2026 15:10||NIFTY27JAN2625900CE,0.1245966506080973
20-01-2026 15:10||NIFTY27JAN2626100CE,0.1374230076946605
20-01-2026 15:15||NIFTY27JAN2624000PE,0.2038917811828155
20-01-2026 15:15||NIFTY27JAN2624200PE,0.1822733573764238
20-01-2026 15:15||NIFTY27JAN2624500PE,0.1556847754679312
20-01-2026 15:15||NIFTY27JAN2624800PE,0.1379204838451802
20-01-2026 15:15||NIFTY27JAN2625000PE,0.1285183959002398
20-01-2026 15:15||NIFTY27JAN2625100PE,0.1238455208088062
20-01-2026 15:15||NIFTY27JAN2625700CE,0.1165435116946299
20-01-2026 15:15||NIFTY27JAN2625900CE,0.1270234985280999
20-01-2026 15:15||NIFTY27JAN2626000CE,0.1331134382365918
20-01-2026 15:15||NIFTY27JAN2626200CE,0.1464688836214956
20-01-2026 15:20||NIFTY27JAN2623800PE,0.2182277778882371
20-01-2026 15:20||NIFTY27JAN2624200PE,0.1787588635762114
20-01-2026 15:20||NIFTY27JAN2624500PE,0.1509584999541855
20-01-2026 15:20||NIFTY27JAN2625500CE,0.1185623333393139
20-01-2026 15:20||NIFTY27JAN2625700CE,0.1233069066322141
20-01-2026 15:20||NIFTY27JAN2626400CE,0.1645491004125071
20-01-2026 15:25||NIFTY27JAN2623800PE,0.2210913209047749
20-01-2026 15:25||NIFTY27JAN2625100PE,0.1099312775017368
20-01-2026 15:25||NIFTY27JAN2625200CE,0.1356752408203882
20-01-2026 15:25||NIFTY27JAN2625300CE,0.1326817160066576
20-01-2026 15:25||NIFTY27JAN2625900CE,0.1344394980930967
20-01-2026 15:25||NIFTY27JAN2626200CE,0.1507479294207055
21-01-2026 09:15||NIFTY27JAN2625200CE,0.1588498781800051
21-01-2026 09:15||NIFTY27JAN2625400CE,0.1470534350094938
21-01-2026 09:15||NIFTY27JAN2625900CE,0.1433925000186343
21-01-2026 09:15||NIFTY27JAN2626200CE,0.1592424427783026
21-01-2026 09:20||NIFTY27JAN2623900PE,0.2193180961703985
21-01-2026 09:20||NIFTY27JAN2624300PE,0.1787092457914053
21-01-2026 09:20||NIFTY27JAN2624400PE,0.1687993572182823
21-01-2026 09:25||NIFTY27JAN2624000PE,0.2185588749388739
21-01-2026 09:25||NIFTY27JAN2624300PE,0.1885294102887154
21-01-2026 09:25||NIFTY27JAN2624400PE,0.1786595212658372
21-01-2026 09:25||NIFTY27JAN2625100PE,0.1266721557475872
21-01-2026 09:25||NIFTY27JAN2625300CE,0.1103960671834356
21-01-2026 09:25||NIFTY27JAN2625600CE,0.1113992871202778
21-01-2026 09:25||NIFTY27JAN2625800CE,0.1188050872345594
21-01-2026 09:30||NIFTY27JAN2623800PE,0.2354994039636036
21-01-2026 09:30||NIFTY27JAN2623900PE,0.2250293406917993
21-01-2026 09:30||NIFTY27JAN2624000PE,0.214602993886624
21-01-2026 09:30||NIFTY27JAN2624400PE,0.1731540880562125
21-01-2026 09:30||NIFTY27JAN2625300CE,0.1303925790190414
21-01-2026 09:30||NIFTY27JAN2625700CE,0.1225692509834894
21-01-2026 09:35||NIFTY27JAN2623900PE,0.2283220815230865
21-01-2026 09:35||NIFTY27JAN2624200PE,0.1967287602701324
21-01-2026 09:35||NIFTY27JAN2625200CE,0.10823869478443
21-01-2026 09:35||NIFTY27JAN2625300CE,0.1083495660738275
21-01-2026 09:35||NIFTY27JAN2625600CE,0.1110748828249176
21-01-2026 09:35||NIFTY27JAN2626200CE,0.1470262023294155
21-01-2026 09:40||NIFTY27JAN2624400PE,0.1682586884649297
21-01-2026 09:40||NIFTY27JAN2625100PE,0.1076997006778465
21-01-2026 09:40||NIFTY27JAN2625200CE,0.12739394063043
21-01-2026 09:40||NIFTY27JAN2625900CE,0.1315913127694202
21-01-2026 09:40||NIFTY27JAN2626300CE,0.1601539731504327
21-01-2026 09:40||NIFTY27JAN2626400CE,0.1682172290613348
21-01-2026 09:45||NIFTY27JAN2623800PE,0.2302948638628339
21-01-2026 09:45||NIFTY27JAN2624100PE,0.198513599523652
21-01-2026 09:45||NIFTY27JAN2624400PE,0.1679493851881917
21-01-2026 09:45||NIFTY27JAN2625200CE,0.1257833069654107
21-01-2026 09:45||NIFTY27JAN2625600CE,0.1193684863369912
21-01-2026 09:45||NIFTY27JAN2626000CE,0.1371875288770435
21-01-2026 09:45||NIFTY27JAN2626300CE,0.1597303517480179
21-01-2026 09:50||NIFTY27JAN2624700PE,0.1385731780916969
21-01-2026 09:50||NIFTY27JAN2624900PE,0.1233310742597545
21-01-2026 09:50||NIFTY27JAN2625400CE,0.1166123720404551
21-01-2026 09:50||NIFTY27JAN2625600CE,0.1174742773546279
21-01-2026 09:50||NIFTY27JAN2625800CE,0.1250404070028019
21-01-2026 09:55||NIFTY27JAN2624100PE,0.1951640794431592
21-01-2026 09:55||NIFTY27JAN2624200PE,0.1856975209889206
21-01-2026 09:55||NIFTY27JAN2624400PE,0.1668657683887852
21-01-2026 09:55||NIFTY27JAN2624800PE,0.1337257459291153
21-01-2026 09:55||NIFTY27JAN2625400CE,0.1114648917320037
21-01-2026 09:55||NIFTY27JAN2626000CE,0.1365114697637223
21-01-2026 09:55||NIFTY27JAN2626100CE,0.1445918013711135
21-01-2026 09:55||NIFTY27JAN2626200CE,0.1526412329733835
21-01-2026 09:55||NIFTY27JAN2626500CE,0.1782067674065018
21-01-2026 10:00||NIFTY27JAN2624000PE,0.2016940728561133
21-01-2026 10:00||NIFTY27JAN2625000PE,0.1150773399662397
21-01-2026 10:00||NIFTY27JAN2625300CE,0.123271389019603
21-01-2026 10:00||NIFTY27JAN2625400CE,0.121091411635529
21-01-2026 10:00||NIFTY27JAN2626500CE,0.180687372322879
21-01-2026 10:05||NIFTY27JAN2625200CE,0.116534554467328
21-01-2026 10:05||NIFTY27JAN2625600CE,0.1185488461649942
21-01-2026 10:05||NIFTY27JAN2625700CE,0.1226317123823522
21-01-2026 10:05||NIFTY27JAN2625800CE,0.126698722768642
21-01-2026 10:10||NIFTY27JAN2624000PE,0.1976643228568366
21-01-2026 10:10||NIFTY27JAN2624400PE,0.159165952815531
21-01-2026 10:10||NIFTY27JAN2625800CE,0.1302354748324292
21-01-2026 10:10||NIFTY27JAN2626100CE,0.1498599904581321
21-01-2026 10:15||NIFTY27JAN2624000PE,0.1999440936895068
21-01-2026 10:15||NIFTY27JAN2624200PE,0.1800045350657257
21-01-2026 10:15||NIFTY27JAN2624500PE,0.1517879014253797
21-01-2026 10:15||NIFTY27JAN2624600PE,0.1431013308456411
21-01-2026 10:15||NIFTY27JAN2625500CE,0.1183917451025121
21-01-2026 10:15||NIFTY27JAN2626100CE,0.1487299713009973
21-01-2026 10:20||NIFTY27JAN2625700CE,0.1198258657861736
21-01-2026 10:25||NIFTY27JAN2624300PE,0.1700204937721036
21-01-2026 10:25||NIFTY27JAN2625000PE,0.1181549899733064
21-01-2026 10:25||NIFTY27JAN2625700CE,0.1275641926302005
21-01-2026 10:25||NIFTY27JAN2626200CE,0.1621758779011469
21-01-2026 10:30||NIFTY27JAN2624200PE,0.1774053201919269
21-01-2026 10:30||NIFTY27JAN2624700PE,0.134481719307826
21-01-2026 10:30||NIFTY27JAN2624800PE,0.1274917953826274
21-01-2026 10:30||NIFTY27JAN2625200CE,0.1212537227819898
21-01-2026 10:30||NIFTY27JAN2625900CE,0.1402479247425371
21-01-2026 10:30||NIFTY27JAN2626300CE,0.1710026811862557
21-01-2026 10:30||NIFTY27JAN2626400CE,0.1787259403617663
21-01-2026 10:35||NIFTY27JAN2624400PE,0.1588122130649606
21-01-2026 10:35||NIFTY27JAN2625100PE,0.1144079241993994
21-01-2026 10:35||NIFTY27JAN2625500CE,0.1206430111814301
21-01-2026 10:35||NIFTY27JAN2625600CE,0.1239629772759416
21-01-2026 10:35||NIFTY27JAN2625800CE,0.1338721413147247
21-01-2026 10:35||NIFTY27JAN2625900CE,0.1404487423671137
21-01-2026 10:40||NIFTY27JAN2624200PE,0.1836628925132973
21-01-2026 10:40||NIFTY27JAN2624800PE,0.142591008040149
21-01-2026 10:40||NIFTY27JAN2625200CE,0.1092854385356396
21-01-2026 10:40||NIFTY27JAN2625400CE,0.1159014862372285
21-01-2026 10:40||NIFTY27JAN2626300CE,0.1750105228510916
21-01-2026 10:45||NIFTY27JAN2624700PE,0.1363622160730037
21-01-2026 10:45||NIFTY27JAN2624800PE,0.130318948511542
21-01-2026 10:45||NIFTY27JAN2625700CE,0.1420907393267104
21-01-2026 10:45||NIFTY27JAN2626400CE,0.191303776028013
21-01-2026 10:45||NIFTY27JAN2626500CE,0.1981615263756539
21-01-2026 10:50||NIFTY27JAN2624100PE,0.1950562343859846
21-01-2026 10:50||NIFTY27JAN2624300PE,0.1785290439619949
21-01-2026 10:50||NIFTY27JAN2624400PE,0.1710588927583483
21-01-2026 10:50||NIFTY27JAN2624500PE,0.1636192944057164
21-01-2026 10:50||NIFTY27JAN2625400CE,0.1259376181299165
21-01-2026 10:50||NIFTY27JAN2625700CE,0.1410421401084551
21-01-2026 10:50||NIFTY27JAN2625900CE,0.1548095270631205
21-01-2026 10:50||NIFTY27JAN2626400CE,0.1940295928379268
21-01-2026 10:55||NIFTY27JAN2623900PE,0.2106794560070023
21-01-2026 10:55||NIFTY27JAN2624300PE,0.1721863476839788
21-01-2026 10:55||NIFTY27JAN2624800PE,0.1309499495559895
21-01-2026 10:55||NIFTY27JAN2625000PE,0.1160799100413749
21-01-2026 10:55||NIFTY27JAN2625100PE,0.1086894412791817
21-01-2026 10:55||NIFTY27JAN2625300CE,0.1424934486125612
21-01-2026 10:55||NIFTY27JAN2625900CE,0.1633372104550481
21-01-2026 10:55||NIFTY27JAN2626200CE,0.1844795515620487
21-01-2026 11:00||NIFTY27JAN2624000PE,0.2040388124386929
21-01-2026 11:00||NIFTY27JAN2624300PE,0.1752670061220511
21-01-2026 11:00||NIFTY27JAN2624600PE,0.1509652438617989
21-01-2026 11:00||NIFTY27JAN2624800PE,0.1378682257745451
21-01-2026 11:00||NIFTY27JAN2625100PE,0.1224591617276429
21-01-2026 11:00||NIFTY27JAN2625300CE,0.1350106126498165
21-01-2026 11:05||NIFTY27JAN2624000PE,0.1987267797230253
21-01-2026 11:05||NIFTY27JAN2624100PE,0.1883468993644468
21-01-2026 11:05||NIFTY27JAN2624400PE,0.1599571823271696
21-01-2026 11:05||NIFTY27JAN2625000PE,0.1178847499726663
21-01-2026 11:05||NIFTY27JAN2625200CE,0.1363148118676525
21-01-2026 11:10||NIFTY27JAN2624800PE,0.1255187801979819
21-01-2026 11:10||NIFTY27JAN2625200CE,0.1373872329653868
21-01-2026 11:10||NIFTY27JAN2625300CE,0.1388414848370341
21-01-2026 11:10||NIFTY27JAN2625500CE,0.1417328235366488
21-01-2026 11:10||NIFTY27JAN2625900CE,0.1575416216504962
21-01-2026 11:10||NIFTY27JAN2626100CE,0.1706886494586826
21-01-2026 11:15||NIFTY27JAN2624300PE,0.1715201851292571
21-01-2026 11:15||NIFTY27JAN2625100PE,0.1051704192426331
21-01-2026 11:15||NIFTY27JAN2625400CE,0.1396189370051279
21-01-2026 11:20||NIFTY27JAN2623900PE,0.215404947640236
21-01-2026 11:20||NIFTY27JAN2625800CE,0.1438160756091271
21-01-2026 11:20||NIFTY27JAN2626000CE,0.1566004443152218
21-01-2026 11:20||NIFTY27JAN2626100CE,0.1636537083550557
21-01-2026 11:20||NIFTY27JAN2626400CE,0.1846334724219697
21-01-2026 11:20||NIFTY27JAN2626500CE,0.1915706178532302
21-01-2026 11:25||NIFTY27JAN2624600PE,0.1544943698756523
21-01-2026 11:25||NIFTY27JAN2624800PE,0.139951179398032
21-01-2026 11:30||NIFTY27JAN2623900PE,0.2163869403951791
21-01-2026 11:30||NIFTY27JAN2624000PE,0.2067044782346822
21-01-2026 11:30||NIFTY27JAN2624100PE,0.1970622759083596
21-01-2026 11:30||NIFTY27JAN2624400PE,0.1691616392928627
21-01-2026 11:30||NIFTY27JAN2625400CE,0.1312663484286803
21-01-2026 11:30||NIFTY27JAN2625800CE,0.1451360756091273
21-01-2026 11:30||NIFTY27JAN2626000CE,0.157903557725734
21-01-2026 11:30||NIFTY27JAN2626500CE,0.1948916445447964
21-01-2026 11:35||NIFTY27JAN2623900PE,0.2173048430374202
21-01-2026 11:35||NIFTY27JAN2624600PE,0.1532936788168382
21-01-2026 11:35||NIFTY27JAN2626100CE,0.1642344444797848
21-01-2026 11:35||NIFTY27JAN2626300CE,0.179118963911974
21-01-2026 11:40||NIFTY27JAN2624800PE,0.1365214011728264
21-01-2026 11:40||NIFTY27JAN2625100PE,0.1176742316014152
21-01-2026 11:40||NIFTY27JAN2625200CE,0.1322716237666125
21-01-2026 11:40||NIFTY27JAN2625700CE,0.1401092023578515
21-01-2026 11:45||NIFTY27JAN2624600PE,0.1510384654016163
21-01-2026 11:45||NIFTY27JAN2625100PE,0.1158560280133816
21-01-2026 11:45||NIFTY27JAN2625200CE,0.1319091094932764
21-01-2026 11:45||NIFTY27JAN2625400CE,0.1322102952763533
21-01-2026 11:50||NIFTY27JAN2624000PE,0.2069717508189416
21-01-2026 11:50||NIFTY27JAN2624100PE,0.1969851992600778
21-01-2026 11:50||NIFTY27JAN2624300PE,0.1775655452125781
21-01-2026 11:55||NIFTY27JAN2624000PE,0.2072543853570175
21-01-2026 11:55||NIFTY27JAN2624600PE,0.1518550889423816
21-01-2026 11:55||NIFTY27JAN2624700PE,0.1440818408969728
21-01-2026 11:55||NIFTY27JAN2624900PE,0.1300473895243341
21-01-2026 12:00||NIFTY27JAN2624100PE,0.1945376223847626
21-01-2026 12:00||NIFTY27JAN2624200PE,0.1843177392084612
21-01-2026 12:00||NIFTY27JAN2624700PE,0.1371797255675264
21-01-2026 12:00||NIFTY27JAN2624800PE,0.1288731493054403
21-01-2026 12:00||NIFTY27JAN2625600CE,0.1363891894637794
21-01-2026 12:00||NIFTY27JAN2625900CE,0.1479654536939266
21-01-2026 12:05||NIFTY27JAN2623800PE,0.2280399581881129
21-01-2026 12:05||NIFTY27JAN2624100PE,0.1989793775341835
21-01-2026 12:05||NIFTY27JAN2625500CE,0.1256330392234762
21-01-2026 12:05||NIFTY27JAN2626200CE,0.1608488454534638
21-01-2026 12:10||NIFTY27JAN2624100PE,0.1938587834153173
21-01-2026 12:10||NIFTY27JAN2624200PE,0.1839188970383664
21-01-2026 12:10||NIFTY27JAN2625000PE,0.1151100899602398
21-01-2026 12:10||NIFTY27JAN2625900CE,0.143555762575003
21-01-2026 12:10||NIFTY27JAN2626500CE,0.1841318335811644
21-01-2026 12:15||NIFTY27JAN2623800PE,0.2255005032630821
21-01-2026 12:15||NIFTY27JAN2624200PE,0.1855788015925639
21-01-2026 12:15||NIFTY27JAN2625400CE,0.1339100098296282
21-01-2026 12:15||NIFTY27JAN2625700CE,0.1350706323099323
21-01-2026 12:20||NIFTY27JAN2624200PE,0.1907248863063946
21-01-2026 12:20||NIFTY27JAN2625000PE,0.1206805899615729
21-01-2026 12:20||NIFTY27JAN2625400CE,0.12928559053979
21-01-2026 12:20||NIFTY27JAN2625600CE,0.1292452028264692
21-01-2026 12:20||NIFTY27JAN2625700CE,0.1314318473355961
21-01-2026 12:20||NIFTY27JAN2626300CE,0.1631372718926876
21-01-2026 12:25||NIFTY27JAN2624000PE,0.2191746978579217
21-01-2026 12:25||NIFTY27JAN2624500PE,0.1733960558006408
21-01-2026 12:25||NIFTY27JAN2624600PE,0.1653749179822051
21-01-2026 12:25||NIFTY27JAN2624700PE,0.1573863203660606
21-01-2026 12:25||NIFTY27JAN2625700CE,0.1227487159753012
21-01-2026 12:25||NIFTY27JAN2626500CE,0.176181909195712
21-01-2026 12:30||NIFTY27JAN2624100PE,0.2045222964319507
21-01-2026 12:30||NIFTY27JAN2624200PE,0.1946257428929947
21-01-2026 12:30||NIFTY27JAN2625300CE,0.1385139624218532
21-01-2026 12:30||NIFTY27JAN2625800CE,0.1356369961415483
21-01-2026 12:35||NIFTY27JAN2624000PE,0.2142558475161905
21-01-2026 12:35||NIFTY27JAN2624100PE,0.2044526271775331
21-01-2026 12:35||NIFTY27JAN2625600CE,0.1323354199229429
21-01-2026 12:35||NIFTY27JAN2626400CE,0.1674371307108269
21-01-2026 12:40||NIFTY27JAN2624500PE,0.1749372550527695
21-01-2026 12:40||NIFTY27JAN2624700PE,0.1580268237945886
21-01-2026 12:40||NIFTY27JAN2624800PE,0.1498269130382755
21-01-2026 12:40||NIFTY27JAN2625200CE,0.1338612962730407
21-01-2026 12:40||NIFTY27JAN2625400CE,0.1283495964427336
21-01-2026 12:40||NIFTY27JAN2625900CE,0.1329380695181188
21-01-2026 12:45||NIFTY27JAN2623800PE,0.244110335547707
21-01-2026 12:45||NIFTY27JAN2624400PE,0.1870406761754122
21-01-2026 12:45||NIFTY27JAN2625300CE,0.1418265217040353
21-01-2026 12:45||NIFTY27JAN2625800CE,0.1311195252051289
21-01-2026 12:45||NIFTY27JAN2626200CE,0.1478055248347147
21-01-2026 12:50||NIFTY27JAN2623800PE,0.2473284068208936
21-01-2026 12:50||NIFTY27JAN2624100PE,0.2193651140508196
21-01-2026 12:50||NIFTY27JAN2625200CE,0.1494153466007821
21-01-2026 12:50||NIFTY27JAN2625500CE,0.1343378749747967
21-01-2026 12:50||NIFTY27JAN2625600CE,0.1320945645514973
21-01-2026 12:55||NIFTY27JAN2625300CE,0.1347392340396856
21-01-2026 12:55||NIFTY27JAN2625400CE,0.1303259464914991
21-01-2026 12:55||NIFTY27JAN2625600CE,0.1275626318018421
21-01-2026 12:55||NIFTY27JAN2625700CE,0.129188898551264
21-01-2026 12:55||NIFTY27JAN2625800CE,0.1308088496857532
21-01-2026 12:55||NIFTY27JAN2625900CE,0.1324225340690517
21-01-2026 12:55||NIFTY27JAN2626500CE,0.1641947069339583
21-01-2026 13:00||NIFTY27JAN2624600PE,0.1754238047782959
21-01-2026 13:00||NIFTY27JAN2624700PE,0.1665139025375677
21-01-2026 13:00||NIFTY27JAN2626100CE,0.139760727995596
21-01-2026 13:05||NIFTY27JAN2623800PE,0.2517042277339716
21-01-2026 13:05||NIFTY27JAN2623900PE,0.2423926742415055
21-01-2026 13:05||NIFTY27JAN2624100PE,0.2238858816878773
21-01-2026 13:05||NIFTY27JAN2625600CE,0.1168372363338123
21-01-2026 13:05||NIFTY27JAN2626300CE,0.1499173972403416
21-01-2026 13:05||NIFTY27JAN2626400CE,0.1571273280114373
21-01-2026 13:10||NIFTY27JAN2625800CE,0.1307249224929454
21-01-2026 13:10||NIFTY27JAN2626200CE,0.1492379485047213
21-01-2026 13:15||NIFTY27JAN2624400PE,0.1890964036364651
21-01-2026 13:15||NIFTY27JAN2625400CE,0.1261043897492862
21-01-2026 13:15||NIFTY27JAN2625800CE,0.1273414244346905
21-01-2026 13:20||NIFTY27JAN2623800PE,0.2456714173663903
21-01-2026 13:20||NIFTY27JAN2623900PE,0.2367270355979929
21-01-2026 13:20||NIFTY27JAN2624600PE,0.1727476727165064
21-01-2026 13:20||NIFTY27JAN2624800PE,0.1562689616500866
21-01-2026 13:20||NIFTY27JAN2625400CE,0.1228310137692297
21-01-2026 13:20||NIFTY27JAN2626200CE,0.14773827293299
21-01-2026 13:25||NIFTY27JAN2624200PE,0.2047199859705231
21-01-2026 13:25||NIFTY27JAN2624300PE,0.1950300958241933
21-01-2026 13:25||NIFTY27JAN2624900PE,0.144238840405723
21-01-2026 13:25||NIFTY27JAN2625000PE,0.1373055813255519
21-01-2026 13:25||NIFTY27JAN2625200CE,0.1331829505288368
21-01-2026 13:25||NIFTY27JAN2625700CE,0.1270240467028184
21-01-2026 13:25||NIFTY27JAN2626000CE,0.1386653750255794
21-01-2026 13:25||NIFTY27JAN2626300CE,0.1574087547859946
21-01-2026 13:30||NIFTY27JAN2624000PE,0.2286101666092779
21-01-2026 13:30||NIFTY27JAN2624400PE,0.1913116597847232
21-01-2026 13:30||NIFTY27JAN2625200CE,0.1127334739221504
21-01-2026 13:30||NIFTY27JAN2625300CE,0.1132878303691375
21-01-2026 13:30||NIFTY27JAN2625800CE,0.1234636725023349
21-01-2026 13:30||NIFTY27JAN2626200CE,0.1478516106704235
21-01-2026 13:30||NIFTY27JAN2626300CE,0.1552648722791161
21-01-2026 13:35||NIFTY27JAN2623800PE,0.2371595185611584
21-01-2026 13:35||NIFTY27JAN2624000PE,0.2181402707762461
21-01-2026 13:35||NIFTY27JAN2624700PE,0.1537915349532127
21-01-2026 13:35||NIFTY27JAN2624800PE,0.145108296123865
21-01-2026 13:35||NIFTY27JAN2625800CE,0.1350253876103891
21-01-2026 13:35||NIFTY27JAN2626300CE,0.160502737673278
21-01-2026 13:40||NIFTY27JAN2624600PE,0.167482764180173
21-01-2026 13:40||NIFTY27JAN2624800PE,0.1514597882652298
21-01-2026 13:40||NIFTY27JAN2625300CE,0.1294625493877145
21-01-2026 13:40||NIFTY27JAN2625800CE,0.1303866473034657
21-01-2026 13:40||NIFTY27JAN2626200CE,0.1514926336184608
21-01-2026 13:45||NIFTY27JAN2624800PE,0.1508498487492648
21-01-2026 13:45||NIFTY27JAN2625400CE,0.126210856288508
21-01-2026 13:45||NIFTY27JAN2625900CE,0.1339789189410785
21-01-2026 13:50||NIFTY27JAN2625100PE,0.1346036727176921
21-01-2026 13:50||NIFTY27JAN2626100CE,0.1456126053948257
21-01-2026 13:55||NIFTY27JAN2624300PE,0.1929660472763614
21-01-2026 13:55||NIFTY27JAN2624400PE,0.1838994825542306
21-01-2026 13:55||NIFTY27JAN2625500CE,0.1225221568682734
21-01-2026 13:55||NIFTY27JAN2625700CE,0.1267460700542276
21-01-2026 14:00||NIFTY27JAN2623800PE,0.233328113318987
21-01-2026 14:00||NIFTY27JAN2624200PE,0.1960498966370027
21-01-2026 14:00||NIFTY27JAN2624600PE,0.1606189735330973
21-01-2026 14:00||NIFTY27JAN2625000PE,0.1329930099680263
21-01-2026 14:00||NIFTY27JAN2625200CE,0.1314289109143375
21-01-2026 14:05||NIFTY27JAN2624500PE,0.1699027754623778
21-01-2026 14:05||NIFTY27JAN2625000PE,0.1361648499729331
21-01-2026 14:05||NIFTY27JAN2625400CE,0.1205081102313385
21-01-2026 14:05||NIFTY27JAN2626100CE,0.145878036430363
21-01-2026 14:05||NIFTY27JAN2626500CE,0.1772484687338135
21-01-2026 14:10||NIFTY27JAN2624000PE,0.2116775963135247
21-01-2026 14:10||NIFTY27JAN2624100PE,0.2022943711338849
21-01-2026 14:10||NIFTY27JAN2624400PE,0.1751883706483504
21-01-2026 14:10||NIFTY27JAN2624500PE,0.1666517991834019
21-01-2026 14:10||NIFTY27JAN2625000PE,0.1327300799735465
21-01-2026 14:10||NIFTY27JAN2625200CE,0.1219234455535437
21-01-2026 14:10||NIFTY27JAN2626000CE,0.1410621154144858
21-01-2026 14:10||NIFTY27JAN2626400CE,0.1710394116911411
21-01-2026 14:10||NIFTY27JAN2626500CE,0.1790384663658138
21-01-2026 14:15||NIFTY27JAN2624700PE,0.1422686538014984
21-01-2026 14:15||NIFTY27JAN2625400CE,0.1323442913238351
21-01-2026 14:15||NIFTY27JAN2625800CE,0.1344463759849568
21-01-2026 14:15||NIFTY27JAN2626100CE,0.1487413793381858
21-01-2026 14:20||NIFTY27JAN2624000PE,0.2152407707776929
21-01-2026 14:20||NIFTY27JAN2624300PE,0.1874514197006428
21-01-2026 14:20||NIFTY27JAN2624700PE,0.1559164776958526
21-01-2026 14:20||NIFTY27JAN2625200CE,0.1113692475227893
21-01-2026 14:20||NIFTY27JAN2625600CE,0.116346406266292
21-01-2026 14:20||NIFTY27JAN2626100CE,0.1424227203376354
21-01-2026 14:20||NIFTY27JAN2626500CE,0.172929905410211
21-01-2026 14:25||NIFTY27JAN2623900PE,0.2208814643810633
21-01-2026 14:25||NIFTY27JAN2624800PE,0.1487991267992608
21-01-2026 14:25||NIFTY27JAN2624900PE,0.1436191827223288
21-01-2026 14:25||NIFTY27JAN2625100PE,0.133321412872293
21-01-2026 14:25||NIFTY27JAN2626500CE,0.1781474101301531
21-01-2026 14:30||NIFTY27JAN2624500PE,0.1591778198476944
21-01-2026 14:30||NIFTY27JAN2624600PE,0.1504712494891845
21-01-2026 14:30||NIFTY27JAN2624800PE,0.1342498084265747
21-01-2026 14:30||NIFTY27JAN2625200CE,0.1325145946831911
21-01-2026 14:30||NIFTY27JAN2625300CE,0.1312748520835653
21-01-2026 14:30||NIFTY27JAN2626300CE,0.1637837072573631
21-01-2026 14:35||NIFTY27JAN2624200PE,0.188104844983963
21-01-2026 14:35||NIFTY27JAN2624700PE,0.1454578869827854
21-01-2026 14:35||NIFTY27JAN2624800PE,0.1383446310665366
21-01-2026 14:35||NIFTY27JAN2625100PE,0.1195234731163625
21-01-2026 14:35||NIFTY27JAN2625200CE,0.1279880792289992
21-01-2026 14:35||NIFTY27JAN2625800CE,0.1319679263764357
21-01-2026 14:35||NIFTY27JAN2626100CE,0.1483473276163681
21-01-2026 14:40||NIFTY27JAN2624000PE,0.208460874944661
21-01-2026 14:40||NIFTY27JAN2624200PE,0.1900609503590095
21-01-2026 14:40||NIFTY27JAN2624500PE,0.1647905191692269
21-01-2026 14:40||NIFTY27JAN2624600PE,0.1575008530069384
21-01-2026 14:40||NIFTY27JAN2624700PE,0.1502407596081311
21-01-2026 14:40||NIFTY27JAN2625100PE,0.1268808782990776
21-01-2026 14:40||NIFTY27JAN2625200CE,0.1189853265191319
21-01-2026 14:40||NIFTY27JAN2625400CE,0.1188748917320037
21-01-2026 14:40||NIFTY27JAN2625800CE,0.128588856611323
21-01-2026 14:40||NIFTY27JAN2626200CE,0.1528838549954719
21-01-2026 14:45||NIFTY27JAN2624500PE,0.161784183629553
21-01-2026 14:45||NIFTY27JAN2625400CE,0.1224338090520414
21-01-2026 14:45||NIFTY27JAN2625900CE,0.1351601544653837
21-01-2026 14:45||NIFTY27JAN2626100CE,0.1470026053948255
21-01-2026 14:50||NIFTY27JAN2623900PE,0.2142053451309356
21-01-2026 14:50||NIFTY27JAN2624900PE,0.1350194176422357
21-01-2026 14:50||NIFTY27JAN2625200CE,0.1159624504108191
21-01-2026 14:50||NIFTY27JAN2625300CE,0.1170834362285472
21-01-2026 14:50||NIFTY27JAN2625500CE,0.1193121764761668
21-01-2026 14:50||NIFTY27JAN2625800CE,0.127763517463187
21-01-2026 14:50||NIFTY27JAN2626300CE,0.1593546578299958
21-01-2026 14:55||NIFTY27JAN2624200PE,0.1872356301101645
21-01-2026 14:55||NIFTY27JAN2625300CE,0.1201930335917177
21-01-2026 14:55||NIFTY27JAN2625700CE,0.1241712548795966
21-01-2026 14:55||NIFTY27JAN2626100CE,0.1455333716802254
21-01-2026 15:00||NIFTY27JAN2623900PE,0.2146992886424971
21-01-2026 15:00||NIFTY27JAN2624100PE,0.1946138692339697
21-01-2026 15:00||NIFTY27JAN2624500PE,0.1569121836239999
21-01-2026 15:00||NIFTY27JAN2624800PE,0.133836391092154
21-01-2026 15:00||NIFTY27JAN2625000PE,0.1208976199669864
21-01-2026 15:00||NIFTY27JAN2625200CE,0.1295308834491188
21-01-2026 15:00||NIFTY27JAN2625300CE,0.12775694281876
21-01-2026 15:00||NIFTY27JAN2625600CE,0.1251768457078189
21-01-2026 15:00||NIFTY27JAN2626400CE,0.1671497632928797
21-01-2026 15:05||NIFTY27JAN2624300PE,0.1790917694958688
21-01-2026 15:05||NIFTY27JAN2625100PE,0.1273782834817926
21-01-2026 15:05||NIFTY27JAN2626200CE,0.1499902004185861
21-01-2026 15:10||NIFTY27JAN2624300PE,0.179786594598256
21-01-2026 15:10||NIFTY27JAN2624500PE,0.1634030408195496
21-01-2026 15:10||NIFTY27JAN2624600PE,0.1559764563024132
21-01-2026 15:10||NIFTY27JAN2625700CE,0.1215462227863004
21-01-2026 15:10||NIFTY27JAN2625800CE,0.1264831980569952
21-01-2026 15:10||NIFTY27JAN2625900CE,0.1314010747295916
21-01-2026 15:10||NIFTY27JAN2626500CE,0.175170321290221
21-01-2026 15:15||NIFTY27JAN2624200PE,0.1866824223252591
21-01-2026 15:15||NIFTY27JAN2624300PE,0.1775825254902125
21-01-2026 15:15||NIFTY27JAN2624800PE,0.1399445308656254
21-01-2026 15:15||NIFTY27JAN2624900PE,0.1344512568380939
21-01-2026 15:15||NIFTY27JAN2625200CE,0.1167389320963518
21-01-2026 15:15||NIFTY27JAN2625300CE,0.1168296449694952
21-01-2026 15:15||NIFTY27JAN2625600CE,0.1199748623540423
21-01-2026 15:15||NIFTY27JAN2625700CE,0.1229281657611862
21-01-2026 15:15||NIFTY27JAN2625900CE,0.1314908301427383
21-01-2026 15:15||NIFTY27JAN2626200CE,0.1521967366818579
21-01-2026 15:20||NIFTY27JAN2623800PE,0.2227164780940802
21-01-2026 15:20||NIFTY27JAN2624800PE,0.1406385685174093
21-01-2026 15:20||NIFTY27JAN2625100PE,0.1268362874684964
21-01-2026 15:20||NIFTY27JAN2625400CE,0.1116412992159547
21-01-2026 15:20||NIFTY27JAN2625600CE,0.1153058593899012
21-01-2026 15:25||NIFTY27JAN2623800PE,0.2210907129073007
21-01-2026 15:25||NIFTY27JAN2624200PE,0.1812089668822905
21-01-2026 15:25||NIFTY27JAN2624500PE,0.1535571530116699
21-01-2026 15:25||NIFTY27JAN2624800PE,0.1304468548030878
21-01-2026 15:25||NIFTY27JAN2625100PE,0.1140398004518976
21-01-2026 15:25||NIFTY27JAN2626200CE,0.1504162786654787
22-01-2026 09:15||NIFTY27JAN2623800PE,0.2462141091436464
22-01-2026 09:15||NIFTY27JAN2625100PE,0.1253033533555647
22-01-2026 09:15||NIFTY27JAN2625300CE,0.1046348122524755
22-01-2026 09:20||NIFTY27JAN2623900PE,0.2336155978177664
22-01-2026 09:20||NIFTY27JAN2624000PE,0.2221990638424781
22-01-2026 09:20||NIFTY27JAN2624300PE,0.1884977777150547
22-01-2026 09:20||NIFTY27JAN2624500PE,0.1672336427978418
22-01-2026 09:20||NIFTY27JAN2624800PE,0.1394434475357903
22-01-2026 09:20||NIFTY27JAN2625200CE,0.1144473267517885
22-01-2026 09:20||NIFTY27JAN2626300CE,0.15076669205543
22-01-2026 09:25||NIFTY27JAN2624700PE,0.1445999594594224
22-01-2026 09:25||NIFTY27JAN2625000PE,0.117843639956373
22-01-2026 09:25||NIFTY27JAN2625200CE,0.1450569307633304
22-01-2026 09:25||NIFTY27JAN2625500CE,0.1283881253374297
22-01-2026 09:25||NIFTY27JAN2625600CE,0.1253581562812943
22-01-2026 09:25||NIFTY27JAN2626200CE,0.1445842366757879
22-01-2026 09:30||NIFTY27JAN2624600PE,0.2023344206474883
22-01-2026 09:30||NIFTY27JAN2624800PE,0.1734309242065199
22-01-2026 09:30||NIFTY27JAN2624900PE,0.1595977402172873
22-01-2026 09:30||NIFTY27JAN2625100PE,0.1320972608880411
22-01-2026 09:30||NIFTY27JAN2625500CE,0.1168969411686304
22-01-2026 09:30||NIFTY27JAN2625800CE,0.1196222383902171
22-01-2026 09:30||NIFTY27JAN2626000CE,0.1296721346453025
22-01-2026 09:30||NIFTY27JAN2626300CE,0.1512000475647754
22-01-2026 09:35||NIFTY27JAN2624100PE,0.2781526970457837
22-01-2026 09:40||NIFTY27JAN2624100PE,0.2665431015969118
22-01-2026 09:40||NIFTY27JAN2624500PE,0.217568724416838
22-01-2026 09:40||NIFTY27JAN2626000CE,0.1318877596468432
22-01-2026 09:40||NIFTY27JAN2626200CE,0.1460593798059062
22-01-2026 09:45||NIFTY27JAN2623900PE,0.278716443445911
22-01-2026 09:45||NIFTY27JAN2624200PE,0.2460007747244456
22-01-2026 09:50||NIFTY27JAN2623900PE,0.2736172802684364
22-01-2026 09:50||NIFTY27JAN2624100PE,0.2528895227628159
22-01-2026 09:50||NIFTY27JAN2624900PE,0.1643351547014224
22-01-2026 09:50||NIFTY27JAN2625000PE,0.1539919321409556
22-01-2026 09:50||NIFTY27JAN2625600CE,0.1079488769629847
22-01-2026 09:50||NIFTY27JAN2625800CE,0.1153274931275472
22-01-2026 09:50||NIFTY27JAN2625900CE,0.1207041061521308
22-01-2026 09:50||NIFTY27JAN2626300CE,0.1473391350150476
22-01-2026 09:50||NIFTY27JAN2626500CE,0.1621528087176653
22-01-2026 09:55||NIFTY27JAN2624700PE,0.1656075936054238
22-01-2026 09:55||NIFTY27JAN2624800PE,0.1552970152295091
22-01-2026 09:55||NIFTY27JAN2624900PE,0.1450279282268746
22-01-2026 09:55||NIFTY27JAN2625200CE,0.1360645941235714
22-01-2026 09:55||NIFTY27JAN2625500CE,0.1213104803805725
22-01-2026 10:00||NIFTY27JAN2624200PE,0.2190533986988553
22-01-2026 10:00||NIFTY27JAN2624700PE,0.1638952529824913
22-01-2026 10:00||NIFTY27JAN2625100PE,0.1296301797210375
22-01-2026 10:00||NIFTY27JAN2625400CE,0.1047979921207972
22-01-2026 10:00||NIFTY27JAN2625600CE,0.1051877441476037
22-01-2026 10:00||NIFTY27JAN2626100CE,0.1281634866230352
22-01-2026 10:00||NIFTY27JAN2626500CE,0.1577019848102592
22-01-2026 10:05||NIFTY27JAN2624500PE,0.1853758366676009
22-01-2026 10:05||NIFTY27JAN2624800PE,0.153080665270186
22-01-2026 10:05||NIFTY27JAN2625000PE,0.1350831799551463
22-01-2026 10:05||NIFTY27JAN2625400CE,0.1106003051059816
22-01-2026 10:05||NIFTY27JAN2625700CE,0.111401548998447
22-01-2026 10:05||NIFTY27JAN2625800CE,0.1143715191366707
22-01-2026 10:05||NIFTY27JAN2626100CE,0.1303287260872226
22-01-2026 10:05||NIFTY27JAN2626400CE,0.152734564428768
22-01-2026 10:10||NIFTY27JAN2623800PE,0.258629056747211
22-01-2026 10:10||NIFTY27JAN2624200PE,0.2143451545551991
22-01-2026 10:10||NIFTY27JAN2624300PE,0.2034852776729348
22-01-2026 10:10||NIFTY27JAN2624500PE,0.1811515407511886
22-01-2026 10:10||NIFTY27JAN2624800PE,0.1484047277676456
22-01-2026 10:10||NIFTY27JAN2625300CE,0.1286343280224342
22-01-2026 10:10||NIFTY27JAN2625500CE,0.1181950588108645
22-01-2026 10:10||NIFTY27JAN2626200CE,0.1422413055193035
22-01-2026 10:10||NIFTY27JAN2626300CE,0.1495745679020032
22-01-2026 10:15||NIFTY27JAN2623900PE,0.2481224162520968
22-01-2026 10:15||NIFTY27JAN2624400PE,0.197888032725389
22-01-2026 10:15||NIFTY27JAN2625000PE,0.1399701299603463
22-01-2026 10:15||NIFTY27JAN2625300CE,0.0981285099958036
22-01-2026 10:15||NIFTY27JAN2625400CE,0.0985951718211405
22-01-2026 10:20||NIFTY27JAN2624000PE,0.2255289999392356
22-01-2026 10:20||NIFTY27JAN2625000PE,0.1242755511975793
22-01-2026 10:20||NIFTY27JAN2625100PE,0.1154763697497059
22-01-2026 10:20||NIFTY27JAN2625400CE,0.1249252554060522
22-01-2026 10:20||NIFTY27JAN2625500CE,0.1224203919558282
22-01-2026 10:20||NIFTY27JAN2625600CE,0.1199253323015256
22-01-2026 10:20||NIFTY27JAN2625900CE,0.1260452027280522
22-01-2026 10:25||NIFTY27JAN2623900PE,0.2297104898370262
22-01-2026 10:25||NIFTY27JAN2624000PE,0.2194639422632929
22-01-2026 10:25||NIFTY27JAN2624200PE,0.1991341218414092
22-01-2026 10:25||NIFTY27JAN2625100PE,0.1278108782990775
22-01-2026 10:25||NIFTY27JAN2625900CE,0.1187533398014836
22-01-2026 10:25||NIFTY27JAN2626300CE,0.1493398194273436
22-01-2026 10:30||NIFTY27JAN2624300PE,0.1830589299816815
22-01-2026 10:30||NIFTY27JAN2625800CE,0.1262023352896844
22-01-2026 10:30||NIFTY27JAN2626100CE,0.1443891283870574
22-01-2026 10:35||NIFTY27JAN2625100PE,0.124022634790778
22-01-2026 10:35||NIFTY27JAN2625200CE,0.0958631658056907
22-01-2026 10:35||NIFTY27JAN2625300CE,0.098716670843258
22-01-2026 10:35||NIFTY27JAN2625400CE,0.1015589194214448
22-01-2026 10:35||NIFTY27JAN2625800CE,0.1168860562292338
22-01-2026 10:40||NIFTY27JAN2624300PE,0.1826791151673894
22-01-2026 10:40||NIFTY27JAN2624600PE,0.1539659247442127
22-01-2026 10:40||NIFTY27JAN2625000PE,0.1235775799668797
22-01-2026 10:40||NIFTY27JAN2625800CE,0.1229845487597336
22-01-2026 10:40||NIFTY27JAN2625900CE,0.1289459464025802
22-01-2026 10:40||NIFTY27JAN2626000CE,0.1348843713578512
22-01-2026 10:45||NIFTY27JAN2623900PE,0.2267040689765842
22-01-2026 10:45||NIFTY27JAN2625000PE,0.1265332099685598
22-01-2026 10:45||NIFTY27JAN2625400CE,0.1123040546491433
22-01-2026 10:45||NIFTY27JAN2625500CE,0.112487386095443
22-01-2026 10:45||NIFTY27JAN2625700CE,0.1168280739503348
22-01-2026 10:45||NIFTY27JAN2625900CE,0.1275727220393306
22-01-2026 10:45||NIFTY27JAN2626400CE,0.166068804479055
22-01-2026 10:45||NIFTY27JAN2626500CE,0.174226649320967
22-01-2026 10:50||NIFTY27JAN2623900PE,0.2257231693923695
22-01-2026 10:50||NIFTY27JAN2624400PE,0.1743291619843225
22-01-2026 10:50||NIFTY27JAN2624500PE,0.1648074277098561
22-01-2026 10:50||NIFTY27JAN2624600PE,0.1553244786111901
22-01-2026 10:50||NIFTY27JAN2624900PE,0.1315206063030521
22-01-2026 10:50||NIFTY27JAN2625000PE,0.125027342510661
22-01-2026 10:50||NIFTY27JAN2625300CE,0.1172195750846887
22-01-2026 10:50||NIFTY27JAN2625700CE,0.1200679183079187
22-01-2026 10:50||NIFTY27JAN2625900CE,0.1308123517025813
22-01-2026 10:50||NIFTY27JAN2626000CE,0.1374689524676925
22-01-2026 10:50||NIFTY27JAN2626300CE,0.1605249810246909
22-01-2026 10:55||NIFTY27JAN2624000PE,0.2191693124401397
22-01-2026 10:55||NIFTY27JAN2624200PE,0.1997203305225349
22-01-2026 10:55||NIFTY27JAN2624600PE,0.1640735365400237
22-01-2026 10:55||NIFTY27JAN2625900CE,0.1278492567921785
22-01-2026 11:00||NIFTY27JAN2624400PE,0.1742460347829735
22-01-2026 11:00||NIFTY27JAN2624800PE,0.1408155443156657
22-01-2026 11:00||NIFTY27JAN2626300CE,0.1639046578299958
22-01-2026 11:05||NIFTY27JAN2624500PE,0.1633418570924807
22-01-2026 11:05||NIFTY27JAN2624800PE,0.1390110382686172
22-01-2026 11:05||NIFTY27JAN2625500CE,0.1218176029192693
22-01-2026 11:05||NIFTY27JAN2625600CE,0.1237575831070261
22-01-2026 11:05||NIFTY27JAN2625900CE,0.1369575965563935
22-01-2026 11:05||NIFTY27JAN2626200CE,0.1581602576706333
22-01-2026 11:10||NIFTY27JAN2623800PE,0.2333312579822698
22-01-2026 11:10||NIFTY27JAN2624300PE,0.1839068415125332
22-01-2026 11:10||NIFTY27JAN2624600PE,0.1588392076565077
22-01-2026 11:10||NIFTY27JAN2624700PE,0.1512592908232058
22-01-2026 11:10||NIFTY27JAN2625000PE,0.1302570141005285
22-01-2026 11:10||NIFTY27JAN2625100PE,0.123570826619281
22-01-2026 11:10||NIFTY27JAN2625400CE,0.1164556594505225
22-01-2026 11:10||NIFTY27JAN2625800CE,0.1289156492514703
22-01-2026 11:10||NIFTY27JAN2626100CE,0.1490489559728425
22-01-2026 11:15||NIFTY27JAN2623900PE,0.2226392886424973
22-01-2026 11:15||NIFTY27JAN2624300PE,0.1826008229911398
22-01-2026 11:15||NIFTY27JAN2625600CE,0.1205217675953359
22-01-2026 11:15||NIFTY27JAN2625800CE,0.1294405620419496
22-01-2026 11:15||NIFTY27JAN2626100CE,0.1504724464537271
22-01-2026 11:15||NIFTY27JAN2626200CE,0.1580757056604488
22-01-2026 11:15||NIFTY27JAN2626400CE,0.1731955493203642
22-01-2026 11:15||NIFTY27JAN2626500CE,0.1807125709759635
22-01-2026 11:20||NIFTY27JAN2623900PE,0.2192180543292724
22-01-2026 11:20||NIFTY27JAN2624700PE,0.141401950800816
22-01-2026 11:20||NIFTY27JAN2624800PE,0.1336453685528727
22-01-2026 11:20||NIFTY27JAN2625600CE,0.1281130664140483
22-01-2026 11:20||NIFTY27JAN2625900CE,0.1394860521510118
22-01-2026 11:25||NIFTY27JAN2623800PE,0.2381359266938295
22-01-2026 11:25||NIFTY27JAN2623900PE,0.2274025929722506
22-01-2026 11:25||NIFTY27JAN2624000PE,0.216714074970814
22-01-2026 11:25||NIFTY27JAN2624500PE,0.1681614930880496
22-01-2026 11:25||NIFTY27JAN2624600PE,0.1595382551410872
22-01-2026 11:25||NIFTY27JAN2625800CE,0.1249703982445329
22-01-2026 11:25||NIFTY27JAN2625900CE,0.131097003786495
22-01-2026 11:25||NIFTY27JAN2626500CE,0.1752505481338627
22-01-2026 11:30||NIFTY27JAN2624300PE,0.1798993209292869
22-01-2026 11:30||NIFTY27JAN2625800CE,0.1313393798684471
22-01-2026 11:30||NIFTY27JAN2626000CE,0.1430281634939931
22-01-2026 11:35||NIFTY27JAN2624200PE,0.1925994214290387
22-01-2026 11:35||NIFTY27JAN2625500CE,0.1166837058918516
22-01-2026 11:35||NIFTY27JAN2625900CE,0.1336975772513264
22-01-2026 11:40||NIFTY27JAN2624200PE,0.1927896073799812
22-01-2026 11:40||NIFTY27JAN2624700PE,0.1507070242560502
22-01-2026 11:40||NIFTY27JAN2625200CE,0.1091930692888488
22-01-2026 11:40||NIFTY27JAN2626300CE,0.1672257985171553
22-01-2026 11:45||NIFTY27JAN2623900PE,0.2181981380115249
22-01-2026 11:45||NIFTY27JAN2624400PE,0.1677360347829734
22-01-2026 11:45||NIFTY27JAN2625000PE,0.123810359974293
22-01-2026 11:45||NIFTY27JAN2626500CE,0.1867596785665698
22-01-2026 11:50||NIFTY27JAN2624500PE,0.1638424489308588
22-01-2026 11:50||NIFTY27JAN2624800PE,0.141827822547646
22-01-2026 11:50||NIFTY27JAN2625200CE,0.1177289702943432
22-01-2026 11:50||NIFTY27JAN2625700CE,0.1272834533287241
22-01-2026 11:50||NIFTY27JAN2626200CE,0.1603740900232703
22-01-2026 11:50||NIFTY27JAN2626300CE,0.168437345343157
22-01-2026 11:55||NIFTY27JAN2624000PE,0.2095491041062035
22-01-2026 11:55||NIFTY27JAN2625000PE,0.1324076299803465
22-01-2026 12:00||NIFTY27JAN2623800PE,0.228346079799304
22-01-2026 12:00||NIFTY27JAN2624300PE,0.1758698353340311
22-01-2026 12:00||NIFTY27JAN2625600CE,0.1331910865977923
22-01-2026 12:00||NIFTY27JAN2625700CE,0.1360310578200121
22-01-2026 12:00||NIFTY27JAN2626100CE,0.1598096264725675
22-01-2026 12:00||NIFTY27JAN2626400CE,0.1838362689782989
22-01-2026 12:05||NIFTY27JAN2624300PE,0.1790202262816366
22-01-2026 12:05||NIFTY27JAN2625600CE,0.1279387161849246
22-01-2026 12:05||NIFTY27JAN2625700CE,0.1310253515743323
22-01-2026 12:05||NIFTY27JAN2626000CE,0.1467738461879836
22-01-2026 12:05||NIFTY27JAN2626300CE,0.1700447909101646
22-01-2026 12:10||NIFTY27JAN2624000PE,0.2085232395203685
22-01-2026 12:10||NIFTY27JAN2624500PE,0.1591716734185016
22-01-2026 12:10||NIFTY27JAN2625500CE,0.1242923725551007
22-01-2026 12:10||NIFTY27JAN2625800CE,0.1337244670779677
22-01-2026 12:10||NIFTY27JAN2626100CE,0.1532946743654045
22-01-2026 12:15||NIFTY27JAN2623800PE,0.2286414005911975
22-01-2026 12:15||NIFTY27JAN2624000PE,0.2074229895196451
22-01-2026 12:15||NIFTY27JAN2624500PE,0.1576214489280824
22-01-2026 12:15||NIFTY27JAN2626100CE,0.1537646935225397
22-01-2026 12:15||NIFTY27JAN2626400CE,0.1770303225092709
22-01-2026 12:15||NIFTY27JAN2626500CE,0.184791191933084
22-01-2026 12:20||NIFTY27JAN2624800PE,0.1455613452833913
22-01-2026 12:20||NIFTY27JAN2624900PE,0.1401047375266747
22-01-2026 12:20||NIFTY27JAN2625900CE,0.1318572027295739
22-01-2026 12:20||NIFTY27JAN2626000CE,0.1389071329339859
22-01-2026 12:20||NIFTY27JAN2626500CE,0.1791976747810683
22-01-2026 12:25||NIFTY27JAN2623900PE,0.220682625457728
22-01-2026 12:25||NIFTY27JAN2624200PE,0.1888039978741141
22-01-2026 12:25||NIFTY27JAN2624700PE,0.1428770778070437
22-01-2026 12:25||NIFTY27JAN2624800PE,0.1355638240674701
22-01-2026 12:25||NIFTY27JAN2625300CE,0.1269223319958442
22-01-2026 12:30||NIFTY27JAN2624200PE,0.1894038739068194
22-01-2026 12:30||NIFTY27JAN2624400PE,0.1696677858674354
22-01-2026 12:30||NIFTY27JAN2624500PE,0.1601745584046577
22-01-2026 12:30||NIFTY27JAN2625100PE,0.1150755090499248
22-01-2026 12:30||NIFTY27JAN2625700CE,0.1272742408994732
22-01-2026 12:30||NIFTY27JAN2625800CE,0.1318705623716825
22-01-2026 12:30||NIFTY27JAN2625900CE,0.1364491030587522
22-01-2026 12:30||NIFTY27JAN2626400CE,0.1728010511747478
22-01-2026 12:35||NIFTY27JAN2623800PE,0.2335141930013339
22-01-2026 12:35||NIFTY27JAN2624400PE,0.1722107786347155
22-01-2026 12:35||NIFTY27JAN2626100CE,0.1467256130650196
22-01-2026 12:35||NIFTY27JAN2626300CE,0.1634262547920185
22-01-2026 12:40||NIFTY27JAN2624100PE,0.1980530393560695
22-01-2026 12:40||NIFTY27JAN2626200CE,0.1577203912587439
22-01-2026 12:45||NIFTY27JAN2624700PE,0.1437694432773394
22-01-2026 12:45||NIFTY27JAN2624900PE,0.1303935642262872
22-01-2026 12:45||NIFTY27JAN2625200CE,0.1141618217869312
22-01-2026 12:45||NIFTY27JAN2625700CE,0.1215590927886784
22-01-2026 12:45||NIFTY27JAN2625800CE,0.1264690434212302
22-01-2026 12:45||NIFTY27JAN2626000CE,0.1397446535407504
22-01-2026 12:45||NIFTY27JAN2626100CE,0.1480971202324665
22-01-2026 12:45||NIFTY27JAN2626200CE,0.1564176462469813
22-01-2026 12:45||NIFTY27JAN2626300CE,0.1647064749427216
22-01-2026 12:45||NIFTY27JAN2626400CE,0.1729638469074169
22-01-2026 12:50||NIFTY27JAN2624200PE,0.1895584167928964
22-01-2026 12:50||NIFTY27JAN2624300PE,0.1794885309545537
22-01-2026 12:50||NIFTY27JAN2624900PE,0.1328947489684278
22-01-2026 12:50||NIFTY27JAN2625900CE,0.1313041313092413
22-01-2026 12:50||NIFTY27JAN2626200CE,0.1549799917118612
22-01-2026 12:50||NIFTY27JAN2626300CE,0.1637165738505229
22-01-2026 12:55||NIFTY27JAN2624400PE,0.1647508196184366
22-01-2026 12:55||NIFTY27JAN2625100PE,0.1193186826844519
22-01-2026 12:55||NIFTY27JAN2626100CE,0.1529556705364244
22-01-2026 12:55||NIFTY27JAN2626400CE,0.179062263298858
22-01-2026 13:00||NIFTY27JAN2624000PE,0.2044071457672037
22-01-2026 13:00||NIFTY27JAN2624400PE,0.1631501433870355
22-01-2026 13:00||NIFTY27JAN2624900PE,0.1258588152309779
22-01-2026 13:00||NIFTY27JAN2625700CE,0.1257136673370462
22-01-2026 13:05||NIFTY27JAN2623800PE,0.2265557862973972
22-01-2026 13:05||NIFTY27JAN2624100PE,0.1936271368638533
22-01-2026 13:05||NIFTY27JAN2624400PE,0.1634804097812237
22-01-2026 13:05||NIFTY27JAN2625000PE,0.1233725199800531
22-01-2026 13:05||NIFTY27JAN2625300CE,0.1165342154979917
22-01-2026 13:05||NIFTY27JAN2625400CE,0.116757546514403
22-01-2026 13:05||NIFTY27JAN2625700CE,0.1252796303744957
22-01-2026 13:10||NIFTY27JAN2624200PE,0.1843733780376395
22-01-2026 13:10||NIFTY27JAN2625300CE,0.1118058399231356
22-01-2026 13:10||NIFTY27JAN2625500CE,0.1151406960930312
22-01-2026 13:10||NIFTY27JAN2626000CE,0.1444759808086313
22-01-2026 13:10||NIFTY27JAN2626500CE,0.1896658600319353
22-01-2026 13:15||NIFTY27JAN2624200PE,0.1811035846497977
22-01-2026 13:15||NIFTY27JAN2624600PE,0.1431071358761408
22-01-2026 13:15||NIFTY27JAN2624700PE,0.1350172246384875
22-01-2026 13:15||NIFTY27JAN2625200CE,0.1267602574525038
22-01-2026 13:15||NIFTY27JAN2625600CE,0.1245500293096653
22-01-2026 13:20||NIFTY27JAN2623900PE,0.214582479013786
22-01-2026 13:20||NIFTY27JAN2624700PE,0.1375106173696156
22-01-2026 13:20||NIFTY27JAN2624900PE,0.1248137650300397
22-01-2026 13:20||NIFTY27JAN2625200CE,0.1184829307007154
22-01-2026 13:20||NIFTY27JAN2625500CE,0.1188886960879049
22-01-2026 13:20||NIFTY27JAN2626100CE,0.1538865900789041
22-01-2026 13:25||NIFTY27JAN2624900PE,0.1296205421432505
22-01-2026 13:25||NIFTY27JAN2625100PE,0.1202382225459832
22-01-2026 13:25||NIFTY27JAN2625800CE,0.1302778973191148
22-01-2026 13:25||NIFTY27JAN2626100CE,0.1546020594287114
22-01-2026 13:25||NIFTY27JAN2626300CE,0.1725772433875567
22-01-2026 13:30||NIFTY27JAN2623800PE,0.2217884193919008
22-01-2026 13:30||NIFTY27JAN2624000PE,0.1997377119298601
22-01-2026 13:30||NIFTY27JAN2624100PE,0.1887811715513604
22-01-2026 13:30||NIFTY27JAN2624600PE,0.1386764532009526
22-01-2026 13:30||NIFTY27JAN2625100PE,0.0991094611562511
22-01-2026 13:30||NIFTY27JAN2625800CE,0.1380929697916344
22-01-2026 13:30||NIFTY27JAN2625900CE,0.1440229106290396
22-01-2026 13:35||NIFTY27JAN2623800PE,0.2252720943406217
22-01-2026 13:35||NIFTY27JAN2623900PE,0.2154705846688265
22-01-2026 13:35||NIFTY27JAN2624400PE,0.1671014138823953
22-01-2026 13:35||NIFTY27JAN2624600PE,0.1510048294269783
22-01-2026 13:35||NIFTY27JAN2624700PE,0.1439882397461954
22-01-2026 13:35||NIFTY27JAN2625300CE,0.1061277964499691
22-01-2026 13:35||NIFTY27JAN2625500CE,0.1107863529574599
22-01-2026 13:35||NIFTY27JAN2625700CE,0.1196308949691265
22-01-2026 13:35||NIFTY27JAN2626000CE,0.1411968248771219
22-01-2026 13:35||NIFTY27JAN2626100CE,0.1499100726087504
22-01-2026 13:35||NIFTY27JAN2626400CE,0.176322244359419
22-01-2026 13:40||NIFTY27JAN2624000PE,0.2023923020176559
22-01-2026 13:40||NIFTY27JAN2624200PE,0.1815562045445961
22-01-2026 13:40||NIFTY27JAN2624300PE,0.1716334970221947
22-01-2026 13:40||NIFTY27JAN2624400PE,0.1617515399534772
22-01-2026 13:40||NIFTY27JAN2624900PE,0.1219624397252724
22-01-2026 13:40||NIFTY27JAN2625100PE,0.1095024802601116
22-01-2026 13:40||NIFTY27JAN2625300CE,0.1224080930119296
22-01-2026 13:40||NIFTY27JAN2625400CE,0.1210814401084718
22-01-2026 13:40||NIFTY27JAN2625600CE,0.1229662500158947
22-01-2026 13:40||NIFTY27JAN2626000CE,0.1460901442681073
22-01-2026 13:40||NIFTY27JAN2626300CE,0.1718613783664609
22-01-2026 13:45||NIFTY27JAN2624400PE,0.1594198565009864
22-01-2026 13:45||NIFTY27JAN2625200CE,0.1276488317062099
22-01-2026 13:45||NIFTY27JAN2625800CE,0.1339111628186479
22-01-2026 13:45||NIFTY27JAN2626100CE,0.156020469386507
22-01-2026 13:45||NIFTY27JAN2626300CE,0.172616197757661
22-01-2026 13:50||NIFTY27JAN2623800PE,0.2252166668031164
22-01-2026 13:50||NIFTY27JAN2625200CE,0.1287293069549746
22-01-2026 13:50||NIFTY27JAN2626300CE,0.1707809030801446
22-01-2026 13:55||NIFTY27JAN2624500PE,0.1544883523471681
22-01-2026 13:55||NIFTY27JAN2624600PE,0.1450951229175045
22-01-2026 13:55||NIFTY27JAN2624800PE,0.1287609576232373
22-01-2026 13:55||NIFTY27JAN2625400CE,0.1144801552122203
22-01-2026 13:55||NIFTY27JAN2625500CE,0.1153668127525063
22-01-2026 13:55||NIFTY27JAN2625900CE,0.1334730955632312
22-01-2026 13:55||NIFTY27JAN2626000CE,0.1411863525339212
22-01-2026 13:55||NIFTY27JAN2626400CE,0.1764634375440905
22-01-2026 14:00||NIFTY27JAN2623800PE,0.2278678446902383
22-01-2026 14:00||NIFTY27JAN2623900PE,0.2159991441926016
22-01-2026 14:00||NIFTY27JAN2624300PE,0.1709191151673894
22-01-2026 14:00||NIFTY27JAN2625000PE,0.1171609199757864
22-01-2026 14:00||NIFTY27JAN2625300CE,0.1116076877410148
22-01-2026 14:00||NIFTY27JAN2625500CE,0.1132677052693858
22-01-2026 14:00||NIFTY27JAN2625600CE,0.1160843431708539
22-01-2026 14:00||NIFTY27JAN2626500CE,0.1850763137192186
22-01-2026 14:05||NIFTY27JAN2623800PE,0.2253055486640975
22-01-2026 14:05||NIFTY27JAN2624000PE,0.2027616145156666
22-01-2026 14:05||NIFTY27JAN2624200PE,0.1811505250665038
22-01-2026 14:05||NIFTY27JAN2624300PE,0.1707839759247476
22-01-2026 14:05||NIFTY27JAN2625200CE,0.107039841583745
22-01-2026 14:05||NIFTY27JAN2626200CE,0.1582527958447352
22-01-2026 14:05||NIFTY27JAN2626400CE,0.1774687311053989
22-01-2026 14:10||NIFTY27JAN2623900PE,0.2125430020278645
22-01-2026 14:10||NIFTY27JAN2624200PE,0.1814798759757868
22-01-2026 14:10||NIFTY27JAN2625100PE,0.1201442116146684
22-01-2026 14:10||NIFTY27JAN2625900CE,0.1336768340186592
22-01-2026 14:15||NIFTY27JAN2623800PE,0.2213583020280238
22-01-2026 14:15||NIFTY27JAN2624600PE,0.1382327845054321
22-01-2026 14:15||NIFTY27JAN2625000PE,0.1117040481607075
22-01-2026 14:15||NIFTY27JAN2625100PE,0.1057519524800718
22-01-2026 14:15||NIFTY27JAN2626500CE,0.1925545367773592
22-01-2026 14:20||NIFTY27JAN2623800PE,0.2145650186514348
22-01-2026 14:20||NIFTY27JAN2623900PE,0.2047023347405419
22-01-2026 14:20||NIFTY27JAN2624000PE,0.1948808312581593
22-01-2026 14:20||NIFTY27JAN2624100PE,0.1851001657460147
22-01-2026 14:20||NIFTY27JAN2624400PE,0.1555393032207491
22-01-2026 14:20||NIFTY27JAN2624900PE,0.1166233835029098
22-01-2026 14:20||NIFTY27JAN2625400CE,0.1151004921272555
22-01-2026 14:20||NIFTY27JAN2625700CE,0.1250826186355585
22-01-2026 14:20||NIFTY27JAN2625800CE,0.1319783532475433
22-01-2026 14:20||NIFTY27JAN2625900CE,0.1388474118369186
22-01-2026 14:20||NIFTY27JAN2626100CE,0.1546341163396812
22-01-2026 14:20||NIFTY27JAN2626200CE,0.1635440294740812
22-01-2026 14:25||NIFTY27JAN2624200PE,0.1763098666321908
22-01-2026 14:25||NIFTY27JAN2624300PE,0.1649766617826822
22-01-2026 14:25||NIFTY27JAN2624600PE,0.1342273953915441
22-01-2026 14:25||NIFTY27JAN2624700PE,0.1253808257892649
22-01-2026 14:25||NIFTY27JAN2626500CE,0.1873773345156054
22-01-2026 14:30||NIFTY27JAN2623800PE,0.2254677569530541
22-01-2026 14:30||NIFTY27JAN2624300PE,0.1684230760698062
22-01-2026 14:30||NIFTY27JAN2625600CE,0.1239426654009182
22-01-2026 14:30||NIFTY27JAN2625700CE,0.1254793164965089
22-01-2026 14:30||NIFTY27JAN2625900CE,0.133843166055878
22-01-2026 14:30||NIFTY27JAN2626500CE,0.1806096029520217
22-01-2026 14:35||NIFTY27JAN2624000PE,0.2059456040960763
22-01-2026 14:35||NIFTY27JAN2624800PE,0.1235737902786544
22-01-2026 14:35||NIFTY27JAN2625500CE,0.1178125392093789
22-01-2026 14:40||NIFTY27JAN2623800PE,0.229772725491802
22-01-2026 14:40||NIFTY27JAN2625200CE,0.1181353167156446
22-01-2026 14:40||NIFTY27JAN2625400CE,0.1129549212467222
22-01-2026 14:40||NIFTY27JAN2626100CE,0.1406899713009971
22-01-2026 14:40||NIFTY27JAN2626500CE,0.172248468733814
22-01-2026 14:45||NIFTY27JAN2624000PE,0.2050161249309168
22-01-2026 14:45||NIFTY27JAN2626100CE,0.1392397988867824
22-01-2026 14:50||NIFTY27JAN2624400PE,0.1611481430721759
22-01-2026 14:50||NIFTY27JAN2624500PE,0.1509282570465873
22-01-2026 14:50||NIFTY27JAN2625400CE,0.1089606487621337
22-01-2026 14:50||NIFTY27JAN2625500CE,0.1090708627539435
22-01-2026 14:50||NIFTY27JAN2625600CE,0.1091806453787328
22-01-2026 14:50||NIFTY27JAN2626200CE,0.1447365840097315
22-01-2026 14:55||NIFTY27JAN2624300PE,0.168153014341237
22-01-2026 14:55||NIFTY27JAN2625000PE,0.1092030299680797
22-01-2026 14:55||NIFTY27JAN2626100CE,0.1361450766652396
22-01-2026 14:55||NIFTY27JAN2626500CE,0.1696273345156059
22-01-2026 15:00||NIFTY27JAN2624300PE,0.1674581480864703
22-01-2026 15:00||NIFTY27JAN2624600PE,0.1381776727165063
22-01-2026 15:00||NIFTY27JAN2624900PE,0.1176537851104149
22-01-2026 15:00||NIFTY27JAN2625600CE,0.1063345312615237
22-01-2026 15:00||NIFTY27JAN2626400CE,0.1628967424642795
22-01-2026 15:05||NIFTY27JAN2625300CE,0.1324882135647736
22-01-2026 15:05||NIFTY27JAN2625400CE,0.1252849549608228
22-01-2026 15:05||NIFTY27JAN2625600CE,0.1172733691364774
22-01-2026 15:10||NIFTY27JAN2623800PE,0.2273435340195938
22-01-2026 15:10||NIFTY27JAN2624000PE,0.2038456249294699
22-01-2026 15:10||NIFTY27JAN2624200PE,0.1810119937361794
22-01-2026 15:10||NIFTY27JAN2625100PE,0.1033635529568942
22-01-2026 15:10||NIFTY27JAN2625600CE,0.1082350097656498
22-01-2026 15:10||NIFTY27JAN2626100CE,0.1319293008012724
22-01-2026 15:15||NIFTY27JAN2623800PE,0.2245472118780858
22-01-2026 15:15||NIFTY27JAN2624200PE,0.1779115391894309
22-01-2026 15:15||NIFTY27JAN2624600PE,0.1339101218964731
22-01-2026 15:15||NIFTY27JAN2625400CE,0.1180072046913546
22-01-2026 15:15||NIFTY27JAN2625800CE,0.114602055198353
22-01-2026 15:15||NIFTY27JAN2625900CE,0.119435340310347
22-01-2026 15:15||NIFTY27JAN2626200CE,0.1391425367381353
22-01-2026 15:15||NIFTY27JAN2626300CE,0.1476724542096483
22-01-2026 15:20||NIFTY27JAN2624800PE,0.1179189213273967
22-01-2026 15:20||NIFTY27JAN2625200CE,0.1346220000834875
22-01-2026 15:20||NIFTY27JAN2626400CE,0.1558077841334371
22-01-2026 15:25||NIFTY27JAN2623800PE,0.2253665410165854
22-01-2026 15:25||NIFTY27JAN2624300PE,0.1671963579579611
22-01-2026 15:25||NIFTY27JAN2624700PE,0.1240970343638761
22-01-2026 15:25||NIFTY27JAN2625100PE,0.0968035130366286
22-01-2026 15:25||NIFTY27JAN2625200CE,0.1224299541595401
22-01-2026 15:25||NIFTY27JAN2625300CE,0.118186607538057
22-01-2026 15:25||NIFTY27JAN2625600CE,0.1089283984334269
22-01-2026 15:25||NIFTY27JAN2625900CE,0.1160875006755884
22-01-2026 15:25||NIFTY27JAN2626000CE,0.1223507720013993
22-01-2026 15:25||NIFTY27JAN2626400CE,0.1569178788306333
23-01-2026 09:15||NIFTY27JAN2624100PE,0.2105633623127337
23-01-2026 09:15||NIFTY27JAN2624200PE,0.1982080980135228
23-01-2026 09:15||NIFTY27JAN2624300PE,0.1859037834025128
23-01-2026 09:15||NIFTY27JAN2625500CE,0.1146341078408505
23-01-2026 09:15||NIFTY27JAN2626000CE,0.1355610569463425
23-01-2026 09:15||NIFTY27JAN2626100CE,0.1453742978420612
23-01-2026 09:15||NIFTY27JAN2626200CE,0.1551500119123141
23-01-2026 09:15||NIFTY27JAN2626300CE,0.1648884850768127
23-01-2026 09:15||NIFTY27JAN2626500CE,0.1842548361402795
23-01-2026 09:20||NIFTY27JAN2623900PE,0.2323808262892986
23-01-2026 09:20||NIFTY27JAN2624400PE,0.1699343441904733
23-01-2026 09:20||NIFTY27JAN2625500CE,0.127964852915168
23-01-2026 09:20||NIFTY27JAN2626200CE,0.1547542462299359
23-01-2026 09:20||NIFTY27JAN2626400CE,0.1747738163328749
23-01-2026 09:25||NIFTY27JAN2623800PE,0.2537491406048989
23-01-2026 09:25||NIFTY27JAN2625100PE,0.1118266667376363
23-01-2026 09:25||NIFTY27JAN2626100CE,0.1358154416161431
23-01-2026 09:25||NIFTY27JAN2626200CE,0.1459420095556528
23-01-2026 09:25||NIFTY27JAN2626400CE,0.1666400568661447
23-01-2026 09:30||NIFTY27JAN2623900PE,0.2416061436757383
23-01-2026 09:30||NIFTY27JAN2624000PE,0.2295229507821848
23-01-2026 09:30||NIFTY27JAN2624400PE,0.1824317078583899
23-01-2026 09:30||NIFTY27JAN2624500PE,0.1713489303312212
23-01-2026 09:30||NIFTY27JAN2624600PE,0.1603112966257938
23-01-2026 09:30||NIFTY27JAN2624700PE,0.1493184404621212
23-01-2026 09:30||NIFTY27JAN2625200CE,0.1059051089242201
23-01-2026 09:30||NIFTY27JAN2626300CE,0.1566650095539178
23-01-2026 09:35||NIFTY27JAN2623900PE,0.2381128382171587
23-01-2026 09:35||NIFTY27JAN2624000PE,0.226036311912788
23-01-2026 09:35||NIFTY27JAN2624400PE,0.1769941597637271
23-01-2026 09:35||NIFTY27JAN2625500CE,0.1095107941068667
23-01-2026 09:35||NIFTY27JAN2626100CE,0.1389502682488224
23-01-2026 09:40||NIFTY27JAN2625400CE,0.1066022469679764
23-01-2026 09:40||NIFTY27JAN2625500CE,0.1054789251970126
23-01-2026 09:40||NIFTY27JAN2626000CE,0.1274343558169521
23-01-2026 09:45||NIFTY27JAN2623900PE,0.2353496756583262
23-01-2026 09:45||NIFTY27JAN2624100PE,0.2101127592579301
23-01-2026 09:45||NIFTY27JAN2624300PE,0.1845995163889771
23-01-2026 09:45||NIFTY27JAN2624800PE,0.1284735301246951
23-01-2026 09:45||NIFTY27JAN2624900PE,0.120250285570132
23-01-2026 09:45||NIFTY27JAN2626100CE,0.1434405172915779
23-01-2026 09:45||NIFTY27JAN2626400CE,0.1755535701201649
23-01-2026 09:50||NIFTY27JAN2623900PE,0.2382052718943757
23-01-2026 09:50||NIFTY27JAN2624200PE,0.2022247933166941
23-01-2026 09:50||NIFTY27JAN2624400PE,0.1776646720602436
23-01-2026 09:50||NIFTY27JAN2624700PE,0.1448961639161539
23-01-2026 09:50||NIFTY27JAN2625200CE,0.1036354252749172
23-01-2026 09:50||NIFTY27JAN2625300CE,0.1023251282184023
23-01-2026 09:50||NIFTY27JAN2625700CE,0.1053862520052225
23-01-2026 09:50||NIFTY27JAN2625800CE,0.1104228680308749
23-01-2026 09:55||NIFTY27JAN2623800PE,0.2496143817103701
23-01-2026 09:55||NIFTY27JAN2624200PE,0.1984937809171185
23-01-2026 09:55||NIFTY27JAN2624800PE,0.130073548342515
23-01-2026 09:55||NIFTY27JAN2625000PE,0.1154821299656797
23-01-2026 09:55||NIFTY27JAN2625200CE,0.1193886139099492
23-01-2026 09:55||NIFTY27JAN2625700CE,0.1082597179107378
23-01-2026 09:55||NIFTY27JAN2626300CE,0.1619856369318553
23-01-2026 10:00||NIFTY27JAN2624700PE,0.141259878487541
23-01-2026 10:00||NIFTY27JAN2625900CE,0.1180907605849993
23-01-2026 10:00||NIFTY27JAN2626000CE,0.1281824815333623
23-01-2026 10:00||NIFTY27JAN2626100CE,0.138235462574693
23-01-2026 10:00||NIFTY27JAN2626300CE,0.1592308365521079
23-01-2026 10:05||NIFTY27JAN2623800PE,0.2498819079085877
23-01-2026 10:05||NIFTY27JAN2624100PE,0.2119428214987728
23-01-2026 10:05||NIFTY27JAN2624600PE,0.1512722865228105
23-01-2026 10:05||NIFTY27JAN2624800PE,0.1320036693105847
23-01-2026 10:05||NIFTY27JAN2626200CE,0.1504321374583301
23-01-2026 10:10||NIFTY27JAN2623800PE,0.2491295047305863
23-01-2026 10:10||NIFTY27JAN2624000PE,0.2237236457570766
23-01-2026 10:10||NIFTY27JAN2624400PE,0.173578514270117
23-01-2026 10:10||NIFTY27JAN2624600PE,0.1495073373359585
23-01-2026 10:10||NIFTY27JAN2624800PE,0.1301885181004975
23-01-2026 10:10||NIFTY27JAN2625300CE,0.1064519762636926
23-01-2026 10:15||NIFTY27JAN2624700PE,0.1422416396259554
23-01-2026 10:15||NIFTY27JAN2625700CE,0.1026941926302004
23-01-2026 10:15||NIFTY27JAN2625900CE,0.1185829455858384
23-01-2026 10:15||NIFTY27JAN2626000CE,0.1297128353979099
23-01-2026 10:15||NIFTY27JAN2626400CE,0.1740748580020325
23-01-2026 10:20||NIFTY27JAN2625700CE,0.1080797517017218
23-01-2026 10:20||NIFTY27JAN2625800CE,0.114016358678351
23-01-2026 10:20||NIFTY27JAN2626100CE,0.1435117241910819
23-01-2026 10:20||NIFTY27JAN2626500CE,0.1859737428246134
23-01-2026 10:25||NIFTY27JAN2623800PE,0.2481689519543412
23-01-2026 10:25||NIFTY27JAN2624400PE,0.1696180429573222
23-01-2026 10:25||NIFTY27JAN2624600PE,0.1445858535920348
23-01-2026 10:25||NIFTY27JAN2625100PE,0.0992107785250264
23-01-2026 10:25||NIFTY27JAN2625400CE,0.1149384054818584
23-01-2026 10:25||NIFTY27JAN2626000CE,0.1314210385134084
23-01-2026 10:30||NIFTY27JAN2624100PE,0.2130245020015203
23-01-2026 10:30||NIFTY27JAN2624400PE,0.1750524999230149
23-01-2026 10:30||NIFTY27JAN2624600PE,0.1499011483082936
23-01-2026 10:30||NIFTY27JAN2625100PE,0.1056191417941237
23-01-2026 10:35||NIFTY27JAN2624000PE,0.2275186553977149
23-01-2026 10:35||NIFTY27JAN2624100PE,0.2148601647717567
23-01-2026 10:35||NIFTY27JAN2624200PE,0.2022540904061517
23-01-2026 10:35||NIFTY27JAN2624500PE,0.1643791733976767
23-01-2026 10:35||NIFTY27JAN2624900PE,0.1243693875082322
23-01-2026 10:35||NIFTY27JAN2625100PE,0.1088815881730406
23-01-2026 10:35||NIFTY27JAN2625600CE,0.0984368847704182
23-01-2026 10:40||NIFTY27JAN2624000PE,0.2255537707574383
23-01-2026 10:40||NIFTY27JAN2624600PE,0.1505867885539594
23-01-2026 10:40||NIFTY27JAN2624800PE,0.1301568245475212
23-01-2026 10:40||NIFTY27JAN2625300CE,0.1064854051133567
23-01-2026 10:40||NIFTY27JAN2625800CE,0.1070433527466116
23-01-2026 10:45||NIFTY27JAN2624100PE,0.2131937551114104
23-01-2026 10:45||NIFTY27JAN2625100PE,0.1105768663389659
23-01-2026 10:45||NIFTY27JAN2625900CE,0.1140707722523823
23-01-2026 10:45||NIFTY27JAN2626200CE,0.1481074714286067
23-01-2026 10:45||NIFTY27JAN2626500CE,0.1797623061482165
23-01-2026 10:50||NIFTY27JAN2623900PE,0.2371088179152379
23-01-2026 10:50||NIFTY27JAN2625400CE,0.1004949212467224
23-01-2026 10:50||NIFTY27JAN2625700CE,0.1015874124700663
23-01-2026 10:50||NIFTY27JAN2626200CE,0.1488270114491446
23-01-2026 10:50||NIFTY27JAN2626300CE,0.1596924722777905
23-01-2026 10:50||NIFTY27JAN2626400CE,0.1705166978618054
23-01-2026 10:55||NIFTY27JAN2623800PE,0.2499747171411203
23-01-2026 10:55||NIFTY27JAN2624600PE,0.1473562600972194
23-01-2026 10:55||NIFTY27JAN2624900PE,0.1181941164231661
23-01-2026 10:55||NIFTY27JAN2626200CE,0.1505672233364009
23-01-2026 11:00||NIFTY27JAN2625100PE,0.1069073054618909
23-01-2026 11:00||NIFTY27JAN2625400CE,0.0955728247975302
23-01-2026 11:00||NIFTY27JAN2625800CE,0.1071615988787706
23-01-2026 11:00||NIFTY27JAN2626100CE,0.1395025287907519
23-01-2026 11:05||NIFTY27JAN2624200PE,0.1966737602559025
23-01-2026 11:05||NIFTY27JAN2625600CE,0.1020212037097408
23-01-2026 11:05||NIFTY27JAN2625700CE,0.1048911746279698
23-01-2026 11:05||NIFTY27JAN2626200CE,0.1523373187564802
23-01-2026 11:05||NIFTY27JAN2626500CE,0.186327731468111
23-01-2026 11:10||NIFTY27JAN2624000PE,0.2229698423418559
23-01-2026 11:10||NIFTY27JAN2624100PE,0.2101233237477771
23-01-2026 11:10||NIFTY27JAN2625300CE,0.1021767687532708
23-01-2026 11:10||NIFTY27JAN2626300CE,0.1621719202049098
23-01-2026 11:15||NIFTY27JAN2624200PE,0.1964246486881831
23-01-2026 11:15||NIFTY27JAN2624800PE,0.1287914728235823
23-01-2026 11:15||NIFTY27JAN2624900PE,0.1208848915169653
23-01-2026 11:15||NIFTY27JAN2625300CE,0.0949602055663731
23-01-2026 11:15||NIFTY27JAN2625400CE,0.0945719487873677
23-01-2026 11:15||NIFTY27JAN2625500CE,0.0941852175792074
23-01-2026 11:15||NIFTY27JAN2625700CE,0.0994509727903344
23-01-2026 11:15||NIFTY27JAN2626300CE,0.1624663023326982
23-01-2026 11:20||NIFTY27JAN2624100PE,0.2072782468111964
23-01-2026 11:20||NIFTY27JAN2624400PE,0.1692889036154691
23-01-2026 11:20||NIFTY27JAN2624800PE,0.1236414112399495
23-01-2026 11:20||NIFTY27JAN2625100PE,0.0997294212359852
23-01-2026 11:20||NIFTY27JAN2626000CE,0.130087528901699
23-01-2026 11:20||NIFTY27JAN2626300CE,0.16437106468954
23-01-2026 11:25||NIFTY27JAN2623800PE,0.2459245020977002
23-01-2026 11:25||NIFTY27JAN2623900PE,0.2335213571426508
23-01-2026 11:25||NIFTY27JAN2624900PE,0.1146984838913453
23-01-2026 11:25||NIFTY27JAN2625200CE,0.1057562376661258
23-01-2026 11:25||NIFTY27JAN2625800CE,0.1085865116692502
23-01-2026 11:25||NIFTY27JAN2626400CE,0.1743491667125012
23-01-2026 11:30||NIFTY27JAN2624700PE,0.1375352529824914
23-01-2026 11:30||NIFTY27JAN2624900PE,0.1209927891275196
23-01-2026 11:30||NIFTY27JAN2625000PE,0.1142128617385446
23-01-2026 11:30||NIFTY27JAN2625500CE,0.0910230980471563
23-01-2026 11:30||NIFTY27JAN2625800CE,0.10651779074222
23-01-2026 11:30||NIFTY27JAN2626000CE,0.1275778365947653
23-01-2026 11:30||NIFTY27JAN2626200CE,0.1513276622687643
23-01-2026 11:30||NIFTY27JAN2626400CE,0.1739904356549297
23-01-2026 11:35||NIFTY27JAN2624900PE,0.1215270481579547
23-01-2026 11:35||NIFTY27JAN2625400CE,0.0919506496079773
23-01-2026 11:35||NIFTY27JAN2626000CE,0.1317381442878309
23-01-2026 11:40||NIFTY27JAN2623900PE,0.2267639329783352
23-01-2026 11:40||NIFTY27JAN2624300PE,0.1763093106270794
23-01-2026 11:40||NIFTY27JAN2624900PE,0.116121797153264
23-01-2026 11:40||NIFTY27JAN2625500CE,0.0986388725589454
23-01-2026 11:40||NIFTY27JAN2626300CE,0.17350466734777
23-01-2026 11:40||NIFTY27JAN2626500CE,0.1941162953845667
23-01-2026 11:45||NIFTY27JAN2625300CE,0.0968262747068764
23-01-2026 11:45||NIFTY27JAN2626100CE,0.1538769444981343
23-01-2026 11:45||NIFTY27JAN2626400CE,0.1863497348956778
23-01-2026 11:50||NIFTY27JAN2624100PE,0.1949274791741388
23-01-2026 11:50||NIFTY27JAN2624500PE,0.1470622958553262
23-01-2026 11:50||NIFTY27JAN2625400CE,0.107701573779949
23-01-2026 11:50||NIFTY27JAN2625500CE,0.1081015696627848
23-01-2026 11:50||NIFTY27JAN2625700CE,0.1153032101500657
23-01-2026 11:55||NIFTY27JAN2624800PE,0.1204099898786793
23-01-2026 11:55||NIFTY27JAN2625100PE,0.1016027545515761
23-01-2026 11:55||NIFTY27JAN2625700CE,0.1127836576220121
23-01-2026 11:55||NIFTY27JAN2626200CE,0.1644258302032471
23-01-2026 11:55||NIFTY27JAN2626500CE,0.195302154919122
23-01-2026 12:00||NIFTY27JAN2624000PE,0.2107483853396564
23-01-2026 12:00||NIFTY27JAN2624300PE,0.1723937653580505
23-01-2026 12:00||NIFTY27JAN2624800PE,0.1188043144736232
23-01-2026 12:00||NIFTY27JAN2625200CE,0.1065970495233425
23-01-2026 12:00||NIFTY27JAN2625800CE,0.1216309815169465
23-01-2026 12:00||NIFTY27JAN2625900CE,0.1322108759620976
23-01-2026 12:00||NIFTY27JAN2626400CE,0.1861907765648358
23-01-2026 12:05||NIFTY27JAN2624600PE,0.1392860670210271
23-01-2026 12:05||NIFTY27JAN2625300CE,0.0979664669928661
23-01-2026 12:05||NIFTY27JAN2625400CE,0.0987597920959389
23-01-2026 12:05||NIFTY27JAN2626400CE,0.1869014394452085
23-01-2026 12:10||NIFTY27JAN2623900PE,0.2198198695558985
23-01-2026 12:10||NIFTY27JAN2624000PE,0.2070333515035754
23-01-2026 12:10||NIFTY27JAN2625000PE,0.1071698399729064
23-01-2026 12:10||NIFTY27JAN2625700CE,0.1151445525659044
23-01-2026 12:10||NIFTY27JAN2626200CE,0.1680054866909627
23-01-2026 12:10||NIFTY27JAN2626500CE,0.1987820036900282
23-01-2026 12:15||NIFTY27JAN2625500CE,0.1095659117670428
23-01-2026 12:15||NIFTY27JAN2626100CE,0.1561158142271697
23-01-2026 12:15||NIFTY27JAN2626300CE,0.1774048194393909
23-01-2026 12:20||NIFTY27JAN2624200PE,0.1858442974475141
23-01-2026 12:20||NIFTY27JAN2625200CE,0.089105153753324
23-01-2026 12:20||NIFTY27JAN2625300CE,0.0927276885173278
23-01-2026 12:20||NIFTY27JAN2625400CE,0.0963359331662316
23-01-2026 12:20||NIFTY27JAN2625800CE,0.1189596318321012
23-01-2026 12:20||NIFTY27JAN2626100CE,0.1528264847268948
23-01-2026 12:25||NIFTY27JAN2624300PE,0.1708838888151895
23-01-2026 12:25||NIFTY27JAN2624500PE,0.1468471331709286
23-01-2026 12:25||NIFTY27JAN2624600PE,0.1355205917933569
23-01-2026 12:25||NIFTY27JAN2624900PE,0.1087011947420058
23-01-2026 12:25||NIFTY27JAN2625400CE,0.1042935137756881
23-01-2026 12:25||NIFTY27JAN2625600CE,0.1073323925969254
23-01-2026 12:25||NIFTY27JAN2626400CE,0.1872351042147428
23-01-2026 12:30||NIFTY27JAN2623800PE,0.2355357653622141
23-01-2026 12:30||NIFTY27JAN2624100PE,0.1962177121596731
23-01-2026 12:30||NIFTY27JAN2624200PE,0.1836078563031994
23-01-2026 12:30||NIFTY27JAN2624500PE,0.1455796631949548
23-01-2026 12:30||NIFTY27JAN2625900CE,0.1317471139545578
23-01-2026 12:30||NIFTY27JAN2626100CE,0.1542689642909478
23-01-2026 12:30||NIFTY27JAN2626200CE,0.1653155232611692
23-01-2026 12:35||NIFTY27JAN2624100PE,0.1966281638234068
23-01-2026 12:35||NIFTY27JAN2624400PE,0.1577734015648837
23-01-2026 12:35||NIFTY27JAN2625100PE,0.0900492615549213
23-01-2026 12:35||NIFTY27JAN2625300CE,0.1092706323866757
23-01-2026 12:35||NIFTY27JAN2626100CE,0.1539111494770324
23-01-2026 12:40||NIFTY27JAN2624500PE,0.1446775433038745
23-01-2026 12:40||NIFTY27JAN2624600PE,0.1326343431869921
23-01-2026 12:40||NIFTY27JAN2624900PE,0.1037295481512344
23-01-2026 12:40||NIFTY27JAN2625300CE,0.1101501580771403
23-01-2026 12:45||NIFTY27JAN2623800PE,0.236073371594546
23-01-2026 12:45||NIFTY27JAN2623900PE,0.2237609813586802
23-01-2026 12:45||NIFTY27JAN2624600PE,0.138153851567771
23-01-2026 12:45||NIFTY27JAN2625900CE,0.1245115830652076
23-01-2026 12:50||NIFTY27JAN2623800PE,0.2354778198755593
23-01-2026 12:50||NIFTY27JAN2624400PE,0.1568018236916139
23-01-2026 12:50||NIFTY27JAN2624800PE,0.1104814314012945
23-01-2026 12:50||NIFTY27JAN2625300CE,0.1120228556996037
23-01-2026 12:50||NIFTY27JAN2625600CE,0.1096579962027545
23-01-2026 12:50||NIFTY27JAN2625700CE,0.1142679494895266
23-01-2026 12:50||NIFTY27JAN2626000CE,0.1404418269768912
23-01-2026 12:50||NIFTY27JAN2626400CE,0.1859505492915644
23-01-2026 12:55||NIFTY27JAN2624200PE,0.1873330784357805
23-01-2026 12:55||NIFTY27JAN2625400CE,0.0925535630013304
23-01-2026 12:55||NIFTY27JAN2625600CE,0.099655322291876
23-01-2026 12:55||NIFTY27JAN2625800CE,0.1159563275727812
23-01-2026 12:55||NIFTY27JAN2626400CE,0.1842902841394155
23-01-2026 13:00||NIFTY27JAN2624900PE,0.1042494879101086
23-01-2026 13:00||NIFTY27JAN2625700CE,0.1134502626844279
23-01-2026 13:00||NIFTY27JAN2626000CE,0.1445671827469987
23-01-2026 13:05||NIFTY27JAN2623800PE,0.2316405661855874
23-01-2026 13:05||NIFTY27JAN2625200CE,0.1020651089242201
23-01-2026 13:05||NIFTY27JAN2625900CE,0.1331275386660371
23-01-2026 13:10||NIFTY27JAN2623900PE,0.2204642974158703
23-01-2026 13:10||NIFTY27JAN2624000PE,0.2079610196298317
23-01-2026 13:10||NIFTY27JAN2624100PE,0.1955097306749346
23-01-2026 13:10||NIFTY27JAN2624700PE,0.1213050707957586
23-01-2026 13:10||NIFTY27JAN2625100PE,0.0908664671363065
23-01-2026 13:10||NIFTY27JAN2625800CE,0.1213812403632605
23-01-2026 13:10||NIFTY27JAN2626000CE,0.1440475096708824
23-01-2026 13:15||NIFTY27JAN2623800PE,0.2277080923838042
23-01-2026 13:15||NIFTY27JAN2624200PE,0.1796084400070572
23-01-2026 13:15||NIFTY27JAN2625300CE,0.0951820158155254
23-01-2026 13:15||NIFTY27JAN2625600CE,0.1082741797235608
23-01-2026 13:15||NIFTY27JAN2625900CE,0.1380046433448469
23-01-2026 13:15||NIFTY27JAN2626000CE,0.1495745288008818
23-01-2026 13:20||NIFTY27JAN2624700PE,0.1226548638334864
23-01-2026 13:20||NIFTY27JAN2624800PE,0.115618273749512
23-01-2026 13:20||NIFTY27JAN2625700CE,0.122473492264562
23-01-2026 13:20||NIFTY27JAN2626200CE,0.177141832114077
23-01-2026 13:20||NIFTY27JAN2626500CE,0.2102189791081393
23-01-2026 13:25||NIFTY27JAN2624100PE,0.1875026347762455
23-01-2026 13:25||NIFTY27JAN2624500PE,0.1388073468758759
23-01-2026 13:25||NIFTY27JAN2625000PE,0.1028722199792532
23-01-2026 13:25||NIFTY27JAN2625400CE,0.1036476575000968
23-01-2026 13:30||NIFTY27JAN2624700PE,0.1293741985535709
23-01-2026 13:30||NIFTY27JAN2624800PE,0.1238209256592549
23-01-2026 13:30||NIFTY27JAN2625000PE,0.1163461199896532
23-01-2026 13:30||NIFTY27JAN2625400CE,0.110339251992405
23-01-2026 13:30||NIFTY27JAN2625700CE,0.1324593774808035
23-01-2026 13:30||NIFTY27JAN2626000CE,0.1659171250545488
23-01-2026 13:35||NIFTY27JAN2623900PE,0.2087686087096064
23-01-2026 13:35||NIFTY27JAN2624100PE,0.1838143982667829
23-01-2026 13:35||NIFTY27JAN2624900PE,0.1112218875283933
23-01-2026 13:35||NIFTY27JAN2625600CE,0.1247408105870835
23-01-2026 13:35||NIFTY27JAN2626000CE,0.1670017308228079
23-01-2026 13:35||NIFTY27JAN2626200CE,0.1897768989081323
23-01-2026 13:35||NIFTY27JAN2626500CE,0.2218509450863667
23-01-2026 13:40||NIFTY27JAN2623900PE,0.213029801181705
23-01-2026 13:40||NIFTY27JAN2624600PE,0.1371251219102435
23-01-2026 13:40||NIFTY27JAN2624900PE,0.1220906124380047
23-01-2026 13:40||NIFTY27JAN2625700CE,0.1348583000931666
23-01-2026 13:40||NIFTY27JAN2625800CE,0.1455648591099737
23-01-2026 13:40||NIFTY27JAN2626300CE,0.2008555608860444
23-01-2026 13:45||NIFTY27JAN2623900PE,0.2064182783946661
23-01-2026 13:45||NIFTY27JAN2624000PE,0.1940484221662588
23-01-2026 13:45||NIFTY27JAN2624500PE,0.1358964738158879
23-01-2026 13:45||NIFTY27JAN2624600PE,0.1268599071076488
23-01-2026 13:45||NIFTY27JAN2625000PE,0.1017965699775198
23-01-2026 13:45||NIFTY27JAN2625300CE,0.1142847628582514
23-01-2026 13:45||NIFTY27JAN2626100CE,0.1831360441127897
23-01-2026 13:45||NIFTY27JAN2626300CE,0.2052361312296243
23-01-2026 13:50||NIFTY27JAN2624000PE,0.1945939582579804
23-01-2026 13:50||NIFTY27JAN2624500PE,0.1350494081060891
23-01-2026 13:50||NIFTY27JAN2625100PE,0.0967961277874326
23-01-2026 13:50||NIFTY27JAN2626400CE,0.2175856913373586
23-01-2026 13:55||NIFTY27JAN2625500CE,0.1230312157150218
23-01-2026 13:55||NIFTY27JAN2625700CE,0.1390398965400892
23-01-2026 13:55||NIFTY27JAN2625800CE,0.1492997933812263
23-01-2026 13:55||NIFTY27JAN2626400CE,0.2158877228584748
23-01-2026 13:55||NIFTY27JAN2626500CE,0.2269434882525008
23-01-2026 14:00||NIFTY27JAN2624200PE,0.1689858610998283
23-01-2026 14:00||NIFTY27JAN2624300PE,0.1566826672470235
23-01-2026 14:00||NIFTY27JAN2625300CE,0.1180162272117484
23-01-2026 14:00||NIFTY27JAN2625400CE,0.1216082286381586
23-01-2026 14:00||NIFTY27JAN2625500CE,0.125186116073655
23-01-2026 14:00||NIFTY27JAN2625800CE,0.1477455523770415
23-01-2026 14:05||NIFTY27JAN2624200PE,0.1708180061215249
23-01-2026 14:05||NIFTY27JAN2624800PE,0.1118523285946944
23-01-2026 14:05||NIFTY27JAN2626300CE,0.2005615399758567
23-01-2026 14:10||NIFTY27JAN2623900PE,0.2085697384200156
23-01-2026 14:10||NIFTY27JAN2625800CE,0.147185629896616
23-01-2026 14:10||NIFTY27JAN2626400CE,0.2130365246726854
23-01-2026 14:15||NIFTY27JAN2625000PE,0.1139071199923199
23-01-2026 14:15||NIFTY27JAN2625400CE,0.108335659476356
23-01-2026 14:15||NIFTY27JAN2626400CE,0.2065062784599748
23-01-2026 14:20||NIFTY27JAN2624100PE,0.1850276244027716
23-01-2026 14:20||NIFTY27JAN2624800PE,0.1158503225544205
23-01-2026 14:20||NIFTY27JAN2625400CE,0.1128993897880366
23-01-2026 14:20||NIFTY27JAN2625600CE,0.1257908496496829
23-01-2026 14:20||NIFTY27JAN2625800CE,0.1448712403632605
23-01-2026 14:20||NIFTY27JAN2626400CE,0.2102879885137633
23-01-2026 14:20||NIFTY27JAN2626500CE,0.2212742832096222
23-01-2026 14:25||NIFTY27JAN2624200PE,0.1667773243014029
23-01-2026 14:25||NIFTY27JAN2624400PE,0.1419164524820132
23-01-2026 14:25||NIFTY27JAN2624500PE,0.1304699134696612
23-01-2026 14:25||NIFTY27JAN2625200CE,0.1128608514612804
23-01-2026 14:25||NIFTY27JAN2626200CE,0.1872486124824093
23-01-2026 14:25||NIFTY27JAN2626300CE,0.1983946015758798
23-01-2026 14:25||NIFTY27JAN2626400CE,0.2094982907987629
23-01-2026 14:30||NIFTY27JAN2624600PE,0.1227303657995838
23-01-2026 14:30||NIFTY27JAN2625700CE,0.1339435895410723
23-01-2026 14:35||NIFTY27JAN2623900PE,0.2109238702166454
23-01-2026 14:35||NIFTY27JAN2624500PE,0.1341470407525769
23-01-2026 14:35||NIFTY27JAN2624700PE,0.1154398886226855
23-01-2026 14:35||NIFTY27JAN2625400CE,0.1107515256074091
23-01-2026 14:35||NIFTY27JAN2625600CE,0.1215445898808541
23-01-2026 14:35||NIFTY27JAN2625800CE,0.1395835990461003
23-01-2026 14:35||NIFTY27JAN2625900CE,0.1501262556338067
23-01-2026 14:35||NIFTY27JAN2626000CE,0.1606282853131075
23-01-2026 14:35||NIFTY27JAN2626300CE,0.194372053285078
23-01-2026 14:40||NIFTY27JAN2623900PE,0.2129980856955282
23-01-2026 14:40||NIFTY27JAN2624300PE,0.1614861111600078
23-01-2026 14:40||NIFTY27JAN2624400PE,0.1491929160514714
23-01-2026 14:40||NIFTY27JAN2625000PE,0.0997725651907974
23-01-2026 14:40||NIFTY27JAN2625100PE,0.0941875154104675
23-01-2026 14:40||NIFTY27JAN2625200CE,0.1011134851054277
23-01-2026 14:40||NIFTY27JAN2625700CE,0.1324951892518341
23-01-2026 14:40||NIFTY27JAN2625800CE,0.1424017563122172
23-01-2026 14:40||NIFTY27JAN2626400CE,0.2060256345190416
23-01-2026 14:45||NIFTY27JAN2624400PE,0.1492922847724757
23-01-2026 14:45||NIFTY27JAN2624700PE,0.1213814068454566
23-01-2026 14:45||NIFTY27JAN2625100PE,0.1037228144053611
23-01-2026 14:45||NIFTY27JAN2625400CE,0.1090649901832886
23-01-2026 14:45||NIFTY27JAN2625600CE,0.1231676172323033
23-01-2026 14:45||NIFTY27JAN2626000CE,0.1630143365861355
23-01-2026 14:45||NIFTY27JAN2626200CE,0.1848073950925434
23-01-2026 14:50||NIFTY27JAN2623800PE,0.2179220756239624
23-01-2026 14:50||NIFTY27JAN2624500PE,0.1304014591183089
23-01-2026 14:50||NIFTY27JAN2624800PE,0.1033472378686422
23-01-2026 14:50||NIFTY27JAN2625200CE,0.1063652560378288
23-01-2026 14:50||NIFTY27JAN2625300CE,0.1117783046711829
23-01-2026 14:50||NIFTY27JAN2625500CE,0.1225405098308594
23-01-2026 14:55||NIFTY27JAN2623900PE,0.2109868723028662
23-01-2026 14:55||NIFTY27JAN2624400PE,0.147030358537575
23-01-2026 14:55||NIFTY27JAN2625200CE,0.1010254257045503
23-01-2026 14:55||NIFTY27JAN2625900CE,0.1501706950321132
23-01-2026 14:55||NIFTY27JAN2626200CE,0.18280250005463
23-01-2026 15:00||NIFTY27JAN2623900PE,0.2100545605952292
23-01-2026 15:00||NIFTY27JAN2624100PE,0.1846876036558241
23-01-2026 15:00||NIFTY27JAN2624300PE,0.1590444032199332
23-01-2026 15:00||NIFTY27JAN2624600PE,0.1255207926300275
23-01-2026 15:05||NIFTY27JAN2623900PE,0.2074652928149388
23-01-2026 15:05||NIFTY27JAN2624800PE,0.1198631653040595
23-01-2026 15:05||NIFTY27JAN2626200CE,0.1930573950925431
23-01-2026 15:10||NIFTY27JAN2623800PE,0.2181843476066128
23-01-2026 15:10||NIFTY27JAN2624000PE,0.1928286978405606
23-01-2026 15:10||NIFTY27JAN2624200PE,0.1673434296764495
23-01-2026 15:10||NIFTY27JAN2624600PE,0.1226214633635822
23-01-2026 15:10||NIFTY27JAN2625000PE,0.0998277899807731
23-01-2026 15:10||NIFTY27JAN2625300CE,0.1137260079207819
23-01-2026 15:10||NIFTY27JAN2625700CE,0.1406851848758373
23-01-2026 15:10||NIFTY27JAN2626100CE,0.1837066859443776
23-01-2026 15:10||NIFTY27JAN2626200CE,0.1949103634244791
23-01-2026 15:10||NIFTY27JAN2626300CE,0.2060713601250338
23-01-2026 15:15||NIFTY27JAN2624100PE,0.1820637314834863
23-01-2026 15:15||NIFTY27JAN2624200PE,0.1684938866006671
23-01-2026 15:15||NIFTY27JAN2625000PE,0.1041957999887999
23-01-2026 15:20||NIFTY27JAN2623800PE,0.2203398266960091
23-01-2026 15:20||NIFTY27JAN2623900PE,0.2067064511031418
23-01-2026 15:20||NIFTY27JAN2624800PE,0.1032865423157904
23-01-2026 15:20||NIFTY27JAN2625400CE,0.1218255367454475
23-01-2026 15:20||NIFTY27JAN2625500CE,0.1274688119924558
23-01-2026 15:20||NIFTY27JAN2625700CE,0.1430793969361055
23-01-2026 15:20||NIFTY27JAN2625900CE,0.1639660714809253
23-01-2026 15:20||NIFTY27JAN2626200CE,0.1965874332605744
23-01-2026 15:25||NIFTY27JAN2624500PE,0.1290088870911613
23-01-2026 15:25||NIFTY27JAN2624600PE,0.1181123409571761
23-01-2026 15:25||NIFTY27JAN2625700CE,0.1413348930463066
27-01-2026 09:15||NIFTY27JAN2626200CE,0.6652904486807516
27-01-2026 09:15||NIFTY27JAN2626400CE,0.7544999510961075
27-01-2026 09:15||NIFTY27JAN2626500CE,0.7988515843950234
27-01-2026 09:20||NIFTY27JAN2624400PE,0.4366905018126327
27-01-2026 09:20||NIFTY27JAN2624900PE,0.4014198695447645
27-01-2026 09:20||NIFTY27JAN2625100PE,0.4260907884857742
27-01-2026 09:20||NIFTY27JAN2625400CE,0.4168601621923432
27-01-2026 09:20||NIFTY27JAN2625500CE,0.4526491446014629
27-01-2026 09:20||NIFTY27JAN2625600CE,0.4882980523571124
27-01-2026 09:20||NIFTY27JAN2625700CE,0.5238079776634854
27-01-2026 09:20||NIFTY27JAN2626500CE,0.8933813039451777
27-01-2026 09:25||NIFTY27JAN2623900PE,0.6538325520169223
27-01-2026 09:25||NIFTY27JAN2624600PE,0.3450130283534607
27-01-2026 09:25||NIFTY27JAN2625100PE,0.2649129343790681
27-01-2026 09:25||NIFTY27JAN2625500CE,0.4607089413531752
27-01-2026 09:25||NIFTY27JAN2625900CE,0.6349445272743095
27-01-2026 09:25||NIFTY27JAN2626500CE,0.9214413417524538
27-01-2026 09:30||NIFTY27JAN2624400PE,0.4026549894741248
27-01-2026 09:30||NIFTY27JAN2624800PE,0.2776257863087508
27-01-2026 09:30||NIFTY27JAN2624900PE,0.2550726964602812
27-01-2026 09:30||NIFTY27JAN2625400CE,0.4440672638499596
27-01-2026 09:30||NIFTY27JAN2625600CE,0.4988548537187044
27-01-2026 09:30||NIFTY27JAN2625800CE,0.5876778781395325
27-01-2026 09:30||NIFTY27JAN2626100CE,0.7395867914367862
27-01-2026 09:30||NIFTY27JAN2626400CE,0.8802885702756031
27-01-2026 09:35||NIFTY27JAN2623800PE,0.7435712584500992
27-01-2026 09:35||NIFTY27JAN2624500PE,0.4001371221910919
27-01-2026 09:35||NIFTY27JAN2625700CE,0.4905903601123419
27-01-2026 09:35||NIFTY27JAN2626200CE,0.7234047425843069
27-01-2026 09:45||NIFTY27JAN2623800PE,0.8211296633845979
27-01-2026 09:45||NIFTY27JAN2624000PE,0.7237740101244491
27-01-2026 09:45||NIFTY27JAN2624500PE,0.4827338364676828
27-01-2026 09:45||NIFTY27JAN2625000PE,0.3217989998373325
27-01-2026 09:45||NIFTY27JAN2625600CE,0.3720471681141367
27-01-2026 09:45||NIFTY27JAN2626200CE,0.6410233132343143
27-01-2026 09:45||NIFTY27JAN2626300CE,0.691702822900935
27-01-2026 09:50||NIFTY27JAN2623800PE,0.824857652628012
27-01-2026 09:50||NIFTY27JAN2624200PE,0.6285662083965345
27-01-2026 09:50||NIFTY27JAN2624800PE,0.3853566325195918
27-01-2026 09:50||NIFTY27JAN2624900PE,0.3630135404039709
27-01-2026 09:50||NIFTY27JAN2626300CE,0.6971207891800989
27-01-2026 09:55||NIFTY27JAN2624100PE,0.677688371063316
27-01-2026 09:55||NIFTY27JAN2624700PE,0.4093783249686037
27-01-2026 09:55||NIFTY27JAN2624800PE,0.3900152023737166
27-01-2026 09:55||NIFTY27JAN2625000PE,0.3542721499123996
27-01-2026 09:55||NIFTY27JAN2625700CE,0.4093824126845564
27-01-2026 09:55||NIFTY27JAN2626000CE,0.5627227213947776
27-01-2026 09:55||NIFTY27JAN2626200CE,0.6629442941220756
27-01-2026 10:00||NIFTY27JAN2624000PE,0.733908166372007
27-01-2026 10:00||NIFTY27JAN2625300CE,0.3246274434982315
27-01-2026 10:00||NIFTY27JAN2625400CE,0.3248241081246235
27-01-2026 10:00||NIFTY27JAN2625600CE,0.3644618849611545
27-01-2026 10:00||NIFTY27JAN2625800CE,0.4570180332037164
27-01-2026 10:00||NIFTY27JAN2626100CE,0.6120382761025165
27-01-2026 10:00||NIFTY27JAN2626400CE,0.7517118022520315
27-01-2026 10:00||NIFTY27JAN2626500CE,0.7956966785772742
27-01-2026 10:05||NIFTY27JAN2623800PE,0.8334741519545482
27-01-2026 10:05||NIFTY27JAN2623900PE,0.7831119353441827
27-01-2026 10:05||NIFTY27JAN2624100PE,0.6830165972136517
27-01-2026 10:05||NIFTY27JAN2626400CE,0.7611262123034622
27-01-2026 10:10||NIFTY27JAN2624200PE,0.607878429434547
27-01-2026 10:10||NIFTY27JAN2624900PE,0.3030516363758539
27-01-2026 10:10||NIFTY27JAN2625300CE,0.3828163141024793
27-01-2026 10:10||NIFTY27JAN2625600CE,0.39449022477525
27-01-2026 10:15||NIFTY27JAN2625800CE,0.4624706107045128
27-01-2026 10:20||NIFTY27JAN2623900PE,0.8258708051644891
27-01-2026 10:20||NIFTY27JAN2624500PE,0.5195042588333192
27-01-2026 10:20||NIFTY27JAN2624600PE,0.4698814744048589
27-01-2026 10:20||NIFTY27JAN2624800PE,0.3904345865298361
27-01-2026 10:20||NIFTY27JAN2625000PE,0.3316473498462655
27-01-2026 10:20||NIFTY27JAN2625400CE,0.3079445472558417
27-01-2026 10:20||NIFTY27JAN2625800CE,0.4416035467708953
27-01-2026 10:25||NIFTY27JAN2624600PE,0.4694909448904545
27-01-2026 10:25||NIFTY27JAN2624900PE,0.3948567368718159
27-01-2026 10:25||NIFTY27JAN2626000CE,0.5543941637060259
27-01-2026 10:25||NIFTY27JAN2626300CE,0.713851533521071
27-01-2026 10:25||NIFTY27JAN2626400CE,0.7563611253489877
27-01-2026 10:30||NIFTY27JAN2624100PE,0.6982863171155126
27-01-2026 10:30||NIFTY27JAN2624800PE,0.3671755139517041
27-01-2026 10:30||NIFTY27JAN2625400CE,0.3267323819475842
27-01-2026 10:30||NIFTY27JAN2625600CE,0.3815797951375211
27-01-2026 10:30||NIFTY27JAN2625900CE,0.5341563998658346
27-01-2026 10:30||NIFTY27JAN2626200CE,0.6931068991023724
27-01-2026 10:35||NIFTY27JAN2624300PE,0.5976053058568123
27-01-2026 10:35||NIFTY27JAN2624400PE,0.5445892353033228
27-01-2026 10:35||NIFTY27JAN2624800PE,0.380346340593946
27-01-2026 10:35||NIFTY27JAN2625200CE,0.2507446782544881
27-01-2026 10:35||NIFTY27JAN2625300CE,0.2792285204214987
27-01-2026 10:35||NIFTY27JAN2625700CE,0.4327642415081767
27-01-2026 10:40||NIFTY27JAN2624400PE,0.5183936779950442
27-01-2026 10:40||NIFTY27JAN2625200CE,0.2453951283870869
27-01-2026 10:40||NIFTY27JAN2625700CE,0.4552435605978401
27-01-2026 10:40||NIFTY27JAN2626100CE,0.675751334847798
27-01-2026 10:40||NIFTY27JAN2626200CE,0.7257208476789966
27-01-2026 10:45||NIFTY27JAN2624000PE,0.7000303226137792
27-01-2026 10:45||NIFTY27JAN2624700PE,0.3539116193010292
27-01-2026 10:45||NIFTY27JAN2624900PE,0.3137473091490699
27-01-2026 10:45||NIFTY27JAN2625500CE,0.3986256472783473
27-01-2026 10:45||NIFTY27JAN2626200CE,0.7757147998363529
27-01-2026 10:45||NIFTY27JAN2626400CE,0.867544810808874
27-01-2026 10:50||NIFTY27JAN2623900PE,0.7697158612707344
27-01-2026 10:50||NIFTY27JAN2624000PE,0.7105298825071664
27-01-2026 10:50||NIFTY27JAN2624600PE,0.3994071339732017
27-01-2026 10:50||NIFTY27JAN2625000PE,0.3920134200891209
27-01-2026 10:50||NIFTY27JAN2625200CE,0.28946427951142
27-01-2026 10:50||NIFTY27JAN2625400CE,0.3725714765884353
27-01-2026 10:50||NIFTY27JAN2625700CE,0.525927169543748
27-01-2026 10:55||NIFTY27JAN2623900PE,0.7547137758260987
27-01-2026 10:55||NIFTY27JAN2624400PE,0.4695387087048407
27-01-2026 10:55||NIFTY27JAN2624900PE,0.3651205755045393
27-01-2026 10:55||NIFTY27JAN2625000PE,0.3752304672305772
27-01-2026 10:55||NIFTY27JAN2625300CE,0.361200439695465
27-01-2026 10:55||NIFTY27JAN2625400CE,0.3950667550199169
27-01-2026 10:55||NIFTY27JAN2625600CE,0.4844234280101245
27-01-2026 10:55||NIFTY27JAN2626400CE,0.92446672371615
27-01-2026 11:00||NIFTY27JAN2623800PE,0.8474619180715047
27-01-2026 11:00||NIFTY27JAN2623900PE,0.7766631532508546
27-01-2026 11:00||NIFTY27JAN2624300PE,0.51721041118509
27-01-2026 11:00||NIFTY27JAN2625200CE,0.2916407305424078
27-01-2026 11:00||NIFTY27JAN2625300CE,0.3424169301116
27-01-2026 11:00||NIFTY27JAN2625400CE,0.3929928285702549
27-01-2026 11:00||NIFTY27JAN2626300CE,0.8881905705845384
27-01-2026 11:05||NIFTY27JAN2623800PE,0.8059740675656736
27-01-2026 11:05||NIFTY27JAN2624100PE,0.6639507054575601
27-01-2026 11:05||NIFTY27JAN2624200PE,0.60061476278538
27-01-2026 11:05||NIFTY27JAN2624900PE,0.3179691465437289
27-01-2026 11:05||NIFTY27JAN2625300CE,0.3773704842821182
27-01-2026 11:05||NIFTY27JAN2625700CE,0.5467739691591856
27-01-2026 11:10||NIFTY27JAN2624200PE,0.610344927344236
27-01-2026 11:10||NIFTY27JAN2624400PE,0.4898622127570213
27-01-2026 11:10||NIFTY27JAN2624900PE,0.3105781324713375
27-01-2026 11:10||NIFTY27JAN2625300CE,0.3731217886333401
27-01-2026 11:10||NIFTY27JAN2625500CE,0.4391378335712776
27-01-2026 11:10||NIFTY27JAN2625800CE,0.6021229847790229
27-01-2026 11:10||NIFTY27JAN2626500CE,0.9882146687925284
27-01-2026 11:15||NIFTY27JAN2624300PE,0.5488942074497651
27-01-2026 11:15||NIFTY27JAN2625000PE,0.2813650502747148
27-01-2026 11:15||NIFTY27JAN2625100PE,0.2652646314585957
27-01-2026 11:15||NIFTY27JAN2626400CE,0.9332379074191424
27-01-2026 11:20||NIFTY27JAN2625300CE,0.3427578360799165
27-01-2026 11:20||NIFTY27JAN2626100CE,0.753748688017617
27-01-2026 11:25||NIFTY27JAN2623800PE,0.8628800093633489
27-01-2026 11:25||NIFTY27JAN2624000PE,0.7510339788309555
27-01-2026 11:25||NIFTY27JAN2624200PE,0.6366487393243252
27-01-2026 11:25||NIFTY27JAN2624900PE,0.2891070279700535
27-01-2026 11:25||NIFTY27JAN2625600CE,0.4780146193939699
27-01-2026 11:25||NIFTY27JAN2626500CE,0.981762078970421
27-01-2026 11:30||NIFTY27JAN2624200PE,0.6711288426304044
27-01-2026 11:30||NIFTY27JAN2625100PE,0.3263464472027875
27-01-2026 11:30||NIFTY27JAN2625600CE,0.446557383085589
27-01-2026 11:30||NIFTY27JAN2625900CE,0.6150879153260382
27-01-2026 11:30||NIFTY27JAN2626200CE,0.7955827579195036
27-01-2026 11:35||NIFTY27JAN2624000PE,0.7867819996874975
27-01-2026 11:35||NIFTY27JAN2624900PE,0.308871776965363
27-01-2026 11:35||NIFTY27JAN2625200CE,0.3221290295178114
27-01-2026 11:40||NIFTY27JAN2623800PE,0.9229070485173628
27-01-2026 11:40||NIFTY27JAN2624000PE,0.8088116454908706
27-01-2026 11:40||NIFTY27JAN2626000CE,0.6527872887260583
27-01-2026 11:40||NIFTY27JAN2626300CE,0.8143323006267285
27-01-2026 11:45||NIFTY27JAN2624300PE,0.6706792574498835
27-01-2026 11:45||NIFTY27JAN2624400PE,0.6100087034588983
27-01-2026 11:45||NIFTY27JAN2624500PE,0.5495862914862663
27-01-2026 11:45||NIFTY27JAN2626100CE,0.6697447991436816
27-01-2026 11:45||NIFTY27JAN2626400CE,0.824441146015426
27-01-2026 11:50||NIFTY27JAN2624700PE,0.4185125808011399
27-01-2026 11:50||NIFTY27JAN2624900PE,0.376317108372199
27-01-2026 11:50||NIFTY27JAN2625700CE,0.4736274711135461
27-01-2026 11:50||NIFTY27JAN2626000CE,0.6453787117818349
27-01-2026 11:55||NIFTY27JAN2623900PE,0.8880573803090879
27-01-2026 11:55||NIFTY27JAN2624000PE,0.8244514529174234
27-01-2026 11:55||NIFTY27JAN2624400PE,0.5574008129178192
27-01-2026 11:55||NIFTY27JAN2624500PE,0.4957448338521609
27-01-2026 11:55||NIFTY27JAN2624800PE,0.3606759776626377
27-01-2026 11:55||NIFTY27JAN2625200CE,0.3602011274289923
27-01-2026 11:55||NIFTY27JAN2625400CE,0.3902594685800646
27-01-2026 11:55||NIFTY27JAN2626500CE,0.9730687707146396
27-01-2026 12:00||NIFTY27JAN2624200PE,0.7054085781088686
27-01-2026 12:00||NIFTY27JAN2624300PE,0.6380660082339786
27-01-2026 12:00||NIFTY27JAN2624500PE,0.5127413466093176
27-01-2026 12:00||NIFTY27JAN2625100PE,0.2927218365983681
27-01-2026 12:00||NIFTY27JAN2625500CE,0.4104110981958174
27-01-2026 12:00||NIFTY27JAN2626100CE,0.7147257761575645
27-01-2026 12:00||NIFTY27JAN2626400CE,0.876661764253179
27-01-2026 12:00||NIFTY27JAN2626500CE,0.9258867160973192
27-01-2026 12:05||NIFTY27JAN2624500PE,0.5340582241516688
27-01-2026 12:05||NIFTY27JAN2624700PE,0.4343689066610561
27-01-2026 12:05||NIFTY27JAN2625100PE,0.3331563275484437
27-01-2026 12:05||NIFTY27JAN2625900CE,0.5964951450613079
27-01-2026 12:05||NIFTY27JAN2626500CE,0.9714286004625634
27-01-2026 12:10||NIFTY27JAN2624400PE,0.6034172230029506
27-01-2026 12:10||NIFTY27JAN2625700CE,0.4921075003091144
27-01-2026 12:10||NIFTY27JAN2626400CE,0.9042851896454844
27-01-2026 12:15||NIFTY27JAN2624500PE,0.5562747209777049
27-01-2026 12:15||NIFTY27JAN2624600PE,0.501861989533479
27-01-2026 12:15||NIFTY27JAN2626000CE,0.6754953271827604
27-01-2026 12:15||NIFTY27JAN2626200CE,0.7886714506522812
27-01-2026 12:20||NIFTY27JAN2624000PE,0.8759511038226365
27-01-2026 12:20||NIFTY27JAN2624200PE,0.7511100202627872
27-01-2026 12:20||NIFTY27JAN2625000PE,0.2936799197597848
27-01-2026 12:20||NIFTY27JAN2625300CE,0.3855322331553192
27-01-2026 12:20||NIFTY27JAN2625600CE,0.4568030373841295
27-01-2026 12:25||NIFTY27JAN2624100PE,0.837275705008822
27-01-2026 12:25||NIFTY27JAN2624700PE,0.4684864268835375
27-01-2026 12:25||NIFTY27JAN2625400CE,0.3347378151616549
27-01-2026 12:25||NIFTY27JAN2625900CE,0.6221758979589329
27-01-2026 12:30||NIFTY27JAN2625300CE,0.3532656719775658
27-01-2026 12:35||NIFTY27JAN2624100PE,0.8395592527368438
27-01-2026 12:35||NIFTY27JAN2624400PE,0.644666280321374
27-01-2026 12:35||NIFTY27JAN2624900PE,0.3918921283853708
27-01-2026 12:35||NIFTY27JAN2625100PE,0.3444028504238309
27-01-2026 12:35||NIFTY27JAN2625800CE,0.6026982948948786
27-01-2026 12:35||NIFTY27JAN2626100CE,0.7940787646950898
27-01-2026 12:40||NIFTY27JAN2624200PE,0.7787129851330293
27-01-2026 12:40||NIFTY27JAN2624700PE,0.4565466886298016
27-01-2026 12:40||NIFTY27JAN2624800PE,0.4179997547015761
27-01-2026 12:40||NIFTY27JAN2624900PE,0.3796079396392481
27-01-2026 12:40||NIFTY27JAN2625100PE,0.3032847072326254
27-01-2026 12:40||NIFTY27JAN2625200CE,0.3299109304085116
27-01-2026 12:40||NIFTY27JAN2625900CE,0.6826594098594679
27-01-2026 12:40||NIFTY27JAN2626000CE,0.7498887442768591
27-01-2026 12:40||NIFTY27JAN2626300CE,0.9366710934356284
27-01-2026 12:45||NIFTY27JAN2625200CE,0.2915250292464746
27-01-2026 12:45||NIFTY27JAN2625700CE,0.5649607007189121
27-01-2026 12:45||NIFTY27JAN2625900CE,0.6996653574667374
27-01-2026 12:45||NIFTY27JAN2626200CE,0.8876649525570391
27-01-2026 12:50||NIFTY27JAN2624600PE,0.4789739427147137
27-01-2026 12:50||NIFTY27JAN2625000PE,0.2723215235330765
27-01-2026 12:50||NIFTY27JAN2625100PE,0.2273931213037458
27-01-2026 12:50||NIFTY27JAN2625900CE,0.7267852222815754
27-01-2026 12:50||NIFTY27JAN2626200CE,0.9226299525934608
27-01-2026 12:50||NIFTY27JAN2626500CE,1.097233080791567
27-01-2026 12:55||NIFTY27JAN2623900PE,1.0289389944730825
27-01-2026 12:55||NIFTY27JAN2624000PE,0.9569498311842348
27-01-2026 12:55||NIFTY27JAN2625500CE,0.4543488279984007
27-01-2026 12:55||NIFTY27JAN2625600CE,0.5195414955450466
27-01-2026 12:55||NIFTY27JAN2625800CE,0.6497863181457431
27-01-2026 12:55||NIFTY27JAN2626200CE,0.9150824907675624
27-01-2026 13:00||NIFTY27JAN2624100PE,0.8817331738525309
27-01-2026 13:00||NIFTY27JAN2624500PE,0.5878185607901153
27-01-2026 13:00||NIFTY27JAN2625400CE,0.4005131695578617
27-01-2026 13:00||NIFTY27JAN2626000CE,0.796103086878914
27-01-2026 13:05||NIFTY27JAN2623900PE,1.0348203238164675
27-01-2026 13:05||NIFTY27JAN2624500PE,0.5848018158595435
27-01-2026 13:05||NIFTY27JAN2624800PE,0.3950097477257509
27-01-2026 13:10||NIFTY27JAN2624200PE,0.8346802268464872
27-01-2026 13:10||NIFTY27JAN2624500PE,0.6112553516398472
27-01-2026 13:10||NIFTY27JAN2624600PE,0.5424819857225058
27-01-2026 13:10||NIFTY27JAN2624700PE,0.4739876200280543
27-01-2026 13:15||NIFTY27JAN2624400PE,0.6959848970787866
27-01-2026 13:15||NIFTY27JAN2625000PE,0.3140245397454381
27-01-2026 13:15||NIFTY27JAN2625200CE,0.3784454056155329
27-01-2026 13:15||NIFTY27JAN2626300CE,1.063053536443436
27-01-2026 13:20||NIFTY27JAN2624000PE,1.010718457952712
27-01-2026 13:20||NIFTY27JAN2624200PE,0.8637669209950383
27-01-2026 13:20||NIFTY27JAN2624600PE,0.5368064223412573
27-01-2026 13:20||NIFTY27JAN2624900PE,0.3485176101934102
27-01-2026 13:20||NIFTY27JAN2625700CE,0.6324318291769007
27-01-2026 13:20||NIFTY27JAN2625900CE,0.7865769308669883
27-01-2026 13:25||NIFTY27JAN2623800PE,1.1579906295759184
27-01-2026 13:25||NIFTY27JAN2625100PE,0.2551186631767521
27-01-2026 13:25||NIFTY27JAN2625700CE,0.6380117416154205
27-01-2026 13:30||NIFTY27JAN2624100PE,1.007911731896637
27-01-2026 13:30||NIFTY27JAN2624300PE,0.8440848554727289
27-01-2026 13:30||NIFTY27JAN2625100PE,0.3155494614756135
27-01-2026 13:30||NIFTY27JAN2625400CE,0.4346550101008808
27-01-2026 13:30||NIFTY27JAN2626300CE,1.0981607702650291
27-01-2026 13:35||NIFTY27JAN2623900PE,1.1548846230651386
27-01-2026 13:35||NIFTY27JAN2624300PE,0.8506699018112253
27-01-2026 13:35||NIFTY27JAN2624400PE,0.7679708316803175
27-01-2026 13:35||NIFTY27JAN2624600PE,0.6244258939671419
27-01-2026 13:35||NIFTY27JAN2624800PE,0.5427632962579566
27-01-2026 13:35||NIFTY27JAN2625300CE,0.3521473916620899
27-01-2026 13:35||NIFTY27JAN2625600CE,0.5773508793153891
27-01-2026 13:35||NIFTY27JAN2626000CE,0.901867904235466
27-01-2026 13:35||NIFTY27JAN2626200CE,1.0595379921141064
27-01-2026 13:35||NIFTY27JAN2626300CE,1.1349675340354182
27-01-2026 13:35||NIFTY27JAN2626400CE,1.2101108151471347
27-01-2026 13:40||NIFTY27JAN2625500CE,0.5757213239557214
27-01-2026 13:40||NIFTY27JAN2626300CE,1.1965535554789886
27-01-2026 13:45||NIFTY27JAN2623800PE,1.249247129092957
27-01-2026 13:45||NIFTY27JAN2623900PE,1.1654987239431356
27-01-2026 13:45||NIFTY27JAN2624100PE,0.9990480492991064
27-01-2026 13:45||NIFTY27JAN2624700PE,0.4770326109060677
27-01-2026 13:45||NIFTY27JAN2625300CE,0.4708780239446116
27-01-2026 13:45||NIFTY27JAN2625600CE,0.6698835751589293
27-01-2026 13:45||NIFTY27JAN2625700CE,0.7492465313027049
27-01-2026 13:45||NIFTY27JAN2625800CE,0.8283012810153425
27-01-2026 13:45||NIFTY27JAN2625900CE,0.9070502088816634
27-01-2026 13:45||NIFTY27JAN2626000CE,0.9854956719188972
27-01-2026 13:45||NIFTY27JAN2626300CE,1.2151930813523757
27-01-2026 13:45||NIFTY27JAN2626400CE,1.278285808876784
27-01-2026 13:50||NIFTY27JAN2623900PE,1.2321591417608844
27-01-2026 13:50||NIFTY27JAN2624800PE,0.4528189513119771
27-01-2026 13:50||NIFTY27JAN2625000PE,0.3707058198555185
27-01-2026 13:50||NIFTY27JAN2626200CE,1.1703516988901643
27-01-2026 13:55||NIFTY27JAN2623800PE,1.3160675637334864
27-01-2026 13:55||NIFTY27JAN2624000PE,1.1540314249935617
27-01-2026 13:55||NIFTY27JAN2624100PE,1.0735190196688666
27-01-2026 13:55||NIFTY27JAN2624300PE,0.8890194123197177
27-01-2026 13:55||NIFTY27JAN2624400PE,0.7851272471508318
27-01-2026 13:55||NIFTY27JAN2624600PE,0.5850740848262839
27-01-2026 13:55||NIFTY27JAN2624900PE,0.3521698089541801
27-01-2026 13:55||NIFTY27JAN2625400CE,0.5231629236621521
27-01-2026 13:55||NIFTY27JAN2625700CE,0.8000356619470967
27-01-2026 14:00||NIFTY27JAN2623800PE,1.3945387434212104
27-01-2026 14:00||NIFTY27JAN2624300PE,0.9100562236905582
27-01-2026 14:00||NIFTY27JAN2624500PE,0.7078443871841903
27-01-2026 14:00||NIFTY27JAN2625000PE,0.3889492387968423
27-01-2026 14:00||NIFTY27JAN2625100PE,0.3594367643803577
27-01-2026 14:05||NIFTY27JAN2624000PE,1.1906193432417322
27-01-2026 14:05||NIFTY27JAN2624800PE,0.4001598987867945
27-01-2026 14:05||NIFTY27JAN2625400CE,0.5782506107286348
27-01-2026 14:05||NIFTY27JAN2625700CE,0.8762190991833664
27-01-2026 14:05||NIFTY27JAN2625800CE,0.9719948028664044
27-01-2026 14:05||NIFTY27JAN2626100CE,1.243884560432882
27-01-2026 14:05||NIFTY27JAN2626200CE,1.3277770758711869
27-01-2026 14:05||NIFTY27JAN2626400CE,1.4954139113648608
27-01-2026 14:10||NIFTY27JAN2623900PE,1.316056650286344
27-01-2026 14:10||NIFTY27JAN2624000PE,1.2299543176978276
27-01-2026 14:10||NIFTY27JAN2624600PE,0.6211968591553161
27-01-2026 14:10||NIFTY27JAN2625500CE,0.6659847946553777
27-01-2026 14:10||NIFTY27JAN2626000CE,1.1539906927778445
27-01-2026 14:10||NIFTY27JAN2626200CE,1.327512004161577
27-01-2026 14:15||NIFTY27JAN2624000PE,1.274443666156439
27-01-2026 14:15||NIFTY27JAN2624400PE,0.8385787084248952
27-01-2026 14:15||NIFTY27JAN2624900PE,0.3664548692087459
27-01-2026 14:15||NIFTY27JAN2625600CE,0.7813337896061946
27-01-2026 14:15||NIFTY27JAN2625800CE,0.9880234791540946
27-01-2026 14:20||NIFTY27JAN2624100PE,1.1893852482603249
27-01-2026 14:20||NIFTY27JAN2625500CE,0.6956684220900244
27-01-2026 14:20||NIFTY27JAN2626000CE,1.1954955006892136
27-01-2026 14:20||NIFTY27JAN2626100CE,1.2897179083517778
27-01-2026 14:20||NIFTY27JAN2626500CE,1.721305367678119
27-01-2026 14:25||NIFTY27JAN2623800PE,1.5753258321546184
27-01-2026 14:25||NIFTY27JAN2623900PE,1.458825470178836
27-01-2026 14:25||NIFTY27JAN2624000PE,1.3428115411934125
27-01-2026 14:25||NIFTY27JAN2624200PE,1.1122268516514515
27-01-2026 14:25||NIFTY27JAN2624300PE,0.9976481506229186
27-01-2026 14:25||NIFTY27JAN2624800PE,0.4247519910805587
27-01-2026 14:25||NIFTY27JAN2624900PE,0.321819870645685
27-01-2026 14:25||NIFTY27JAN2625000PE,0.2193003049065117
27-01-2026 14:25||NIFTY27JAN2625700CE,0.9476516250097804
27-01-2026 14:30||NIFTY27JAN2624000PE,1.4083516557194873
27-01-2026 14:30||NIFTY27JAN2624200PE,1.1982478711832922
27-01-2026 14:30||NIFTY27JAN2624600PE,0.6960260968616994
27-01-2026 14:30||NIFTY27JAN2625100PE,0.2449841722799042
27-01-2026 14:30||NIFTY27JAN2626400CE,1.767884848950803
27-01-2026 14:35||NIFTY27JAN2624000PE,1.4539845933147932
27-01-2026 14:35||NIFTY27JAN2624200PE,1.2542617451185687
27-01-2026 14:35||NIFTY27JAN2624900PE,0.3456557829255509
27-01-2026 14:35||NIFTY27JAN2625000PE,0.2250070750376696
27-01-2026 14:35||NIFTY27JAN2626200CE,1.5990813362938665
27-01-2026 14:40||NIFTY27JAN2624000PE,1.5710720306627015
27-01-2026 14:40||NIFTY27JAN2624800PE,0.5502165718125933
27-01-2026 14:40||NIFTY27JAN2626200CE,1.5298751150018384
27-01-2026 14:40||NIFTY27JAN2626400CE,1.734098267483711
27-01-2026 14:45||NIFTY27JAN2624000PE,1.6245197390472756
27-01-2026 14:45||NIFTY27JAN2624200PE,1.407049575690907
27-01-2026 14:45||NIFTY27JAN2624700PE,0.7353433999994518
27-01-2026 14:45||NIFTY27JAN2625400CE,0.5587109750707258
27-01-2026 14:45||NIFTY27JAN2626400CE,1.839233699020202
27-01-2026 14:45||NIFTY27JAN2626500CE,1.9664047742078516
27-01-2026 14:50||NIFTY27JAN2623800PE,2.0259875682047253
27-01-2026 14:50||NIFTY27JAN2624000PE,1.774318936744603
27-01-2026 14:50||NIFTY27JAN2624200PE,1.513099234738159
27-01-2026 14:50||NIFTY27JAN2624800PE,0.625082347943078
27-01-2026 14:50||NIFTY27JAN2625200CE,0.3085297808992446
27-01-2026 14:50||NIFTY27JAN2625900CE,1.2348207823894113
27-01-2026 14:55||NIFTY27JAN2623800PE,2.161533974181172
27-01-2026 14:55||NIFTY27JAN2624000PE,1.9637398223229767
27-01-2026 14:55||NIFTY27JAN2624800PE,0.7458079527427787
27-01-2026 14:55||NIFTY27JAN2625500CE,0.678099843880162
27-01-2026 14:55||NIFTY27JAN2625800CE,1.150727616974186
27-01-2026 14:55||NIFTY27JAN2626400CE,1.861392831816825
27-01-2026 15:00||NIFTY27JAN2624100PE,1.8366952067951252
27-01-2026 15:00||NIFTY27JAN2624700PE,0.8534535820769102
27-01-2026 15:00||NIFTY27JAN2625100PE,0.1318850120426233
27-01-2026 15:00||NIFTY27JAN2625400CE,0.5943612213281018
27-01-2026 15:05||NIFTY27JAN2624000PE,2.177738045395464
27-01-2026 15:05||NIFTY27JAN2624100PE,2.012057868067468
27-01-2026 15:05||NIFTY27JAN2624200PE,1.847063738986987
27-01-2026 15:05||NIFTY27JAN2624500PE,1.2792081827521364
27-01-2026 15:05||NIFTY27JAN2626300CE,2.0066606756173893
27-01-2026 15:10||NIFTY27JAN2623900PE,2.519216912110681
27-01-2026 15:10||NIFTY27JAN2624000PE,2.3279458018712686
27-01-2026 15:10||NIFTY27JAN2624900PE,0.6172922679533823
27-01-2026 15:10||NIFTY27JAN2625400CE,0.6183005522416969
27-01-2026 15:10||NIFTY27JAN2625600CE,0.9768231257454608
27-01-2026 15:10||NIFTY27JAN2625800CE,1.355893489482538
27-01-2026 15:10||NIFTY27JAN2626000CE,1.7733027893559985
27-01-2026 15:15||NIFTY27JAN2625000PE,0.4957117786180697
27-01-2026 15:15||NIFTY27JAN2625900CE,1.722489283162882
27-01-2026 15:15||NIFTY27JAN2626000CE,1.9719634799897492
27-01-2026 15:15||NIFTY27JAN2626400CE,2.706172567190773
27-01-2026 15:20||NIFTY27JAN2623800PE,3.948023393633642
27-01-2026 15:20||NIFTY27JAN2623900PE,3.675607978218472
27-01-2026 15:20||NIFTY27JAN2624900PE,0.9512502797005384
27-01-2026 15:20||NIFTY27JAN2625500CE,0.9508875993274424
27-01-2026 15:20||NIFTY27JAN2626000CE,2.328834799629691
27-01-2026 15:20||NIFTY27JAN2626300CE,3.072530173369102
27-01-2026 15:20||NIFTY27JAN2626400CE,3.382230532996148
27-01-2026 15:25||NIFTY27JAN2623800PE,5.7967100469579815
27-01-2026 15:25||NIFTY27JAN2624900PE,1.489303973736896
27-01-2026 15:25||NIFTY27JAN2625100PE,0.6897152080589655
27-01-2026 15:25||NIFTY27JAN2626100CE,3.3855053848186407
27-01-2026 15:25||NIFTY27JAN2626300CE,4.098314289541216
27-01-2026 15:25||NIFTY27JAN2626400CE,4.452688578531927
27-01-2026 15:25||NIFTY27JAN2626500CE,4.805723074952416
